date,year,month,day,week_of_year
2022-01-01,2022,January,1,52
2022-01-02,2022,January,2,52
2022-01-03,2022,January,3,1
2022-01-04,2022,January,4,1
2022-01-05,2022,January,5,1
2022-01-06,2022,January,6,1
2022-01-07,2022,January,7,1
2022-01-08,2022,January,8,1
2022-01-09,2022,January,9,1
2022-01-10,2022,January,10,2
2022-01-11,2022,January,11,2
2022-01-12,2022,January,12,2
2022-01-13,2022,January,13,2
2022-01-14,2022,January,14,2
2022-01-15,2022,January,15,2
2022-01-16,2022,January,16,2
2022-01-17,2022,January,17,3
2022-01-18,2022,January,18,3
2022-01-19,2022,January,19,3
2022-01-20,2022,January,20,3
2022-01-21,2022,January,21,3
2022-01-22,2022,January,22,3
2022-01-23,2022,January,23,3
2022-01-24,2022,January,24,4
2022-01-25,2022,January,25,4
2022-01-26,2022,January,26,4
2022-01-27,2022,January,27,4
2022-01-28,2022,January,28,4
2022-01-29,2022,January,29,4
2022-01-30,2022,January,30,4
2022-01-31,2022,January,31,5
2022-02-01,2022,February,1,5
2022-02-02,2022,February,2,5
2022-02-03,2022,February,3,5
2022-02-04,2022,February,4,5
2022-02-05,2022,February,5,5
2022-02-06,2022,February,6,5
2022-02-07,2022,February,7,6
2022-02-08,2022,February,8,6
2022-02-09,2022,February,9,6
2022-02-10,2022,February,10,6
2022-02-11,2022,February,11,6
2022-02-12,2022,February,12,6
2022-02-13,2022,February,13,6
2022-02-14,2022,February,14,7
2022-02-15,2022,February,15,7
2022-02-16,2022,February,16,7
2022-02-17,2022,February,17,7
2022-02-18,2022,February,18,7
2022-02-19,2022,February,19,7
2022-02-20,2022,February,20,7
2022-02-21,2022,February,21,8
2022-02-22,2022,February,22,8
2022-02-23,2022,February,23,8
2022-02-24,2022,February,24,8
2022-02-25,2022,February,25,8
2022-02-26,2022,February,26,8
2022-02-27,2022,February,27,8
2022-02-28,2022,February,28,9
2022-03-01,2022,March,1,9
2022-03-02,2022,March,2,9
2022-03-03,2022,March,3,9
2022-03-04,2022,March,4,9
2022-03-05,2022,March,5,9
2022-03-06,2022,March,6,9
2022-03-07,2022,March,7,10
2022-03-08,2022,March,8,10
2022-03-09,2022,March,9,10
2022-03-10,2022,March,10,10
2022-03-11,2022,March,11,10
2022-03-12,2022,March,12,10
2022-03-13,2022,March,13,10
2022-03-14,2022,March,14,11
2022-03-15,2022,March,15,11
2022-03-16,2022,March,16,11
2022-03-17,2022,March,17,11
2022-03-18,2022,March,18,11
2022-03-19,2022,March,19,11
2022-03-20,2022,March,20,11
2022-03-21,2022,March,21,12
2022-03-22,2022,March,22,12
2022-03-23,2022,March,23,12
2022-03-24,2022,March,24,12
2022-03-25,2022,March,25,12
2022-03-26,2022,March,26,12
2022-03-27,2022,March,27,12
2022-03-28,2022,March,28,13
2022-03-29,2022,March,29,13
2022-03-30,2022,March,30,13
2022-03-31,2022,March,31,13
2022-04-01,2022,April,1,13
2022-04-02,2022,April,2,13
2022-04-03,2022,April,3,13
2022-04-04,2022,April,4,14
2022-04-05,2022,April,5,14
2022-04-06,2022,April,6,14
2022-04-07,2022,April,7,14
2022-04-08,2022,April,8,14
2022-04-09,2022,April,9,14
2022-04-10,2022,April,10,14
2022-04-11,2022,April,11,15
2022-04-12,2022,April,12,15
2022-04-13,2022,April,13,15
2022-04-14,2022,April,14,15
2022-04-15,2022,April,15,15
2022-04-16,2022,April,16,15
2022-04-17,2022,April,17,15
2022-04-18,2022,April,18,16
2022-04-19,2022,April,19,16
2022-04-20,2022,April,20,16
2022-04-21,2022,April,21,16
2022-04-22,2022,April,22,16
2022-04-23,2022,April,23,16
2022-04-24,2022,April,24,16
2022-04-25,2022,April,25,17
2022-04-26,2022,April,26,17
2022-04-27,2022,April,27,17
2022-04-28,2022,April,28,17
2022-04-29,2022,April,29,17
2022-04-30,2022,April,30,17
2022-05-01,2022,May,1,17
2022-05-02,2022,May,2,18
2022-05-03,2022,May,3,18
2022-05-04,2022,May,4,18
2022-05-05,2022,May,5,18
2022-05-06,2022,May,6,18
2022-05-07,2022,May,7,18
2022-05-08,2022,May,8,18
2022-05-09,2022,May,9,19
2022-05-10,2022,May,10,19
2022-05-11,2022,May,11,19
2022-05-12,2022,May,12,19
2022-05-13,2022,May,13,19
2022-05-14,2022,May,14,19
2022-05-15,2022,May,15,19
2022-05-16,2022,May,16,20
2022-05-17,2022,May,17,20
2022-05-18,2022,May,18,20
2022-05-19,2022,May,19,20
2022-05-20,2022,May,20,20
2022-05-21,2022,May,21,20
2022-05-22,2022,May,22,20
2022-05-23,2022,May,23,21
2022-05-24,2022,May,24,21
2022-05-25,2022,May,25,21
2022-05-26,2022,May,26,21
2022-05-27,2022,May,27,21
2022-05-28,2022,May,28,21
2022-05-29,2022,May,29,21
2022-05-30,2022,May,30,22
2022-05-31,2022,May,31,22
2022-06-01,2022,June,1,22
2022-06-02,2022,June,2,22
2022-06-03,2022,June,3,22
2022-06-04,2022,June,4,22
2022-06-05,2022,June,5,22
2022-06-06,2022,June,6,23
2022-06-07,2022,June,7,23
2022-06-08,2022,June,8,23
2022-06-09,2022,June,9,23
2022-06-10,2022,June,10,23
2022-06-11,2022,June,11,23
2022-06-12,2022,June,12,23
2022-06-13,2022,June,13,24
2022-06-14,2022,June,14,24
2022-06-15,2022,June,15,24
2022-06-16,2022,June,16,24
2022-06-17,2022,June,17,24
2022-06-18,2022,June,18,24
2022-06-19,2022,June,19,24
2022-06-20,2022,June,20,25
2022-06-21,2022,June,21,25
2022-06-22,2022,June,22,25
2022-06-23,2022,June,23,25
2022-06-24,2022,June,24,25
2022-06-25,2022,June,25,25
2022-06-26,2022,June,26,25
2022-06-27,2022,June,27,26
2022-06-28,2022,June,28,26
2022-06-29,2022,June,29,26
2022-06-30,2022,June,30,26
2022-07-01,2022,July,1,26
2022-07-02,2022,July,2,26
2022-07-03,2022,July,3,26
2022-07-04,2022,July,4,27
2022-07-05,2022,July,5,27
2022-07-06,2022,July,6,27
2022-07-07,2022,July,7,27
2022-07-08,2022,July,8,27
2022-07-09,2022,July,9,27
2022-07-10,2022,July,10,27
2022-07-11,2022,July,11,28
2022-07-12,2022,July,12,28
2022-07-13,2022,July,13,28
2022-07-14,2022,July,14,28
2022-07-15,2022,July,15,28
2022-07-16,2022,July,16,28
2022-07-17,2022,July,17,28
2022-07-18,2022,July,18,29
2022-07-19,2022,July,19,29
2022-07-20,2022,July,20,29
2022-07-21,2022,July,21,29
2022-07-22,2022,July,22,29
2022-07-23,2022,July,23,29
2022-07-24,2022,July,24,29
2022-07-25,2022,July,25,30
2022-07-26,2022,July,26,30
2022-07-27,2022,July,27,30
2022-07-28,2022,July,28,30
2022-07-29,2022,July,29,30
2022-07-30,2022,July,30,30
2022-07-31,2022,July,31,30
2022-08-01,2022,August,1,31
2022-08-02,2022,August,2,31
2022-08-03,2022,August,3,31
2022-08-04,2022,August,4,31
2022-08-05,2022,August,5,31
2022-08-06,2022,August,6,31
2022-08-07,2022,August,7,31
2022-08-08,2022,August,8,32
2022-08-09,2022,August,9,32
2022-08-10,2022,August,10,32
2022-08-11,2022,August,11,32
2022-08-12,2022,August,12,32
2022-08-13,2022,August,13,32
2022-08-14,2022,August,14,32
2022-08-15,2022,August,15,33
2022-08-16,2022,August,16,33
2022-08-17,2022,August,17,33
2022-08-18,2022,August,18,33
2022-08-19,2022,August,19,33
2022-08-20,2022,August,20,33
2022-08-21,2022,August,21,33
2022-08-22,2022,August,22,34
2022-08-23,2022,August,23,34
2022-08-24,2022,August,24,34
2022-08-25,2022,August,25,34
2022-08-26,2022,August,26,34
2022-08-27,2022,August,27,34
2022-08-28,2022,August,28,34
2022-08-29,2022,August,29,35
2022-08-30,2022,August,30,35
2022-08-31,2022,August,31,35
2022-09-01,2022,September,1,35
2022-09-02,2022,September,2,35
2022-09-03,2022,September,3,35
2022-09-04,2022,September,4,35
2022-09-05,2022,September,5,36
2022-09-06,2022,September,6,36
2022-09-07,2022,September,7,36
2022-09-08,2022,September,8,36
2022-09-09,2022,September,9,36
2022-09-10,2022,September,10,36
2022-09-11,2022,September,11,36
2022-09-12,2022,September,12,37
2022-09-13,2022,September,13,37
2022-09-14,2022,September,14,37
2022-09-15,2022,September,15,37
2022-09-16,2022,September,16,37
2022-09-17,2022,September,17,37
2022-09-18,2022,September,18,37
2022-09-19,2022,September,19,38
2022-09-20,2022,September,20,38
2022-09-21,2022,September,21,38
2022-09-22,2022,September,22,38
2022-09-23,2022,September,23,38
2022-09-24,2022,September,24,38
2022-09-25,2022,September,25,38
2022-09-26,2022,September,26,39
2022-09-27,2022,September,27,39
2022-09-28,2022,September,28,39
2022-09-29,2022,September,29,39
2022-09-30,2022,September,30,39
2022-10-01,2022,October,1,39
2022-10-02,2022,October,2,39
2022-10-03,2022,October,3,40
2022-10-04,2022,October,4,40
2022-10-05,2022,October,5,40
2022-10-06,2022,October,6,40
2022-10-07,2022,October,7,40
2022-10-08,2022,October,8,40
2022-10-09,2022,October,9,40
2022-10-10,2022,October,10,41
2022-10-11,2022,October,11,41
2022-10-12,2022,October,12,41
2022-10-13,2022,October,13,41
2022-10-14,2022,October,14,41
2022-10-15,2022,October,15,41
2022-10-16,2022,October,16,41
2022-10-17,2022,October,17,42
2022-10-18,2022,October,18,42
2022-10-19,2022,October,19,42
2022-10-20,2022,October,20,42
2022-10-21,2022,October,21,42
2022-10-22,2022,October,22,42
2022-10-23,2022,October,23,42
2022-10-24,2022,October,24,43
2022-10-25,2022,October,25,43
2022-10-26,2022,October,26,43
2022-10-27,2022,October,27,43
2022-10-28,2022,October,28,43
2022-10-29,2022,October,29,43
2022-10-30,2022,October,30,43
2022-10-31,2022,October,31,44
2022-11-01,2022,November,1,44
2022-11-02,2022,November,2,44
2022-11-03,2022,November,3,44
2022-11-04,2022,November,4,44
2022-11-05,2022,November,5,44
2022-11-06,2022,November,6,44
2022-11-07,2022,November,7,45
2022-11-08,2022,November,8,45
2022-11-09,2022,November,9,45
2022-11-10,2022,November,10,45
2022-11-11,2022,November,11,45
2022-11-12,2022,November,12,45
2022-11-13,2022,November,13,45
2022-11-14,2022,November,14,46
2022-11-15,2022,November,15,46
2022-11-16,2022,November,16,46
2022-11-17,2022,November,17,46
2022-11-18,2022,November,18,46
2022-11-19,2022,November,19,46
2022-11-20,2022,November,20,46
2022-11-21,2022,November,21,47
2022-11-22,2022,November,22,47
2022-11-23,2022,November,23,47
2022-11-24,2022,November,24,47
2022-11-25,2022,November,25,47
2022-11-26,2022,November,26,47
2022-11-27,2022,November,27,47
2022-11-28,2022,November,28,48
2022-11-29,2022,November,29,48
2022-11-30,2022,November,30,48
2022-12-01,2022,December,1,48
2022-12-02,2022,December,2,48
2022-12-03,2022,December,3,48
2022-12-04,2022,December,4,48
2022-12-05,2022,December,5,49
2022-12-06,2022,December,6,49
2022-12-07,2022,December,7,49
2022-12-08,2022,December,8,49
2022-12-09,2022,December,9,49
2022-12-10,2022,December,10,49
2022-12-11,2022,December,11,49
2022-12-12,2022,December,12,50
2022-12-13,2022,December,13,50
2022-12-14,2022,December,14,50
2022-12-15,2022,December,15,50
2022-12-16,2022,December,16,50
2022-12-17,2022,December,17,50
2022-12-18,2022,December,18,50
2022-12-19,2022,December,19,51
2022-12-20,2022,December,20,51
2022-12-21,2022,December,21,51
2022-12-22,2022,December,22,51
2022-12-23,2022,December,23,51
2022-12-24,2022,December,24,51
2022-12-25,2022,December,25,51
2022-12-26,2022,December,26,52
2022-12-27,2022,December,27,52
2022-12-28,2022,December,28,52
2022-12-29,2022,December,29,52
2022-12-30,2022,December,30,52
2022-12-31,2022,December,31,52
2023-01-01,2023,January,1,52
2023-01-02,2023,January,2,1
2023-01-03,2023,January,3,1
2023-01-04,2023,January,4,1
2023-01-05,2023,January,5,1
2023-01-06,2023,January,6,1
2023-01-07,2023,January,7,1
2023-01-08,2023,January,8,1
2023-01-09,2023,January,9,2
2023-01-10,2023,January,10,2
2023-01-11,2023,January,11,2
2023-01-12,2023,January,12,2
2023-01-13,2023,January,13,2
2023-01-14,2023,January,14,2
2023-01-15,2023,January,15,2
2023-01-16,2023,January,16,3
2023-01-17,2023,January,17,3
2023-01-18,2023,January,18,3
2023-01-19,2023,January,19,3
2023-01-20,2023,January,20,3
2023-01-21,2023,January,21,3
2023-01-22,2023,January,22,3
2023-01-23,2023,January,23,4
2023-01-24,2023,January,24,4
2023-01-25,2023,January,25,4
2023-01-26,2023,January,26,4
2023-01-27,2023,January,27,4
2023-01-28,2023,January,28,4
2023-01-29,2023,January,29,4
2023-01-30,2023,January,30,5
2023-01-31,2023,January,31,5
2023-02-01,2023,February,1,5
2023-02-02,2023,February,2,5
2023-02-03,2023,February,3,5
2023-02-04,2023,February,4,5
2023-02-05,2023,February,5,5
2023-02-06,2023,February,6,6
2023-02-07,2023,February,7,6
2023-02-08,2023,February,8,6
2023-02-09,2023,February,9,6
2023-02-10,2023,February,10,6
2023-02-11,2023,February,11,6
2023-02-12,2023,February,12,6
2023-02-13,2023,February,13,7
2023-02-14,2023,February,14,7
2023-02-15,2023,February,15,7
2023-02-16,2023,February,16,7
2023-02-17,2023,February,17,7
2023-02-18,2023,February,18,7
2023-02-19,2023,February,19,7
2023-02-20,2023,February,20,8
2023-02-21,2023,February,21,8
2023-02-22,2023,February,22,8
2023-02-23,2023,February,23,8
2023-02-24,2023,February,24,8
2023-02-25,2023,February,25,8
2023-02-26,2023,February,26,8
2023-02-27,2023,February,27,9
2023-02-28,2023,February,28,9
2023-03-01,2023,March,1,9
2023-03-02,2023,March,2,9
2023-03-03,2023,March,3,9
2023-03-04,2023,March,4,9
2023-03-05,2023,March,5,9
2023-03-06,2023,March,6,10
2023-03-07,2023,March,7,10
2023-03-08,2023,March,8,10
2023-03-09,2023,March,9,10
2023-03-10,2023,March,10,10
2023-03-11,2023,March,11,10
2023-03-12,2023,March,12,10
2023-03-13,2023,March,13,11
2023-03-14,2023,March,14,11
2023-03-15,2023,March,15,11
2023-03-16,2023,March,16,11
2023-03-17,2023,March,17,11
2023-03-18,2023,March,18,11
2023-03-19,2023,March,19,11
2023-03-20,2023,March,20,12
2023-03-21,2023,March,21,12
2023-03-22,2023,March,22,12
2023-03-23,2023,March,23,12
2023-03-24,2023,March,24,12
2023-03-25,2023,March,25,12
2023-03-26,2023,March,26,12
2023-03-27,2023,March,27,13
2023-03-28,2023,March,28,13
2023-03-29,2023,March,29,13
2023-03-30,2023,March,30,13
2023-03-31,2023,March,31,13
2023-04-01,2023,April,1,13
2023-04-02,2023,April,2,13
2023-04-03,2023,April,3,14
2023-04-04,2023,April,4,14
2023-04-05,2023,April,5,14
2023-04-06,2023,April,6,14
2023-04-07,2023,April,7,14
2023-04-08,2023,April,8,14
2023-04-09,2023,April,9,14
2023-04-10,2023,April,10,15
2023-04-11,2023,April,11,15
2023-04-12,2023,April,12,15
2023-04-13,2023,April,13,15
2023-04-14,2023,April,14,15
2023-04-15,2023,April,15,15
2023-04-16,2023,April,16,15
2023-04-17,2023,April,17,16
2023-04-18,2023,April,18,16
2023-04-19,2023,April,19,16
2023-04-20,2023,April,20,16
2023-04-21,2023,April,21,16
2023-04-22,2023,April,22,16
2023-04-23,2023,April,23,16
2023-04-24,2023,April,24,17
2023-04-25,2023,April,25,17
2023-04-26,2023,April,26,17
2023-04-27,2023,April,27,17
2023-04-28,2023,April,28,17
2023-04-29,2023,April,29,17
2023-04-30,2023,April,30,17
2023-05-01,2023,May,1,18
2023-05-02,2023,May,2,18
2023-05-03,2023,May,3,18
2023-05-04,2023,May,4,18
2023-05-05,2023,May,5,18
2023-05-06,2023,May,6,18
2023-05-07,2023,May,7,18
2023-05-08,2023,May,8,19
2023-05-09,2023,May,9,19
2023-05-10,2023,May,10,19
2023-05-11,2023,May,11,19
2023-05-12,2023,May,12,19
2023-05-13,2023,May,13,19
2023-05-14,2023,May,14,19
2023-05-15,2023,May,15,20
2023-05-16,2023,May,16,20
2023-05-17,2023,May,17,20
2023-05-18,2023,May,18,20
2023-05-19,2023,May,19,20
2023-05-20,2023,May,20,20
2023-05-21,2023,May,21,20
2023-05-22,2023,May,22,21
2023-05-23,2023,May,23,21
2023-05-24,2023,May,24,21
2023-05-25,2023,May,25,21
2023-05-26,2023,May,26,21
2023-05-27,2023,May,27,21
2023-05-28,2023,May,28,21
2023-05-29,2023,May,29,22
2023-05-30,2023,May,30,22
2023-05-31,2023,May,31,22
2023-06-01,2023,June,1,22
2023-06-02,2023,June,2,22
2023-06-03,2023,June,3,22
2023-06-04,2023,June,4,22
2023-06-05,2023,June,5,23
2023-06-06,2023,June,6,23
2023-06-07,2023,June,7,23
2023-06-08,2023,June,8,23
2023-06-09,2023,June,9,23
2023-06-10,2023,June,10,23
2023-06-11,2023,June,11,23
2023-06-12,2023,June,12,24
2023-06-13,2023,June,13,24
2023-06-14,2023,June,14,24
2023-06-15,2023,June,15,24
2023-06-16,2023,June,16,24
2023-06-17,2023,June,17,24
2023-06-18,2023,June,18,24
2023-06-19,2023,June,19,25
2023-06-20,2023,June,20,25
2023-06-21,2023,June,21,25
2023-06-22,2023,June,22,25
2023-06-23,2023,June,23,25
2023-06-24,2023,June,24,25
2023-06-25,2023,June,25,25
2023-06-26,2023,June,26,26
2023-06-27,2023,June,27,26
2023-06-28,2023,June,28,26
2023-06-29,2023,June,29,26
2023-06-30,2023,June,30,26
2023-07-01,2023,July,1,26
2023-07-02,2023,July,2,26
2023-07-03,2023,July,3,27
2023-07-04,2023,July,4,27
2023-07-05,2023,July,5,27
2023-07-06,2023,July,6,27
2023-07-07,2023,July,7,27
2023-07-08,2023,July,8,27
2023-07-09,2023,July,9,27
2023-07-10,2023,July,10,28
2023-07-11,2023,July,11,28
2023-07-12,2023,July,12,28
2023-07-13,2023,July,13,28
2023-07-14,2023,July,14,28
2023-07-15,2023,July,15,28
2023-07-16,2023,July,16,28
2023-07-17,2023,July,17,29
2023-07-18,2023,July,18,29
2023-07-19,2023,July,19,29
2023-07-20,2023,July,20,29
2023-07-21,2023,July,21,29
2023-07-22,2023,July,22,29
2023-07-23,2023,July,23,29
2023-07-24,2023,July,24,30
2023-07-25,2023,July,25,30
2023-07-26,2023,July,26,30
2023-07-27,2023,July,27,30
2023-07-28,2023,July,28,30
2023-07-29,2023,July,29,30
2023-07-30,2023,July,30,30
2023-07-31,2023,July,31,31
2023-08-01,2023,August,1,31
2023-08-02,2023,August,2,31
2023-08-03,2023,August,3,31
2023-08-04,2023,August,4,31
2023-08-05,2023,August,5,31
2023-08-06,2023,August,6,31
2023-08-07,2023,August,7,32
2023-08-08,2023,August,8,32
2023-08-09,2023,August,9,32
2023-08-10,2023,August,10,32
2023-08-11,2023,August,11,32
2023-08-12,2023,August,12,32
2023-08-13,2023,August,13,32
2023-08-14,2023,August,14,33
2023-08-15,2023,August,15,33
2023-08-16,2023,August,16,33
2023-08-17,2023,August,17,33
2023-08-18,2023,August,18,33
2023-08-19,2023,August,19,33
2023-08-20,2023,August,20,33
2023-08-21,2023,August,21,34
2023-08-22,2023,August,22,34
2023-08-23,2023,August,23,34
2023-08-24,2023,August,24,34
2023-08-25,2023,August,25,34
2023-08-26,2023,August,26,34
2023-08-27,2023,August,27,34
2023-08-28,2023,August,28,35
2023-08-29,2023,August,29,35
2023-08-30,2023,August,30,35
2023-08-31,2023,August,31,35
2023-09-01,2023,September,1,35
2023-09-02,2023,September,2,35
2023-09-03,2023,September,3,35
2023-09-04,2023,September,4,36
2023-09-05,2023,September,5,36
2023-09-06,2023,September,6,36
2023-09-07,2023,September,7,36
2023-09-08,2023,September,8,36
2023-09-09,2023,September,9,36
2023-09-10,2023,September,10,36
2023-09-11,2023,September,11,37
2023-09-12,2023,September,12,37
2023-09-13,2023,September,13,37
2023-09-14,2023,September,14,37
2023-09-15,2023,September,15,37
2023-09-16,2023,September,16,37
2023-09-17,2023,September,17,37
2023-09-18,2023,September,18,38
2023-09-19,2023,September,19,38
2023-09-20,2023,September,20,38
2023-09-21,2023,September,21,38
2023-09-22,2023,September,22,38
2023-09-23,2023,September,23,38
2023-09-24,2023,September,24,38
2023-09-25,2023,September,25,39
2023-09-26,2023,September,26,39
2023-09-27,2023,September,27,39
2023-09-28,2023,September,28,39
2023-09-29,2023,September,29,39
2023-09-30,2023,September,30,39
2023-10-01,2023,October,1,39
2023-10-02,2023,October,2,40
2023-10-03,2023,October,3,40
2023-10-04,2023,October,4,40
2023-10-05,2023,October,5,40
2023-10-06,2023,October,6,40
2023-10-07,2023,October,7,40
2023-10-08,2023,October,8,40
2023-10-09,2023,October,9,41
2023-10-10,2023,October,10,41
2023-10-11,2023,October,11,41
2023-10-12,2023,October,12,41
2023-10-13,2023,October,13,41
2023-10-14,2023,October,14,41
2023-10-15,2023,October,15,41
2023-10-16,2023,October,16,42
2023-10-17,2023,October,17,42
2023-10-18,2023,October,18,42
2023-10-19,2023,October,19,42
2023-10-20,2023,October,20,42
2023-10-21,2023,October,21,42
2023-10-22,2023,October,22,42
2023-10-23,2023,October,23,43
2023-10-24,2023,October,24,43
2023-10-25,2023,October,25,43
2023-10-26,2023,October,26,43
2023-10-27,2023,October,27,43
2023-10-28,2023,October,28,43
2023-10-29,2023,October,29,43
2023-10-30,2023,October,30,44
2023-10-31,2023,October,31,44
2023-11-01,2023,November,1,44
2023-11-02,2023,November,2,44
2023-11-03,2023,November,3,44
2023-11-04,2023,November,4,44
2023-11-05,2023,November,5,44
2023-11-06,2023,November,6,45
2023-11-07,2023,November,7,45
2023-11-08,2023,November,8,45
2023-11-09,2023,November,9,45
2023-11-10,2023,November,10,45
2023-11-11,2023,November,11,45
2023-11-12,2023,November,12,45
2023-11-13,2023,November,13,46
2023-11-14,2023,November,14,46
2023-11-15,2023,November,15,46
2023-11-16,2023,November,16,46
2023-11-17,2023,November,17,46
2023-11-18,2023,November,18,46
2023-11-19,2023,November,19,46
2023-11-20,2023,November,20,47
2023-11-21,2023,November,21,47
2023-11-22,2023,November,22,47
2023-11-23,2023,November,23,47
2023-11-24,2023,November,24,47
2023-11-25,2023,November,25,47
2023-11-26,2023,November,26,47
2023-11-27,2023,November,27,48
2023-11-28,2023,November,28,48
2023-11-29,2023,November,29,48
2023-11-30,2023,November,30,48
2023-12-01,2023,December,1,48
2023-12-02,2023,December,2,48
2023-12-03,2023,December,3,48
2023-12-04,2023,December,4,49
2023-12-05,2023,December,5,49
2023-12-06,2023,December,6,49
2023-12-07,2023,December,7,49
2023-12-08,2023,December,8,49
2023-12-09,2023,December,9,49
2023-12-10,2023,December,10,49
2023-12-11,2023,December,11,50
2023-12-12,2023,December,12,50
2023-12-13,2023,December,13,50
2023-12-14,2023,December,14,50
2023-12-15,2023,December,15,50
2023-12-16,2023,December,16,50
2023-12-17,2023,December,17,50
2023-12-18,2023,December,18,51
2023-12-19,2023,December,19,51
2023-12-20,2023,December,20,51
2023-12-21,2023,December,21,51
2023-12-22,2023,December,22,51
2023-12-23,2023,December,23,51
2023-12-24,2023,December,24,51
2023-12-25,2023,December,25,52
2023-12-26,2023,December,26,52
2023-12-27,2023,December,27,52
2023-12-28,2023,December,28,52
2023-12-29,2023,December,29,52
2023-12-30,2023,December,30,52
2023-12-31,2023,December,31,52
2024-01-01,2024,January,1,1
2024-01-02,2024,January,2,1
2024-01-03,2024,January,3,1
2024-01-04,2024,January,4,1
2024-01-05,2024,January,5,1
2024-01-06,2024,January,6,1
2024-01-07,2024,January,7,1
2024-01-08,2024,January,8,2
2024-01-09,2024,January,9,2
2024-01-10,2024,January,10,2
2024-01-11,2024,January,11,2
2024-01-12,2024,January,12,2
2024-01-13,2024,January,13,2
2024-01-14,2024,January,14,2
2024-01-15,2024,January,15,3
2024-01-16,2024,January,16,3
2024-01-17,2024,January,17,3
2024-01-18,2024,January,18,3
2024-01-19,2024,January,19,3
2024-01-20,2024,January,20,3
2024-01-21,2024,January,21,3
2024-01-22,2024,January,22,4
2024-01-23,2024,January,23,4
2024-01-24,2024,January,24,4
2024-01-25,2024,January,25,4
2024-01-26,2024,January,26,4
2024-01-27,2024,January,27,4
2024-01-28,2024,January,28,4
2024-01-29,2024,January,29,5
2024-01-30,2024,January,30,5
2024-01-31,2024,January,31,5
2024-02-01,2024,February,1,5
2024-02-02,2024,February,2,5
2024-02-03,2024,February,3,5
2024-02-04,2024,February,4,5
2024-02-05,2024,February,5,6
2024-02-06,2024,February,6,6
2024-02-07,2024,February,7,6
2024-02-08,2024,February,8,6
2024-02-09,2024,February,9,6
2024-02-10,2024,February,10,6
2024-02-11,2024,February,11,6
2024-02-12,2024,February,12,7
2024-02-13,2024,February,13,7
2024-02-14,2024,February,14,7
2024-02-15,2024,February,15,7
2024-02-16,2024,February,16,7
2024-02-17,2024,February,17,7
2024-02-18,2024,February,18,7
2024-02-19,2024,February,19,8
2024-02-20,2024,February,20,8
2024-02-21,2024,February,21,8
2024-02-22,2024,February,22,8
2024-02-23,2024,February,23,8
2024-02-24,2024,February,24,8
2024-02-25,2024,February,25,8
2024-02-26,2024,February,26,9
2024-02-27,2024,February,27,9
2024-02-28,2024,February,28,9
2024-02-29,2024,February,29,9
2024-03-01,2024,March,1,9
2024-03-02,2024,March,2,9
2024-03-03,2024,March,3,9
2024-03-04,2024,March,4,10
2024-03-05,2024,March,5,10
2024-03-06,2024,March,6,10
2024-03-07,2024,March,7,10
2024-03-08,2024,March,8,10
2024-03-09,2024,March,9,10
2024-03-10,2024,March,10,10
2024-03-11,2024,March,11,11
2024-03-12,2024,March,12,11
2024-03-13,2024,March,13,11
2024-03-14,2024,March,14,11
2024-03-15,2024,March,15,11
2024-03-16,2024,March,16,11
2024-03-17,2024,March,17,11
2024-03-18,2024,March,18,12
2024-03-19,2024,March,19,12
2024-03-20,2024,March,20,12
2024-03-21,2024,March,21,12
2024-03-22,2024,March,22,12
2024-03-23,2024,March,23,12
2024-03-24,2024,March,24,12
2024-03-25,2024,March,25,13
2024-03-26,2024,March,26,13
2024-03-27,2024,March,27,13
2024-03-28,2024,March,28,13
2024-03-29,2024,March,29,13
2024-03-30,2024,March,30,13
2024-03-31,2024,March,31,13
2024-04-01,2024,April,1,14
2024-04-02,2024,April,2,14
2024-04-03,2024,April,3,14
2024-04-04,2024,April,4,14
2024-04-05,2024,April,5,14
2024-04-06,2024,April,6,14
2024-04-07,2024,April,7,14
2024-04-08,2024,April,8,15
2024-04-09,2024,April,9,15
2024-04-10,2024,April,10,15
2024-04-11,2024,April,11,15
2024-04-12,2024,April,12,15
2024-04-13,2024,April,13,15
2024-04-14,2024,April,14,15
2024-04-15,2024,April,15,16
2024-04-16,2024,April,16,16
2024-04-17,2024,April,17,16
2024-04-18,2024,April,18,16
2024-04-19,2024,April,19,16
2024-04-20,2024,April,20,16
2024-04-21,2024,April,21,16
2024-04-22,2024,April,22,17
2024-04-23,2024,April,23,17
2024-04-24,2024,April,24,17
2024-04-25,2024,April,25,17
2024-04-26,2024,April,26,17
2024-04-27,2024,April,27,17
2024-04-28,2024,April,28,17
2024-04-29,2024,April,29,18
2024-04-30,2024,April,30,18
2024-05-01,2024,May,1,18
2024-05-02,2024,May,2,18
2024-05-03,2024,May,3,18
2024-05-04,2024,May,4,18
2024-05-05,2024,May,5,18
2024-05-06,2024,May,6,19
2024-05-07,2024,May,7,19
2024-05-08,2024,May,8,19
2024-05-09,2024,May,9,19
2024-05-10,2024,May,10,19
2024-05-11,2024,May,11,19
2024-05-12,2024,May,12,19
2024-05-13,2024,May,13,20
2024-05-14,2024,May,14,20
2024-05-15,2024,May,15,20
2024-05-16,2024,May,16,20
2024-05-17,2024,May,17,20
2024-05-18,2024,May,18,20
2024-05-19,2024,May,19,20
2024-05-20,2024,May,20,21
2024-05-21,2024,May,21,21
2024-05-22,2024,May,22,21
2024-05-23,2024,May,23,21
2024-05-24,2024,May,24,21
2024-05-25,2024,May,25,21
2024-05-26,2024,May,26,21
2024-05-27,2024,May,27,22
2024-05-28,2024,May,28,22
2024-05-29,2024,May,29,22
2024-05-30,2024,May,30,22
2024-05-31,2024,May,31,22
2024-06-01,2024,June,1,22
2024-06-02,2024,June,2,22
2024-06-03,2024,June,3,23
2024-06-04,2024,June,4,23
2024-06-05,2024,June,5,23
2024-06-06,2024,June,6,23
2024-06-07,2024,June,7,23
2024-06-08,2024,June,8,23
2024-06-09,2024,June,9,23
2024-06-10,2024,June,10,24
2024-06-11,2024,June,11,24
2024-06-12,2024,June,12,24
2024-06-13,2024,June,13,24
2024-06-14,2024,June,14,24
2024-06-15,2024,June,15,24
2024-06-16,2024,June,16,24
2024-06-17,2024,June,17,25
2024-06-18,2024,June,18,25
2024-06-19,2024,June,19,25
2024-06-20,2024,June,20,25
2024-06-21,2024,June,21,25
2024-06-22,2024,June,22,25
2024-06-23,2024,June,23,25
2024-06-24,2024,June,24,26
2024-06-25,2024,June,25,26
2024-06-26,2024,June,26,26
2024-06-27,2024,June,27,26
2024-06-28,2024,June,28,26
2024-06-29,2024,June,29,26
2024-06-30,2024,June,30,26
2024-07-01,2024,July,1,27
2024-07-02,2024,July,2,27
2024-07-03,2024,July,3,27
2024-07-04,2024,July,4,27
2024-07-05,2024,July,5,27
2024-07-06,2024,July,6,27
2024-07-07,2024,July,7,27
2024-07-08,2024,July,8,28
2024-07-09,2024,July,9,28
2024-07-10,2024,July,10,28
2024-07-11,2024,July,11,28
2024-07-12,2024,July,12,28
2024-07-13,2024,July,13,28
2024-07-14,2024,July,14,28
2024-07-15,2024,July,15,29
2024-07-16,2024,July,16,29
2024-07-17,2024,July,17,29
2024-07-18,2024,July,18,29
2024-07-19,2024,July,19,29
2024-07-20,2024,July,20,29
2024-07-21,2024,July,21,29
2024-07-22,2024,July,22,30
2024-07-23,2024,July,23,30
2024-07-24,2024,July,24,30
2024-07-25,2024,July,25,30
2024-07-26,2024,July,26,30
2024-07-27,2024,July,27,30
2024-07-28,2024,July,28,30
2024-07-29,2024,July,29,31
2024-07-30,2024,July,30,31
2024-07-31,2024,July,31,31
2024-08-01,2024,August,1,31
2024-08-02,2024,August,2,31
2024-08-03,2024,August,3,31
2024-08-04,2024,August,4,31
2024-08-05,2024,August,5,32
2024-08-06,2024,August,6,32
2024-08-07,2024,August,7,32
2024-08-08,2024,August,8,32
2024-08-09,2024,August,9,32
2024-08-10,2024,August,10,32
2024-08-11,2024,August,11,32
2024-08-12,2024,August,12,33
2024-08-13,2024,August,13,33
2024-08-14,2024,August,14,33
2024-08-15,2024,August,15,33
2024-08-16,2024,August,16,33
2024-08-17,2024,August,17,33
2024-08-18,2024,August,18,33
2024-08-19,2024,August,19,34
2024-08-20,2024,August,20,34
2024-08-21,2024,August,21,34
2024-08-22,2024,August,22,34
2024-08-23,2024,August,23,34
2024-08-24,2024,August,24,34
2024-08-25,2024,August,25,34
2024-08-26,2024,August,26,35
2024-08-27,2024,August,27,35
2024-08-28,2024,August,28,35
2024-08-29,2024,August,29,35
2024-08-30,2024,August,30,35
2024-08-31,2024,August,31,35
2024-09-01,2024,September,1,35
2024-09-02,2024,September,2,36
2024-09-03,2024,September,3,36
2024-09-04,2024,September,4,36
2024-09-05,2024,September,5,36
2024-09-06,2024,September,6,36
2024-09-07,2024,September,7,36
2024-09-08,2024,September,8,36
2024-09-09,2024,September,9,37
2024-09-10,2024,September,10,37
2024-09-11,2024,September,11,37
2024-09-12,2024,September,12,37
2024-09-13,2024,September,13,37
2024-09-14,2024,September,14,37
2024-09-15,2024,September,15,37
2024-09-16,2024,September,16,38
2024-09-17,2024,September,17,38
2024-09-18,2024,September,18,38
2024-09-19,2024,September,19,38
2024-09-20,2024,September,20,38
2024-09-21,2024,September,21,38
2024-09-22,2024,September,22,38
2024-09-23,2024,September,23,39
2024-09-24,2024,September,24,39
2024-09-25,2024,September,25,39
2024-09-26,2024,September,26,39
2024-09-27,2024,September,27,39
2024-09-28,2024,September,28,39
2024-09-29,2024,September,29,39
2024-09-30,2024,September,30,40
2024-10-01,2024,October,1,40
2024-10-02,2024,October,2,40
2024-10-03,2024,October,3,40
2024-10-04,2024,October,4,40
2024-10-05,2024,October,5,40
2024-10-06,2024,October,6,40
2024-10-07,2024,October,7,41
2024-10-08,2024,October,8,41
2024-10-09,2024,October,9,41
2024-10-10,2024,October,10,41
2024-10-11,2024,October,11,41
2024-10-12,2024,October,12,41
2024-10-13,2024,October,13,41
2024-10-14,2024,October,14,42
2024-10-15,2024,October,15,42
2024-10-16,2024,October,16,42
2024-10-17,2024,October,17,42
2024-10-18,2024,October,18,42
2024-10-19,2024,October,19,42
2024-10-20,2024,October,20,42
2024-10-21,2024,October,21,43
2024-10-22,2024,October,22,43
2024-10-23,2024,October,23,43
2024-10-24,2024,October,24,43
2024-10-25,2024,October,25,43
2024-10-26,2024,October,26,43
2024-10-27,2024,October,27,43
2024-10-28,2024,October,28,44
2024-10-29,2024,October,29,44
2024-10-30,2024,October,30,44
2024-10-31,2024,October,31,44
2024-11-01,2024,November,1,44
2024-11-02,2024,November,2,44
2024-11-03,2024,November,3,44
2024-11-04,2024,November,4,45
2024-11-05,2024,November,5,45
2024-11-06,2024,November,6,45
2024-11-07,2024,November,7,45
2024-11-08,2024,November,8,45
2024-11-09,2024,November,9,45
2024-11-10,2024,November,10,45
2024-11-11,2024,November,11,46
2024-11-12,2024,November,12,46
2024-11-13,2024,November,13,46
2024-11-14,2024,November,14,46
2024-11-15,2024,November,15,46
2024-11-16,2024,November,16,46
2024-11-17,2024,November,17,46
2024-11-18,2024,November,18,47
2024-11-19,2024,November,19,47
2024-11-20,2024,November,20,47
2024-11-21,2024,November,21,47
2024-11-22,2024,November,22,47
2024-11-23,2024,November,23,47
2024-11-24,2024,November,24,47
2024-11-25,2024,November,25,48
2024-11-26,2024,November,26,48
2024-11-27,2024,November,27,48
2024-11-28,2024,November,28,48
2024-11-29,2024,November,29,48
2024-11-30,2024,November,30,48
2024-12-01,2024,December,1,48
2024-12-02,2024,December,2,49
2024-12-03,2024,December,3,49
2024-12-04,2024,December,4,49
2024-12-05,2024,December,5,49
2024-12-06,2024,December,6,49
2024-12-07,2024,December,7,49
2024-12-08,2024,December,8,49
2024-12-09,2024,December,9,50
2024-12-10,2024,December,10,50
2024-12-11,2024,December,11,50
2024-12-12,2024,December,12,50
2024-12-13,2024,December,13,50
2024-12-14,2024,December,14,50
2024-12-15,2024,December,15,50
2024-12-16,2024,December,16,51
2024-12-17,2024,December,17,51
2024-12-18,2024,December,18,51
2024-12-19,2024,December,19,51
2024-12-20,2024,December,20,51
2024-12-21,2024,December,21,51
2024-12-22,2024,December,22,51
2024-12-23,2024,December,23,52
2024-12-24,2024,December,24,52
2024-12-25,2024,December,25,52
2024-12-26,2024,December,26,52
2024-12-27,2024,December,27,52
2024-12-28,2024,December,28,52
2024-12-29,2024,December,29,52
2024-12-30,2024,December,30,1
2024-12-31,2024,December,31,1
2025-01-01,2025,January,1,1
2025-01-02,2025,January,2,1
2025-01-03,2025,January,3,1
2025-01-04,2025,January,4,1
2025-01-05,2025,January,5,1
2025-01-06,2025,January,6,2
2025-01-07,2025,January,7,2
2025-01-08,2025,January,8,2
2025-01-09,2025,January,9,2
2025-01-10,2025,January,10,2
2025-01-11,2025,January,11,2
2025-01-12,2025,January,12,2
2025-01-13,2025,January,13,3
2025-01-14,2025,January,14,3
2025-01-15,2025,January,15,3
2025-01-16,2025,January,16,3
2025-01-17,2025,January,17,3
2025-01-18,2025,January,18,3
2025-01-19,2025,January,19,3
2025-01-20,2025,January,20,4
2025-01-21,2025,January,21,4
2025-01-22,2025,January,22,4
2025-01-23,2025,January,23,4
2025-01-24,2025,January,24,4
2025-01-25,2025,January,25,4
2025-01-26,2025,January,26,4
2025-01-27,2025,January,27,5
2025-01-28,2025,January,28,5
2025-01-29,2025,January,29,5
2025-01-30,2025,January,30,5
2025-01-31,2025,January,31,5
2025-02-01,2025,February,1,5
2025-02-02,2025,February,2,5
2025-02-03,2025,February,3,6
2025-02-04,2025,February,4,6
2025-02-05,2025,February,5,6
2025-02-06,2025,February,6,6
2025-02-07,2025,February,7,6
2025-02-08,2025,February,8,6
2025-02-09,2025,February,9,6
2025-02-10,2025,February,10,7
2025-02-11,2025,February,11,7
2025-02-12,2025,February,12,7
2025-02-13,2025,February,13,7
2025-02-14,2025,February,14,7
2025-02-15,2025,February,15,7
2025-02-16,2025,February,16,7
2025-02-17,2025,February,17,8
2025-02-18,2025,February,18,8
2025-02-19,2025,February,19,8
2025-02-20,2025,February,20,8
2025-02-21,2025,February,21,8
2025-02-22,2025,February,22,8
2025-02-23,2025,February,23,8
2025-02-24,2025,February,24,9
2025-02-25,2025,February,25,9
2025-02-26,2025,February,26,9
2025-02-27,2025,February,27,9
2025-02-28,2025,February,28,9
2025-03-01,2025,March,1,9
2025-03-02,2025,March,2,9
2025-03-03,2025,March,3,10
2025-03-04,2025,March,4,10
2025-03-05,2025,March,5,10
2025-03-06,2025,March,6,10
2025-03-07,2025,March,7,10
2025-03-08,2025,March,8,10
2025-03-09,2025,March,9,10
2025-03-10,2025,March,10,11
2025-03-11,2025,March,11,11
2025-03-12,2025,March,12,11
2025-03-13,2025,March,13,11
2025-03-14,2025,March,14,11
2025-03-15,2025,March,15,11
2025-03-16,2025,March,16,11
2025-03-17,2025,March,17,12
2025-03-18,2025,March,18,12
2025-03-19,2025,March,19,12
2025-03-20,2025,March,20,12
2025-03-21,2025,March,21,12
2025-03-22,2025,March,22,12
2025-03-23,2025,March,23,12
2025-03-24,2025,March,24,13
2025-03-25,2025,March,25,13
2025-03-26,2025,March,26,13
2025-03-27,2025,March,27,13
2025-03-28,2025,March,28,13
2025-03-29,2025,March,29,13
2025-03-30,2025,March,30,13
2025-03-31,2025,March,31,14
2025-04-01,2025,April,1,14
2025-04-02,2025,April,2,14
2025-04-03,2025,April,3,14
2025-04-04,2025,April,4,14
2025-04-05,2025,April,5,14
2025-04-06,2025,April,6,14
2025-04-07,2025,April,7,15
2025-04-08,2025,April,8,15
2025-04-09,2025,April,9,15
2025-04-10,2025,April,10,15
2025-04-11,2025,April,11,15
2025-04-12,2025,April,12,15
2025-04-13,2025,April,13,15
2025-04-14,2025,April,14,16
2025-04-15,2025,April,15,16
2025-04-16,2025,April,16,16
2025-04-17,2025,April,17,16
2025-04-18,2025,April,18,16
2025-04-19,2025,April,19,16
2025-04-20,2025,April,20,16
2025-04-21,2025,April,21,17
2025-04-22,2025,April,22,17
2025-04-23,2025,April,23,17
2025-04-24,2025,April,24,17
2025-04-25,2025,April,25,17
2025-04-26,2025,April,26,17
2025-04-27,2025,April,27,17
2025-04-28,2025,April,28,18
2025-04-29,2025,April,29,18
2025-04-30,2025,April,30,18
2025-05-01,2025,May,1,18
2025-05-02,2025,May,2,18
2025-05-03,2025,May,3,18
2025-05-04,2025,May,4,18
2025-05-05,2025,May,5,19
2025-05-06,2025,May,6,19
2025-05-07,2025,May,7,19
2025-05-08,2025,May,8,19
2025-05-09,2025,May,9,19
2025-05-10,2025,May,10,19
2025-05-11,2025,May,11,19
2025-05-12,2025,May,12,20
2025-05-13,2025,May,13,20
2025-05-14,2025,May,14,20
2025-05-15,2025,May,15,20
2025-05-16,2025,May,16,20
2025-05-17,2025,May,17,20
2025-05-18,2025,May,18,20
2025-05-19,2025,May,19,21
2025-05-20,2025,May,20,21
2025-05-21,2025,May,21,21
2025-05-22,2025,May,22,21
2025-05-23,2025,May,23,21
2025-05-24,2025,May,24,21
2025-05-25,2025,May,25,21
2025-05-26,2025,May,26,22
2025-05-27,2025,May,27,22
2025-05-28,2025,May,28,22
2025-05-29,2025,May,29,22
2025-05-30,2025,May,30,22
2025-05-31,2025,May,31,22
2025-06-01,2025,June,1,22
2025-06-02,2025,June,2,23
2025-06-03,2025,June,3,23
2025-06-04,2025,June,4,23
2025-06-05,2025,June,5,23
2025-06-06,2025,June,6,23
2025-06-07,2025,June,7,23
2025-06-08,2025,June,8,23
2025-06-09,2025,June,9,24
2025-06-10,2025,June,10,24
2025-06-11,2025,June,11,24
2025-06-12,2025,June,12,24
2025-06-13,2025,June,13,24
2025-06-14,2025,June,14,24
2025-06-15,2025,June,15,24
2025-06-16,2025,June,16,25
2025-06-17,2025,June,17,25
2025-06-18,2025,June,18,25
2025-06-19,2025,June,19,25
2025-06-20,2025,June,20,25
2025-06-21,2025,June,21,25
2025-06-22,2025,June,22,25
2025-06-23,2025,June,23,26
2025-06-24,2025,June,24,26
2025-06-25,2025,June,25,26
2025-06-26,2025,June,26,26
2025-06-27,2025,June,27,26
2025-06-28,2025,June,28,26
2025-06-29,2025,June,29,26
2025-06-30,2025,June,30,27
2025-07-01,2025,July,1,27
2025-07-02,2025,July,2,27
2025-07-03,2025,July,3,27
2025-07-04,2025,July,4,27
2025-07-05,2025,July,5,27
2025-07-06,2025,July,6,27
2025-07-07,2025,July,7,28
2025-07-08,2025,July,8,28
2025-07-09,2025,July,9,28
2025-07-10,2025,July,10,28
2025-07-11,2025,July,11,28
2025-07-12,2025,July,12,28
2025-07-13,2025,July,13,28
2025-07-14,2025,July,14,29
2025-07-15,2025,July,15,29
2025-07-16,2025,July,16,29
2025-07-17,2025,July,17,29
2025-07-18,2025,July,18,29
2025-07-19,2025,July,19,29
2025-07-20,2025,July,20,29
2025-07-21,2025,July,21,30
2025-07-22,2025,July,22,30
2025-07-23,2025,July,23,30
2025-07-24,2025,July,24,30
2025-07-25,2025,July,25,30
2025-07-26,2025,July,26,30
2025-07-27,2025,July,27,30
2025-07-28,2025,July,28,31
2025-07-29,2025,July,29,31
2025-07-30,2025,July,30,31
2025-07-31,2025,July,31,31
2025-08-01,2025,August,1,31
2025-08-02,2025,August,2,31
2025-08-03,2025,August,3,31
2025-08-04,2025,August,4,32
2025-08-05,2025,August,5,32
2025-08-06,2025,August,6,32
2025-08-07,2025,August,7,32
2025-08-08,2025,August,8,32
2025-08-09,2025,August,9,32
2025-08-10,2025,August,10,32
2025-08-11,2025,August,11,33
2025-08-12,2025,August,12,33
2025-08-13,2025,August,13,33
2025-08-14,2025,August,14,33
2025-08-15,2025,August,15,33
2025-08-16,2025,August,16,33
2025-08-17,2025,August,17,33
2025-08-18,2025,August,18,34
2025-08-19,2025,August,19,34
2025-08-20,2025,August,20,34
2025-08-21,2025,August,21,34
2025-08-22,2025,August,22,34
2025-08-23,2025,August,23,34
2025-08-24,2025,August,24,34
2025-08-25,2025,August,25,35
2025-08-26,2025,August,26,35
2025-08-27,2025,August,27,35
2025-08-28,2025,August,28,35
2025-08-29,2025,August,29,35
2025-08-30,2025,August,30,35
2025-08-31,2025,August,31,35
2025-09-01,2025,September,1,36
2025-09-02,2025,September,2,36
2025-09-03,2025,September,3,36
2025-09-04,2025,September,4,36
2025-09-05,2025,September,5,36
2025-09-06,2025,September,6,36
2025-09-07,2025,September,7,36
2025-09-08,2025,September,8,37
2025-09-09,2025,September,9,37
2025-09-10,2025,September,10,37
2025-09-11,2025,September,11,37
2025-09-12,2025,September,12,37
2025-09-13,2025,September,13,37
2025-09-14,2025,September,14,37
2025-09-15,2025,September,15,38
2025-09-16,2025,September,16,38
2025-09-17,2025,September,17,38
2025-09-18,2025,September,18,38
2025-09-19,2025,September,19,38
2025-09-20,2025,September,20,38
2025-09-21,2025,September,21,38
2025-09-22,2025,September,22,39
2025-09-23,2025,September,23,39
2025-09-24,2025,September,24,39
2025-09-25,2025,September,25,39
2025-09-26,2025,September,26,39
2025-09-27,2025,September,27,39
2025-09-28,2025,September,28,39
2025-09-29,2025,September,29,40
2025-09-30,2025,September,30,40
2025-10-01,2025,October,1,40
2025-10-02,2025,October,2,40
2025-10-03,2025,October,3,40
2025-10-04,2025,October,4,40
2025-10-05,2025,October,5,40
2025-10-06,2025,October,6,41
2025-10-07,2025,October,7,41
2025-10-08,2025,October,8,41
2025-10-09,2025,October,9,41
2025-10-10,2025,October,10,41
2025-10-11,2025,October,11,41
2025-10-12,2025,October,12,41
2025-10-13,2025,October,13,42
2025-10-14,2025,October,14,42
2025-10-15,2025,October,15,42
2025-10-16,2025,October,16,42
2025-10-17,2025,October,17,42
2025-10-18,2025,October,18,42
2025-10-19,2025,October,19,42
2025-10-20,2025,October,20,43
2025-10-21,2025,October,21,43
2025-10-22,2025,October,22,43
2025-10-23,2025,October,23,43
2025-10-24,2025,October,24,43
2025-10-25,2025,October,25,43
2025-10-26,2025,October,26,43
2025-10-27,2025,October,27,44
2025-10-28,2025,October,28,44
2025-10-29,2025,October,29,44
2025-10-30,2025,October,30,44
2025-10-31,2025,October,31,44
2025-11-01,2025,November,1,44
2025-11-02,2025,November,2,44
2025-11-03,2025,November,3,45
2025-11-04,2025,November,4,45
2025-11-05,2025,November,5,45
2025-11-06,2025,November,6,45
2025-11-07,2025,November,7,45
2025-11-08,2025,November,8,45
2025-11-09,2025,November,9,45
2025-11-10,2025,November,10,46
2025-11-11,2025,November,11,46
2025-11-12,2025,November,12,46
2025-11-13,2025,November,13,46
2025-11-14,2025,November,14,46
2025-11-15,2025,November,15,46
2025-11-16,2025,November,16,46
2025-11-17,2025,November,17,47
2025-11-18,2025,November,18,47
2025-11-19,2025,November,19,47
2025-11-20,2025,November,20,47
2025-11-21,2025,November,21,47
2025-11-22,2025,November,22,47
2025-11-23,2025,November,23,47
2025-11-24,2025,November,24,48
2025-11-25,2025,November,25,48
2025-11-26,2025,November,26,48
2025-11-27,2025,November,27,48
2025-11-28,2025,November,28,48
2025-11-29,2025,November,29,48
2025-11-30,2025,November,30,48
2025-12-01,2025,December,1,49
2025-12-02,2025,December,2,49
2025-12-03,2025,December,3,49
2025-12-04,2025,December,4,49
2025-12-05,2025,December,5,49
2025-12-06,2025,December,6,49
2025-12-07,2025,December,7,49
2025-12-08,2025,December,8,50
2025-12-09,2025,December,9,50
2025-12-10,2025,December,10,50
2025-12-11,2025,December,11,50
2025-12-12,2025,December,12,50
2025-12-13,2025,December,13,50
2025-12-14,2025,December,14,50
2025-12-15,2025,December,15,51
2025-12-16,2025,December,16,51
2025-12-17,2025,December,17,51
2025-12-18,2025,December,18,51
2025-12-19,2025,December,19,51
2025-12-20,2025,December,20,51
2025-12-21,2025,December,21,51
2025-12-22,2025,December,22,52
2025-12-23,2025,December,23,52
2025-12-24,2025,December,24,52
2025-12-25,2025,December,25,52
2025-12-26,2025,December,26,52
2025-12-27,2025,December,27,52
2025-12-28,2025,December,28,52
2025-12-29,2025,December,29,1
2025-12-30,2025,December,30,1
2025-12-31,2025,December,31,1
2026-01-01,2026,January,1,1
2026-01-02,2026,January,2,1
2026-01-03,2026,January,3,1
2026-01-04,2026,January,4,1
2026-01-05,2026,January,5,2
2026-01-06,2026,January,6,2
2026-01-07,2026,January,7,2
2026-01-08,2026,January,8,2
2026-01-09,2026,January,9,2
2026-01-10,2026,January,10,2
2026-01-11,2026,January,11,2
2026-01-12,2026,January,12,3
2026-01-13,2026,January,13,3
2026-01-14,2026,January,14,3
2026-01-15,2026,January,15,3
2026-01-16,2026,January,16,3
2026-01-17,2026,January,17,3
2026-01-18,2026,January,18,3
2026-01-19,2026,January,19,4
2026-01-20,2026,January,20,4
2026-01-21,2026,January,21,4
2026-01-22,2026,January,22,4
2026-01-23,2026,January,23,4
2026-01-24,2026,January,24,4
2026-01-25,2026,January,25,4
2026-01-26,2026,January,26,5
2026-01-27,2026,January,27,5
2026-01-28,2026,January,28,5
2026-01-29,2026,January,29,5
2026-01-30,2026,January,30,5
2026-01-31,2026,January,31,5
2026-02-01,2026,February,1,5
2026-02-02,2026,February,2,6
2026-02-03,2026,February,3,6
2026-02-04,2026,February,4,6
2026-02-05,2026,February,5,6
2026-02-06,2026,February,6,6
2026-02-07,2026,February,7,6
2026-02-08,2026,February,8,6
2026-02-09,2026,February,9,7
2026-02-10,2026,February,10,7
2026-02-11,2026,February,11,7
2026-02-12,2026,February,12,7
2026-02-13,2026,February,13,7
2026-02-14,2026,February,14,7
2026-02-15,2026,February,15,7
2026-02-16,2026,February,16,8
2026-02-17,2026,February,17,8
2026-02-18,2026,February,18,8
2026-02-19,2026,February,19,8
2026-02-20,2026,February,20,8
2026-02-21,2026,February,21,8
2026-02-22,2026,February,22,8
2026-02-23,2026,February,23,9
2026-02-24,2026,February,24,9
2026-02-25,2026,February,25,9
2026-02-26,2026,February,26,9
2026-02-27,2026,February,27,9
2026-02-28,2026,February,28,9
2026-03-01,2026,March,1,9
2026-03-02,2026,March,2,10
2026-03-03,2026,March,3,10
2026-03-04,2026,March,4,10
2026-03-05,2026,March,5,10
2026-03-06,2026,March,6,10
2026-03-07,2026,March,7,10
2026-03-08,2026,March,8,10
2026-03-09,2026,March,9,11
2026-03-10,2026,March,10,11
2026-03-11,2026,March,11,11
2026-03-12,2026,March,12,11
2026-03-13,2026,March,13,11
2026-03-14,2026,March,14,11
2026-03-15,2026,March,15,11
2026-03-16,2026,March,16,12
2026-03-17,2026,March,17,12
2026-03-18,2026,March,18,12
2026-03-19,2026,March,19,12
2026-03-20,2026,March,20,12
2026-03-21,2026,March,21,12
2026-03-22,2026,March,22,12
2026-03-23,2026,March,23,13
2026-03-24,2026,March,24,13
2026-03-25,2026,March,25,13
2026-03-26,2026,March,26,13
2026-03-27,2026,March,27,13
2026-03-28,2026,March,28,13
2026-03-29,2026,March,29,13
2026-03-30,2026,March,30,14
2026-03-31,2026,March,31,14
2026-04-01,2026,April,1,14
2026-04-02,2026,April,2,14
2026-04-03,2026,April,3,14
2026-04-04,2026,April,4,14
2026-04-05,2026,April,5,14
2026-04-06,2026,April,6,15
2026-04-07,2026,April,7,15
2026-04-08,2026,April,8,15
2026-04-09,2026,April,9,15
2026-04-10,2026,April,10,15
2026-04-11,2026,April,11,15
2026-04-12,2026,April,12,15
2026-04-13,2026,April,13,16
2026-04-14,2026,April,14,16
2026-04-15,2026,April,15,16
2026-04-16,2026,April,16,16
2026-04-17,2026,April,17,16
2026-04-18,2026,April,18,16
2026-04-19,2026,April,19,16
2026-04-20,2026,April,20,17
2026-04-21,2026,April,21,17
2026-04-22,2026,April,22,17
2026-04-23,2026,April,23,17
2026-04-24,2026,April,24,17
2026-04-25,2026,April,25,17
2026-04-26,2026,April,26,17
2026-04-27,2026,April,27,18
2026-04-28,2026,April,28,18
2026-04-29,2026,April,29,18
2026-04-30,2026,April,30,18
2026-05-01,2026,May,1,18
2026-05-02,2026,May,2,18
2026-05-03,2026,May,3,18
2026-05-04,2026,May,4,19
2026-05-05,2026,May,5,19
2026-05-06,2026,May,6,19
2026-05-07,2026,May,7,19
2026-05-08,2026,May,8,19
2026-05-09,2026,May,9,19
2026-05-10,2026,May,10,19
2026-05-11,2026,May,11,20
2026-05-12,2026,May,12,20
2026-05-13,2026,May,13,20
2026-05-14,2026,May,14,20
2026-05-15,2026,May,15,20
2026-05-16,2026,May,16,20
2026-05-17,2026,May,17,20
2026-05-18,2026,May,18,21
2026-05-19,2026,May,19,21
2026-05-20,2026,May,20,21
2026-05-21,2026,May,21,21
2026-05-22,2026,May,22,21
2026-05-23,2026,May,23,21
2026-05-24,2026,May,24,21
2026-05-25,2026,May,25,22
2026-05-26,2026,May,26,22
2026-05-27,2026,May,27,22
2026-05-28,2026,May,28,22
2026-05-29,2026,May,29,22
2026-05-30,2026,May,30,22
2026-05-31,2026,May,31,22
2026-06-01,2026,June,1,23
2026-06-02,2026,June,2,23
2026-06-03,2026,June,3,23
2026-06-04,2026,June,4,23
2026-06-05,2026,June,5,23
2026-06-06,2026,June,6,23
2026-06-07,2026,June,7,23
2026-06-08,2026,June,8,24
2026-06-09,2026,June,9,24
2026-06-10,2026,June,10,24
2026-06-11,2026,June,11,24
2026-06-12,2026,June,12,24
2026-06-13,2026,June,13,24
2026-06-14,2026,June,14,24
2026-06-15,2026,June,15,25
2026-06-16,2026,June,16,25
2026-06-17,2026,June,17,25
2026-06-18,2026,June,18,25
2026-06-19,2026,June,19,25
2026-06-20,2026,June,20,25
2026-06-21,2026,June,21,25
2026-06-22,2026,June,22,26
2026-06-23,2026,June,23,26
2026-06-24,2026,June,24,26
2026-06-25,2026,June,25,26
2026-06-26,2026,June,26,26
2026-06-27,2026,June,27,26
2026-06-28,2026,June,28,26
2026-06-29,2026,June,29,27
2026-06-30,2026,June,30,27
2026-07-01,2026,July,1,27
2026-07-02,2026,July,2,27
2026-07-03,2026,July,3,27
2026-07-04,2026,July,4,27
2026-07-05,2026,July,5,27
2026-07-06,2026,July,6,28
2026-07-07,2026,July,7,28
2026-07-08,2026,July,8,28
2026-07-09,2026,July,9,28
2026-07-10,2026,July,10,28
2026-07-11,2026,July,11,28
2026-07-12,2026,July,12,28
2026-07-13,2026,July,13,29
2026-07-14,2026,July,14,29
2026-07-15,2026,July,15,29
2026-07-16,2026,July,16,29
2026-07-17,2026,July,17,29
2026-07-18,2026,July,18,29
2026-07-19,2026,July,19,29
2026-07-20,2026,July,20,30
2026-07-21,2026,July,21,30
2026-07-22,2026,July,22,30
2026-07-23,2026,July,23,30
2026-07-24,2026,July,24,30
2026-07-25,2026,July,25,30
2026-07-26,2026,July,26,30
2026-07-27,2026,July,27,31
2026-07-28,2026,July,28,31
2026-07-29,2026,July,29,31
2026-07-30,2026,July,30,31
2026-07-31,2026,July,31,31
2026-08-01,2026,August,1,31
2026-08-02,2026,August,2,31
2026-08-03,2026,August,3,32
2026-08-04,2026,August,4,32
2026-08-05,2026,August,5,32
2026-08-06,2026,August,6,32
2026-08-07,2026,August,7,32
2026-08-08,2026,August,8,32
2026-08-09,2026,August,9,32
2026-08-10,2026,August,10,33
2026-08-11,2026,August,11,33
2026-08-12,2026,August,12,33
2026-08-13,2026,August,13,33
2026-08-14,2026,August,14,33
2026-08-15,2026,August,15,33
2026-08-16,2026,August,16,33
2026-08-17,2026,August,17,34
2026-08-18,2026,August,18,34
2026-08-19,2026,August,19,34
2026-08-20,2026,August,20,34
2026-08-21,2026,August,21,34
2026-08-22,2026,August,22,34
2026-08-23,2026,August,23,34
2026-08-24,2026,August,24,35
2026-08-25,2026,August,25,35
2026-08-26,2026,August,26,35
2026-08-27,2026,August,27,35
2026-08-28,2026,August,28,35
2026-08-29,2026,August,29,35
2026-08-30,2026,August,30,35
2026-08-31,2026,August,31,36
2026-09-01,2026,September,1,36
2026-09-02,2026,September,2,36
2026-09-03,2026,September,3,36
2026-09-04,2026,September,4,36
2026-09-05,2026,September,5,36
2026-09-06,2026,September,6,36
2026-09-07,2026,September,7,37
2026-09-08,2026,September,8,37
2026-09-09,2026,September,9,37
2026-09-10,2026,September,10,37
2026-09-11,2026,September,11,37
2026-09-12,2026,September,12,37
2026-09-13,2026,September,13,37
2026-09-14,2026,September,14,38
2026-09-15,2026,September,15,38
2026-09-16,2026,September,16,38
2026-09-17,2026,September,17,38
2026-09-18,2026,September,18,38
2026-09-19,2026,September,19,38
2026-09-20,2026,September,20,38
2026-09-21,2026,September,21,39
2026-09-22,2026,September,22,39
2026-09-23,2026,September,23,39
2026-09-24,2026,September,24,39
2026-09-25,2026,September,25,39
2026-09-26,2026,September,26,39
2026-09-27,2026,September,27,39
2026-09-28,2026,September,28,40
2026-09-29,2026,September,29,40
2026-09-30,2026,September,30,40
2026-10-01,2026,October,1,40
2026-10-02,2026,October,2,40
2026-10-03,2026,October,3,40
2026-10-04,2026,October,4,40
2026-10-05,2026,October,5,41
2026-10-06,2026,October,6,41
2026-10-07,2026,October,7,41
2026-10-08,2026,October,8,41
2026-10-09,2026,October,9,41
2026-10-10,2026,October,10,41
2026-10-11,2026,October,11,41
2026-10-12,2026,October,12,42
2026-10-13,2026,October,13,42
2026-10-14,2026,October,14,42
2026-10-15,2026,October,15,42
2026-10-16,2026,October,16,42
2026-10-17,2026,October,17,42
2026-10-18,2026,October,18,42
2026-10-19,2026,October,19,43
2026-10-20,2026,October,20,43
2026-10-21,2026,October,21,43
2026-10-22,2026,October,22,43
2026-10-23,2026,October,23,43
2026-10-24,2026,October,24,43
2026-10-25,2026,October,25,43
2026-10-26,2026,October,26,44
2026-10-27,2026,October,27,44
2026-10-28,2026,October,28,44
2026-10-29,2026,October,29,44
2026-10-30,2026,October,30,44
2026-10-31,2026,October,31,44
2026-11-01,2026,November,1,44
2026-11-02,2026,November,2,45
2026-11-03,2026,November,3,45
2026-11-04,2026,November,4,45
2026-11-05,2026,November,5,45
2026-11-06,2026,November,6,45
2026-11-07,2026,November,7,45
2026-11-08,2026,November,8,45
2026-11-09,2026,November,9,46
2026-11-10,2026,November,10,46
2026-11-11,2026,November,11,46
2026-11-12,2026,November,12,46
2026-11-13,2026,November,13,46
2026-11-14,2026,November,14,46
2026-11-15,2026,November,15,46
2026-11-16,2026,November,16,47
2026-11-17,2026,November,17,47
2026-11-18,2026,November,18,47
2026-11-19,2026,November,19,47
2026-11-20,2026,November,20,47
2026-11-21,2026,November,21,47
2026-11-22,2026,November,22,47
2026-11-23,2026,November,23,48
2026-11-24,2026,November,24,48
2026-11-25,2026,November,25,48
2026-11-26,2026,November,26,48
2026-11-27,2026,November,27,48
2026-11-28,2026,November,28,48
2026-11-29,2026,November,29,48
2026-11-30,2026,November,30,49
2026-12-01,2026,December,1,49
2026-12-02,2026,December,2,49
2026-12-03,2026,December,3,49
2026-12-04,2026,December,4,49
2026-12-05,2026,December,5,49
2026-12-06,2026,December,6,49
2026-12-07,2026,December,7,50
2026-12-08,2026,December,8,50
2026-12-09,2026,December,9,50
2026-12-10,2026,December,10,50
2026-12-11,2026,December,11,50
2026-12-12,2026,December,12,50
2026-12-13,2026,December,13,50
2026-12-14,2026,December,14,51
2026-12-15,2026,December,15,51
2026-12-16,2026,December,16,51
2026-12-17,2026,December,17,51
2026-12-18,2026,December,18,51
2026-12-19,2026,December,19,51
2026-12-20,2026,December,20,51
2026-12-21,2026,December,21,52
2026-12-22,2026,December,22,52
2026-12-23,2026,December,23,52
2026-12-24,2026,December,24,52
2026-12-25,2026,December,25,52
2026-12-26,2026,December,26,52
2026-12-27,2026,December,27,52
2026-12-28,2026,December,28,53
2026-12-29,2026,December,29,53
2026-12-30,2026,December,30,53
2026-12-31,2026,December,31,53
2027-01-01,2027,January,1,53
2027-01-02,2027,January,2,53
2027-01-03,2027,January,3,53
2027-01-04,2027,January,4,1
2027-01-05,2027,January,5,1
2027-01-06,2027,January,6,1
2027-01-07,2027,January,7,1
2027-01-08,2027,January,8,1
2027-01-09,2027,January,9,1
2027-01-10,2027,January,10,1
2027-01-11,2027,January,11,2
2027-01-12,2027,January,12,2
2027-01-13,2027,January,13,2
2027-01-14,2027,January,14,2
2027-01-15,2027,January,15,2
2027-01-16,2027,January,16,2
2027-01-17,2027,January,17,2
2027-01-18,2027,January,18,3
2027-01-19,2027,January,19,3
2027-01-20,2027,January,20,3
2027-01-21,2027,January,21,3
2027-01-22,2027,January,22,3
2027-01-23,2027,January,23,3
2027-01-24,2027,January,24,3
2027-01-25,2027,January,25,4
2027-01-26,2027,January,26,4
2027-01-27,2027,January,27,4
2027-01-28,2027,January,28,4
2027-01-29,2027,January,29,4
2027-01-30,2027,January,30,4
2027-01-31,2027,January,31,4
2027-02-01,2027,February,1,5
2027-02-02,2027,February,2,5
2027-02-03,2027,February,3,5
2027-02-04,2027,February,4,5
2027-02-05,2027,February,5,5
2027-02-06,2027,February,6,5
2027-02-07,2027,February,7,5
2027-02-08,2027,February,8,6
2027-02-09,2027,February,9,6
2027-02-10,2027,February,10,6
2027-02-11,2027,February,11,6
2027-02-12,2027,February,12,6
2027-02-13,2027,February,13,6
2027-02-14,2027,February,14,6
2027-02-15,2027,February,15,7
2027-02-16,2027,February,16,7
2027-02-17,2027,February,17,7
2027-02-18,2027,February,18,7
2027-02-19,2027,February,19,7
2027-02-20,2027,February,20,7
2027-02-21,2027,February,21,7
2027-02-22,2027,February,22,8
2027-02-23,2027,February,23,8
2027-02-24,2027,February,24,8
2027-02-25,2027,February,25,8
2027-02-26,2027,February,26,8
2027-02-27,2027,February,27,8
2027-02-28,2027,February,28,8
2027-03-01,2027,March,1,9
2027-03-02,2027,March,2,9
2027-03-03,2027,March,3,9
2027-03-04,2027,March,4,9
2027-03-05,2027,March,5,9
2027-03-06,2027,March,6,9
2027-03-07,2027,March,7,9
2027-03-08,2027,March,8,10
2027-03-09,2027,March,9,10
2027-03-10,2027,March,10,10
2027-03-11,2027,March,11,10
2027-03-12,2027,March,12,10
2027-03-13,2027,March,13,10
2027-03-14,2027,March,14,10
2027-03-15,2027,March,15,11
2027-03-16,2027,March,16,11
2027-03-17,2027,March,17,11
2027-03-18,2027,March,18,11
2027-03-19,2027,March,19,11
2027-03-20,2027,March,20,11
2027-03-21,2027,March,21,11
2027-03-22,2027,March,22,12
2027-03-23,2027,March,23,12
2027-03-24,2027,March,24,12
2027-03-25,2027,March,25,12
2027-03-26,2027,March,26,12
2027-03-27,2027,March,27,12
2027-03-28,2027,March,28,12
2027-03-29,2027,March,29,13
2027-03-30,2027,March,30,13
2027-03-31,2027,March,31,13
2027-04-01,2027,April,1,13
2027-04-02,2027,April,2,13
2027-04-03,2027,April,3,13
2027-04-04,2027,April,4,13
2027-04-05,2027,April,5,14
2027-04-06,2027,April,6,14
2027-04-07,2027,April,7,14
2027-04-08,2027,April,8,14
2027-04-09,2027,April,9,14
2027-04-10,2027,April,10,14
2027-04-11,2027,April,11,14
2027-04-12,2027,April,12,15
2027-04-13,2027,April,13,15
2027-04-14,2027,April,14,15
2027-04-15,2027,April,15,15
2027-04-16,2027,April,16,15
2027-04-17,2027,April,17,15
2027-04-18,2027,April,18,15
2027-04-19,2027,April,19,16
2027-04-20,2027,April,20,16
2027-04-21,2027,April,21,16
2027-04-22,2027,April,22,16
2027-04-23,2027,April,23,16
2027-04-24,2027,April,24,16
2027-04-25,2027,April,25,16
2027-04-26,2027,April,26,17
2027-04-27,2027,April,27,17
2027-04-28,2027,April,28,17
2027-04-29,2027,April,29,17
2027-04-30,2027,April,30,17
2027-05-01,2027,May,1,17
2027-05-02,2027,May,2,17
2027-05-03,2027,May,3,18
2027-05-04,2027,May,4,18
2027-05-05,2027,May,5,18
2027-05-06,2027,May,6,18
2027-05-07,2027,May,7,18
2027-05-08,2027,May,8,18
2027-05-09,2027,May,9,18
2027-05-10,2027,May,10,19
2027-05-11,2027,May,11,19
2027-05-12,2027,May,12,19
2027-05-13,2027,May,13,19
2027-05-14,2027,May,14,19
2027-05-15,2027,May,15,19
2027-05-16,2027,May,16,19
2027-05-17,2027,May,17,20
2027-05-18,2027,May,18,20
2027-05-19,2027,May,19,20
2027-05-20,2027,May,20,20
2027-05-21,2027,May,21,20
2027-05-22,2027,May,22,20
2027-05-23,2027,May,23,20
2027-05-24,2027,May,24,21
2027-05-25,2027,May,25,21
2027-05-26,2027,May,26,21
2027-05-27,2027,May,27,21
2027-05-28,2027,May,28,21
2027-05-29,2027,May,29,21
2027-05-30,2027,May,30,21
2027-05-31,2027,May,31,22
2027-06-01,2027,June,1,22
2027-06-02,2027,June,2,22
2027-06-03,2027,June,3,22
2027-06-04,2027,June,4,22
2027-06-05,2027,June,5,22
2027-06-06,2027,June,6,22
2027-06-07,2027,June,7,23
2027-06-08,2027,June,8,23
2027-06-09,2027,June,9,23
2027-06-10,2027,June,10,23
2027-06-11,2027,June,11,23
2027-06-12,2027,June,12,23
2027-06-13,2027,June,13,23
2027-06-14,2027,June,14,24
2027-06-15,2027,June,15,24
2027-06-16,2027,June,16,24
2027-06-17,2027,June,17,24
2027-06-18,2027,June,18,24
2027-06-19,2027,June,19,24
2027-06-20,2027,June,20,24
2027-06-21,2027,June,21,25
2027-06-22,2027,June,22,25
2027-06-23,2027,June,23,25
2027-06-24,2027,June,24,25
2027-06-25,2027,June,25,25
2027-06-26,2027,June,26,25
2027-06-27,2027,June,27,25
2027-06-28,2027,June,28,26
2027-06-29,2027,June,29,26
2027-06-30,2027,June,30,26
2027-07-01,2027,July,1,26
2027-07-02,2027,July,2,26
2027-07-03,2027,July,3,26
2027-07-04,2027,July,4,26
2027-07-05,2027,July,5,27
2027-07-06,2027,July,6,27
2027-07-07,2027,July,7,27
2027-07-08,2027,July,8,27
2027-07-09,2027,July,9,27
2027-07-10,2027,July,10,27
2027-07-11,2027,July,11,27
2027-07-12,2027,July,12,28
2027-07-13,2027,July,13,28
2027-07-14,2027,July,14,28
2027-07-15,2027,July,15,28
2027-07-16,2027,July,16,28
2027-07-17,2027,July,17,28
2027-07-18,2027,July,18,28
2027-07-19,2027,July,19,29
2027-07-20,2027,July,20,29
2027-07-21,2027,July,21,29
2027-07-22,2027,July,22,29
2027-07-23,2027,July,23,29
2027-07-24,2027,July,24,29
2027-07-25,2027,July,25,29
2027-07-26,2027,July,26,30
2027-07-27,2027,July,27,30
2027-07-28,2027,July,28,30
2027-07-29,2027,July,29,30
2027-07-30,2027,July,30,30
2027-07-31,2027,July,31,30
2027-08-01,2027,August,1,30
2027-08-02,2027,August,2,31
2027-08-03,2027,August,3,31
2027-08-04,2027,August,4,31
2027-08-05,2027,August,5,31
2027-08-06,2027,August,6,31
2027-08-07,2027,August,7,31
2027-08-08,2027,August,8,31
2027-08-09,2027,August,9,32
2027-08-10,2027,August,10,32
2027-08-11,2027,August,11,32
2027-08-12,2027,August,12,32
2027-08-13,2027,August,13,32
2027-08-14,2027,August,14,32
2027-08-15,2027,August,15,32
2027-08-16,2027,August,16,33
2027-08-17,2027,August,17,33
2027-08-18,2027,August,18,33
2027-08-19,2027,August,19,33
2027-08-20,2027,August,20,33
2027-08-21,2027,August,21,33
2027-08-22,2027,August,22,33
2027-08-23,2027,August,23,34
2027-08-24,2027,August,24,34
2027-08-25,2027,August,25,34
2027-08-26,2027,August,26,34
2027-08-27,2027,August,27,34
2027-08-28,2027,August,28,34
2027-08-29,2027,August,29,34
2027-08-30,2027,August,30,35
2027-08-31,2027,August,31,35
2027-09-01,2027,September,1,35
2027-09-02,2027,September,2,35
2027-09-03,2027,September,3,35
2027-09-04,2027,September,4,35
2027-09-05,2027,September,5,35
2027-09-06,2027,September,6,36
2027-09-07,2027,September,7,36
2027-09-08,2027,September,8,36
2027-09-09,2027,September,9,36
2027-09-10,2027,September,10,36
2027-09-11,2027,September,11,36
2027-09-12,2027,September,12,36
2027-09-13,2027,September,13,37
2027-09-14,2027,September,14,37
2027-09-15,2027,September,15,37
2027-09-16,2027,September,16,37
2027-09-17,2027,September,17,37
2027-09-18,2027,September,18,37
2027-09-19,2027,September,19,37
2027-09-20,2027,September,20,38
2027-09-21,2027,September,21,38
2027-09-22,2027,September,22,38
2027-09-23,2027,September,23,38
2027-09-24,2027,September,24,38
2027-09-25,2027,September,25,38
2027-09-26,2027,September,26,38
2027-09-27,2027,September,27,39
2027-09-28,2027,September,28,39
2027-09-29,2027,September,29,39
2027-09-30,2027,September,30,39
2027-10-01,2027,October,1,39
2027-10-02,2027,October,2,39
2027-10-03,2027,October,3,39
2027-10-04,2027,October,4,40
2027-10-05,2027,October,5,40
2027-10-06,2027,October,6,40
2027-10-07,2027,October,7,40
2027-10-08,2027,October,8,40
2027-10-09,2027,October,9,40
2027-10-10,2027,October,10,40
2027-10-11,2027,October,11,41
2027-10-12,2027,October,12,41
2027-10-13,2027,October,13,41
2027-10-14,2027,October,14,41
2027-10-15,2027,October,15,41
2027-10-16,2027,October,16,41
2027-10-17,2027,October,17,41
2027-10-18,2027,October,18,42
2027-10-19,2027,October,19,42
2027-10-20,2027,October,20,42
2027-10-21,2027,October,21,42
2027-10-22,2027,October,22,42
2027-10-23,2027,October,23,42
2027-10-24,2027,October,24,42
2027-10-25,2027,October,25,43
2027-10-26,2027,October,26,43
2027-10-27,2027,October,27,43
2027-10-28,2027,October,28,43
2027-10-29,2027,October,29,43
2027-10-30,2027,October,30,43
2027-10-31,2027,October,31,43
2027-11-01,2027,November,1,44
2027-11-02,2027,November,2,44
2027-11-03,2027,November,3,44
2027-11-04,2027,November,4,44
2027-11-05,2027,November,5,44
2027-11-06,2027,November,6,44
2027-11-07,2027,November,7,44
2027-11-08,2027,November,8,45
2027-11-09,2027,November,9,45
2027-11-10,2027,November,10,45
2027-11-11,2027,November,11,45
2027-11-12,2027,November,12,45
2027-11-13,2027,November,13,45
2027-11-14,2027,November,14,45
2027-11-15,2027,November,15,46
2027-11-16,2027,November,16,46
2027-11-17,2027,November,17,46
2027-11-18,2027,November,18,46
2027-11-19,2027,November,19,46
2027-11-20,2027,November,20,46
2027-11-21,2027,November,21,46
2027-11-22,2027,November,22,47
2027-11-23,2027,November,23,47
2027-11-24,2027,November,24,47
2027-11-25,2027,November,25,47
2027-11-26,2027,November,26,47
2027-11-27,2027,November,27,47
2027-11-28,2027,November,28,47
2027-11-29,2027,November,29,48
2027-11-30,2027,November,30,48
2027-12-01,2027,December,1,48
2027-12-02,2027,December,2,48
2027-12-03,2027,December,3,48
2027-12-04,2027,December,4,48
2027-12-05,2027,December,5,48
2027-12-06,2027,December,6,49
2027-12-07,2027,December,7,49
2027-12-08,2027,December,8,49
2027-12-09,2027,December,9,49
2027-12-10,2027,December,10,49
2027-12-11,2027,December,11,49
2027-12-12,2027,December,12,49
2027-12-13,2027,December,13,50
2027-12-14,2027,December,14,50
2027-12-15,2027,December,15,50
2027-12-16,2027,December,16,50
2027-12-17,2027,December,17,50
2027-12-18,2027,December,18,50
2027-12-19,2027,December,19,50
2027-12-20,2027,December,20,51
2027-12-21,2027,December,21,51
2027-12-22,2027,December,22,51
2027-12-23,2027,December,23,51
2027-12-24,2027,December,24,51
2027-12-25,2027,December,25,51
2027-12-26,2027,December,26,51
2027-12-27,2027,December,27,52
2027-12-28,2027,December,28,52
2027-12-29,2027,December,29,52
2027-12-30,2027,December,30,52
2027-12-31,2027,December,31,52
2028-01-01,2028,January,1,52
2028-01-02,2028,January,2,52
2028-01-03,2028,January,3,1
2028-01-04,2028,January,4,1
2028-01-05,2028,January,5,1
2028-01-06,2028,January,6,1
2028-01-07,2028,January,7,1
2028-01-08,2028,January,8,1
2028-01-09,2028,January,9,1
2028-01-10,2028,January,10,2
2028-01-11,2028,January,11,2
2028-01-12,2028,January,12,2
2028-01-13,2028,January,13,2
2028-01-14,2028,January,14,2
2028-01-15,2028,January,15,2
2028-01-16,2028,January,16,2
2028-01-17,2028,January,17,3
2028-01-18,2028,January,18,3
2028-01-19,2028,January,19,3
2028-01-20,2028,January,20,3
2028-01-21,2028,January,21,3
2028-01-22,2028,January,22,3
2028-01-23,2028,January,23,3
2028-01-24,2028,January,24,4
2028-01-25,2028,January,25,4
2028-01-26,2028,January,26,4
2028-01-27,2028,January,27,4
2028-01-28,2028,January,28,4
2028-01-29,2028,January,29,4
2028-01-30,2028,January,30,4
2028-01-31,2028,January,31,5
2028-02-01,2028,February,1,5
2028-02-02,2028,February,2,5
2028-02-03,2028,February,3,5
2028-02-04,2028,February,4,5
2028-02-05,2028,February,5,5
2028-02-06,2028,February,6,5
2028-02-07,2028,February,7,6
2028-02-08,2028,February,8,6
2028-02-09,2028,February,9,6
2028-02-10,2028,February,10,6
2028-02-11,2028,February,11,6
2028-02-12,2028,February,12,6
2028-02-13,2028,February,13,6
2028-02-14,2028,February,14,7
2028-02-15,2028,February,15,7
2028-02-16,2028,February,16,7
2028-02-17,2028,February,17,7
2028-02-18,2028,February,18,7
2028-02-19,2028,February,19,7
2028-02-20,2028,February,20,7
2028-02-21,2028,February,21,8
2028-02-22,2028,February,22,8
2028-02-23,2028,February,23,8
2028-02-24,2028,February,24,8
2028-02-25,2028,February,25,8
2028-02-26,2028,February,26,8
2028-02-27,2028,February,27,8
2028-02-28,2028,February,28,9
2028-02-29,2028,February,29,9
2028-03-01,2028,March,1,9
2028-03-02,2028,March,2,9
2028-03-03,2028,March,3,9
2028-03-04,2028,March,4,9
2028-03-05,2028,March,5,9
2028-03-06,2028,March,6,10
2028-03-07,2028,March,7,10
2028-03-08,2028,March,8,10
2028-03-09,2028,March,9,10
2028-03-10,2028,March,10,10
2028-03-11,2028,March,11,10
2028-03-12,2028,March,12,10
2028-03-13,2028,March,13,11
2028-03-14,2028,March,14,11
2028-03-15,2028,March,15,11
2028-03-16,2028,March,16,11
2028-03-17,2028,March,17,11
2028-03-18,2028,March,18,11
2028-03-19,2028,March,19,11
2028-03-20,2028,March,20,12
2028-03-21,2028,March,21,12
2028-03-22,2028,March,22,12
2028-03-23,2028,March,23,12
2028-03-24,2028,March,24,12
2028-03-25,2028,March,25,12
2028-03-26,2028,March,26,12
2028-03-27,2028,March,27,13
2028-03-28,2028,March,28,13
2028-03-29,2028,March,29,13
2028-03-30,2028,March,30,13
2028-03-31,2028,March,31,13
2028-04-01,2028,April,1,13
2028-04-02,2028,April,2,13
2028-04-03,2028,April,3,14
2028-04-04,2028,April,4,14
2028-04-05,2028,April,5,14
2028-04-06,2028,April,6,14
2028-04-07,2028,April,7,14
2028-04-08,2028,April,8,14
2028-04-09,2028,April,9,14
2028-04-10,2028,April,10,15
2028-04-11,2028,April,11,15
2028-04-12,2028,April,12,15
2028-04-13,2028,April,13,15
2028-04-14,2028,April,14,15
2028-04-15,2028,April,15,15
2028-04-16,2028,April,16,15
2028-04-17,2028,April,17,16
2028-04-18,2028,April,18,16
2028-04-19,2028,April,19,16
2028-04-20,2028,April,20,16
2028-04-21,2028,April,21,16
2028-04-22,2028,April,22,16
2028-04-23,2028,April,23,16
2028-04-24,2028,April,24,17
2028-04-25,2028,April,25,17
2028-04-26,2028,April,26,17
2028-04-27,2028,April,27,17
2028-04-28,2028,April,28,17
2028-04-29,2028,April,29,17
2028-04-30,2028,April,30,17
2028-05-01,2028,May,1,18
2028-05-02,2028,May,2,18
2028-05-03,2028,May,3,18
2028-05-04,2028,May,4,18
2028-05-05,2028,May,5,18
2028-05-06,2028,May,6,18
2028-05-07,2028,May,7,18
2028-05-08,2028,May,8,19
2028-05-09,2028,May,9,19
2028-05-10,2028,May,10,19
2028-05-11,2028,May,11,19
2028-05-12,2028,May,12,19
2028-05-13,2028,May,13,19
2028-05-14,2028,May,14,19
2028-05-15,2028,May,15,20
2028-05-16,2028,May,16,20
2028-05-17,2028,May,17,20
2028-05-18,2028,May,18,20
2028-05-19,2028,May,19,20
2028-05-20,2028,May,20,20
2028-05-21,2028,May,21,20
2028-05-22,2028,May,22,21
2028-05-23,2028,May,23,21
2028-05-24,2028,May,24,21
2028-05-25,2028,May,25,21
2028-05-26,2028,May,26,21
2028-05-27,2028,May,27,21
2028-05-28,2028,May,28,21
2028-05-29,2028,May,29,22
2028-05-30,2028,May,30,22
2028-05-31,2028,May,31,22
2028-06-01,2028,June,1,22
2028-06-02,2028,June,2,22
2028-06-03,2028,June,3,22
2028-06-04,2028,June,4,22
2028-06-05,2028,June,5,23
2028-06-06,2028,June,6,23
2028-06-07,2028,June,7,23
2028-06-08,2028,June,8,23
2028-06-09,2028,June,9,23
2028-06-10,2028,June,10,23
2028-06-11,2028,June,11,23
2028-06-12,2028,June,12,24
2028-06-13,2028,June,13,24
2028-06-14,2028,June,14,24
2028-06-15,2028,June,15,24
2028-06-16,2028,June,16,24
2028-06-17,2028,June,17,24
2028-06-18,2028,June,18,24
2028-06-19,2028,June,19,25
2028-06-20,2028,June,20,25
2028-06-21,2028,June,21,25
2028-06-22,2028,June,22,25
2028-06-23,2028,June,23,25
2028-06-24,2028,June,24,25
2028-06-25,2028,June,25,25
2028-06-26,2028,June,26,26
2028-06-27,2028,June,27,26
2028-06-28,2028,June,28,26
2028-06-29,2028,June,29,26
2028-06-30,2028,June,30,26
2028-07-01,2028,July,1,26
2028-07-02,2028,July,2,26
2028-07-03,2028,July,3,27
2028-07-04,2028,July,4,27
2028-07-05,2028,July,5,27
2028-07-06,2028,July,6,27
2028-07-07,2028,July,7,27
2028-07-08,2028,July,8,27
2028-07-09,2028,July,9,27
2028-07-10,2028,July,10,28
2028-07-11,2028,July,11,28
2028-07-12,2028,July,12,28
2028-07-13,2028,July,13,28
2028-07-14,2028,July,14,28
2028-07-15,2028,July,15,28
2028-07-16,2028,July,16,28
2028-07-17,2028,July,17,29
2028-07-18,2028,July,18,29
2028-07-19,2028,July,19,29
2028-07-20,2028,July,20,29
2028-07-21,2028,July,21,29
2028-07-22,2028,July,22,29
2028-07-23,2028,July,23,29
2028-07-24,2028,July,24,30
2028-07-25,2028,July,25,30
2028-07-26,2028,July,26,30
2028-07-27,2028,July,27,30
2028-07-28,2028,July,28,30
2028-07-29,2028,July,29,30
2028-07-30,2028,July,30,30
2028-07-31,2028,July,31,31
2028-08-01,2028,August,1,31
2028-08-02,2028,August,2,31
2028-08-03,2028,August,3,31
2028-08-04,2028,August,4,31
2028-08-05,2028,August,5,31
2028-08-06,2028,August,6,31
2028-08-07,2028,August,7,32
2028-08-08,2028,August,8,32
2028-08-09,2028,August,9,32
2028-08-10,2028,August,10,32
2028-08-11,2028,August,11,32
2028-08-12,2028,August,12,32
2028-08-13,2028,August,13,32
2028-08-14,2028,August,14,33
2028-08-15,2028,August,15,33
2028-08-16,2028,August,16,33
2028-08-17,2028,August,17,33
2028-08-18,2028,August,18,33
2028-08-19,2028,August,19,33
2028-08-20,2028,August,20,33
2028-08-21,2028,August,21,34
2028-08-22,2028,August,22,34
2028-08-23,2028,August,23,34
2028-08-24,2028,August,24,34
2028-08-25,2028,August,25,34
2028-08-26,2028,August,26,34
2028-08-27,2028,August,27,34
2028-08-28,2028,August,28,35
2028-08-29,2028,August,29,35
2028-08-30,2028,August,30,35
2028-08-31,2028,August,31,35
2028-09-01,2028,September,1,35
2028-09-02,2028,September,2,35
2028-09-03,2028,September,3,35
2028-09-04,2028,September,4,36
2028-09-05,2028,September,5,36
2028-09-06,2028,September,6,36
2028-09-07,2028,September,7,36
2028-09-08,2028,September,8,36
2028-09-09,2028,September,9,36
2028-09-10,2028,September,10,36
2028-09-11,2028,September,11,37
2028-09-12,2028,September,12,37
2028-09-13,2028,September,13,37
2028-09-14,2028,September,14,37
2028-09-15,2028,September,15,37
2028-09-16,2028,September,16,37
2028-09-17,2028,September,17,37
2028-09-18,2028,September,18,38
2028-09-19,2028,September,19,38
2028-09-20,2028,September,20,38
2028-09-21,2028,September,21,38
2028-09-22,2028,September,22,38
2028-09-23,2028,September,23,38
2028-09-24,2028,September,24,38
2028-09-25,2028,September,25,39
2028-09-26,2028,September,26,39
2028-09-27,2028,September,27,39
2028-09-28,2028,September,28,39
2028-09-29,2028,September,29,39
2028-09-30,2028,September,30,39
2028-10-01,2028,October,1,39
2028-10-02,2028,October,2,40
2028-10-03,2028,October,3,40
2028-10-04,2028,October,4,40
2028-10-05,2028,October,5,40
2028-10-06,2028,October,6,40
2028-10-07,2028,October,7,40
2028-10-08,2028,October,8,40
2028-10-09,2028,October,9,41
2028-10-10,2028,October,10,41
2028-10-11,2028,October,11,41
2028-10-12,2028,October,12,41
2028-10-13,2028,October,13,41
2028-10-14,2028,October,14,41
2028-10-15,2028,October,15,41
2028-10-16,2028,October,16,42
2028-10-17,2028,October,17,42
2028-10-18,2028,October,18,42
2028-10-19,2028,October,19,42
2028-10-20,2028,October,20,42
2028-10-21,2028,October,21,42
2028-10-22,2028,October,22,42
2028-10-23,2028,October,23,43
2028-10-24,2028,October,24,43
2028-10-25,2028,October,25,43
2028-10-26,2028,October,26,43
2028-10-27,2028,October,27,43
2028-10-28,2028,October,28,43
2028-10-29,2028,October,29,43
2028-10-30,2028,October,30,44
2028-10-31,2028,October,31,44
2028-11-01,2028,November,1,44
2028-11-02,2028,November,2,44
2028-11-03,2028,November,3,44
2028-11-04,2028,November,4,44
2028-11-05,2028,November,5,44
2028-11-06,2028,November,6,45
2028-11-07,2028,November,7,45
2028-11-08,2028,November,8,45
2028-11-09,2028,November,9,45
2028-11-10,2028,November,10,45
2028-11-11,2028,November,11,45
2028-11-12,2028,November,12,45
2028-11-13,2028,November,13,46
2028-11-14,2028,November,14,46
2028-11-15,2028,November,15,46
2028-11-16,2028,November,16,46
2028-11-17,2028,November,17,46
2028-11-18,2028,November,18,46
2028-11-19,2028,November,19,46
2028-11-20,2028,November,20,47
2028-11-21,2028,November,21,47
2028-11-22,2028,November,22,47
2028-11-23,2028,November,23,47
2028-11-24,2028,November,24,47
2028-11-25,2028,November,25,47
2028-11-26,2028,November,26,47
2028-11-27,2028,November,27,48
2028-11-28,2028,November,28,48
2028-11-29,2028,November,29,48
2028-11-30,2028,November,30,48
2028-12-01,2028,December,1,48
2028-12-02,2028,December,2,48
2028-12-03,2028,December,3,48
2028-12-04,2028,December,4,49
2028-12-05,2028,December,5,49
2028-12-06,2028,December,6,49
2028-12-07,2028,December,7,49
2028-12-08,2028,December,8,49
2028-12-09,2028,December,9,49
2028-12-10,2028,December,10,49
2028-12-11,2028,December,11,50
2028-12-12,2028,December,12,50
2028-12-13,2028,December,13,50
2028-12-14,2028,December,14,50
2028-12-15,2028,December,15,50
2028-12-16,2028,December,16,50
2028-12-17,2028,December,17,50
2028-12-18,2028,December,18,51
2028-12-19,2028,December,19,51
2028-12-20,2028,December,20,51
2028-12-21,2028,December,21,51
2028-12-22,2028,December,22,51
2028-12-23,2028,December,23,51
2028-12-24,2028,December,24,51
2028-12-25,2028,December,25,52
2028-12-26,2028,December,26,52
2028-12-27,2028,December,27,52
2028-12-28,2028,December,28,52
2028-12-29,2028,December,29,52
2028-12-30,2028,December,30,52
2028-12-31,2028,December,31,52
2029-01-01,2029,January,1,1
2029-01-02,2029,January,2,1
2029-01-03,2029,January,3,1
2029-01-04,2029,January,4,1
2029-01-05,2029,January,5,1
2029-01-06,2029,January,6,1
2029-01-07,2029,January,7,1
2029-01-08,2029,January,8,2
2029-01-09,2029,January,9,2
2029-01-10,2029,January,10,2
2029-01-11,2029,January,11,2
2029-01-12,2029,January,12,2
2029-01-13,2029,January,13,2
2029-01-14,2029,January,14,2
2029-01-15,2029,January,15,3
2029-01-16,2029,January,16,3
2029-01-17,2029,January,17,3
2029-01-18,2029,January,18,3
2029-01-19,2029,January,19,3
2029-01-20,2029,January,20,3
2029-01-21,2029,January,21,3
2029-01-22,2029,January,22,4
2029-01-23,2029,January,23,4
2029-01-24,2029,January,24,4
2029-01-25,2029,January,25,4
2029-01-26,2029,January,26,4
2029-01-27,2029,January,27,4
2029-01-28,2029,January,28,4
2029-01-29,2029,January,29,5
2029-01-30,2029,January,30,5
2029-01-31,2029,January,31,5
2029-02-01,2029,February,1,5
2029-02-02,2029,February,2,5
2029-02-03,2029,February,3,5
2029-02-04,2029,February,4,5
2029-02-05,2029,February,5,6
2029-02-06,2029,February,6,6
2029-02-07,2029,February,7,6
2029-02-08,2029,February,8,6
2029-02-09,2029,February,9,6
2029-02-10,2029,February,10,6
2029-02-11,2029,February,11,6
2029-02-12,2029,February,12,7
2029-02-13,2029,February,13,7
2029-02-14,2029,February,14,7
2029-02-15,2029,February,15,7
2029-02-16,2029,February,16,7
2029-02-17,2029,February,17,7
2029-02-18,2029,February,18,7
2029-02-19,2029,February,19,8
2029-02-20,2029,February,20,8
2029-02-21,2029,February,21,8
2029-02-22,2029,February,22,8
2029-02-23,2029,February,23,8
2029-02-24,2029,February,24,8
2029-02-25,2029,February,25,8
2029-02-26,2029,February,26,9
2029-02-27,2029,February,27,9
2029-02-28,2029,February,28,9
2029-03-01,2029,March,1,9
2029-03-02,2029,March,2,9
2029-03-03,2029,March,3,9
2029-03-04,2029,March,4,9
2029-03-05,2029,March,5,10
2029-03-06,2029,March,6,10
2029-03-07,2029,March,7,10
2029-03-08,2029,March,8,10
2029-03-09,2029,March,9,10
2029-03-10,2029,March,10,10
2029-03-11,2029,March,11,10
2029-03-12,2029,March,12,11
2029-03-13,2029,March,13,11
2029-03-14,2029,March,14,11
2029-03-15,2029,March,15,11
2029-03-16,2029,March,16,11
2029-03-17,2029,March,17,11
2029-03-18,2029,March,18,11
2029-03-19,2029,March,19,12
2029-03-20,2029,March,20,12
2029-03-21,2029,March,21,12
2029-03-22,2029,March,22,12
2029-03-23,2029,March,23,12
2029-03-24,2029,March,24,12
2029-03-25,2029,March,25,12
2029-03-26,2029,March,26,13
2029-03-27,2029,March,27,13
2029-03-28,2029,March,28,13
2029-03-29,2029,March,29,13
2029-03-30,2029,March,30,13
2029-03-31,2029,March,31,13
2029-04-01,2029,April,1,13
2029-04-02,2029,April,2,14
2029-04-03,2029,April,3,14
2029-04-04,2029,April,4,14
2029-04-05,2029,April,5,14
2029-04-06,2029,April,6,14
2029-04-07,2029,April,7,14
2029-04-08,2029,April,8,14
2029-04-09,2029,April,9,15
2029-04-10,2029,April,10,15
2029-04-11,2029,April,11,15
2029-04-12,2029,April,12,15
2029-04-13,2029,April,13,15
2029-04-14,2029,April,14,15
2029-04-15,2029,April,15,15
2029-04-16,2029,April,16,16
2029-04-17,2029,April,17,16
2029-04-18,2029,April,18,16
2029-04-19,2029,April,19,16
2029-04-20,2029,April,20,16
2029-04-21,2029,April,21,16
2029-04-22,2029,April,22,16
2029-04-23,2029,April,23,17
2029-04-24,2029,April,24,17
2029-04-25,2029,April,25,17
2029-04-26,2029,April,26,17
2029-04-27,2029,April,27,17
2029-04-28,2029,April,28,17
2029-04-29,2029,April,29,17
2029-04-30,2029,April,30,18
2029-05-01,2029,May,1,18
2029-05-02,2029,May,2,18
2029-05-03,2029,May,3,18
2029-05-04,2029,May,4,18
2029-05-05,2029,May,5,18
2029-05-06,2029,May,6,18
2029-05-07,2029,May,7,19
2029-05-08,2029,May,8,19
2029-05-09,2029,May,9,19
2029-05-10,2029,May,10,19
2029-05-11,2029,May,11,19
2029-05-12,2029,May,12,19
2029-05-13,2029,May,13,19
2029-05-14,2029,May,14,20
2029-05-15,2029,May,15,20
2029-05-16,2029,May,16,20
2029-05-17,2029,May,17,20
2029-05-18,2029,May,18,20
2029-05-19,2029,May,19,20
2029-05-20,2029,May,20,20
2029-05-21,2029,May,21,21
2029-05-22,2029,May,22,21
2029-05-23,2029,May,23,21
2029-05-24,2029,May,24,21
2029-05-25,2029,May,25,21
2029-05-26,2029,May,26,21
2029-05-27,2029,May,27,21
2029-05-28,2029,May,28,22
2029-05-29,2029,May,29,22
2029-05-30,2029,May,30,22
2029-05-31,2029,May,31,22
2029-06-01,2029,June,1,22
2029-06-02,2029,June,2,22
2029-06-03,2029,June,3,22
2029-06-04,2029,June,4,23
2029-06-05,2029,June,5,23
2029-06-06,2029,June,6,23
2029-06-07,2029,June,7,23
2029-06-08,2029,June,8,23
2029-06-09,2029,June,9,23
2029-06-10,2029,June,10,23
2029-06-11,2029,June,11,24
2029-06-12,2029,June,12,24
2029-06-13,2029,June,13,24
2029-06-14,2029,June,14,24
2029-06-15,2029,June,15,24
2029-06-16,2029,June,16,24
2029-06-17,2029,June,17,24
2029-06-18,2029,June,18,25
2029-06-19,2029,June,19,25
2029-06-20,2029,June,20,25
2029-06-21,2029,June,21,25
2029-06-22,2029,June,22,25
2029-06-23,2029,June,23,25
2029-06-24,2029,June,24,25
2029-06-25,2029,June,25,26
2029-06-26,2029,June,26,26
2029-06-27,2029,June,27,26
2029-06-28,2029,June,28,26
2029-06-29,2029,June,29,26
2029-06-30,2029,June,30,26
2029-07-01,2029,July,1,26
2029-07-02,2029,July,2,27
2029-07-03,2029,July,3,27
2029-07-04,2029,July,4,27
2029-07-05,2029,July,5,27
2029-07-06,2029,July,6,27
2029-07-07,2029,July,7,27
2029-07-08,2029,July,8,27
2029-07-09,2029,July,9,28
2029-07-10,2029,July,10,28
2029-07-11,2029,July,11,28
2029-07-12,2029,July,12,28
2029-07-13,2029,July,13,28
2029-07-14,2029,July,14,28
2029-07-15,2029,July,15,28
2029-07-16,2029,July,16,29
2029-07-17,2029,July,17,29
2029-07-18,2029,July,18,29
2029-07-19,2029,July,19,29
2029-07-20,2029,July,20,29
2029-07-21,2029,July,21,29
2029-07-22,2029,July,22,29
2029-07-23,2029,July,23,30
2029-07-24,2029,July,24,30
2029-07-25,2029,July,25,30
2029-07-26,2029,July,26,30
2029-07-27,2029,July,27,30
2029-07-28,2029,July,28,30
2029-07-29,2029,July,29,30
2029-07-30,2029,July,30,31
2029-07-31,2029,July,31,31
2029-08-01,2029,August,1,31
2029-08-02,2029,August,2,31
2029-08-03,2029,August,3,31
2029-08-04,2029,August,4,31
2029-08-05,2029,August,5,31
2029-08-06,2029,August,6,32
2029-08-07,2029,August,7,32
2029-08-08,2029,August,8,32
2029-08-09,2029,August,9,32
2029-08-10,2029,August,10,32
2029-08-11,2029,August,11,32
2029-08-12,2029,August,12,32
2029-08-13,2029,August,13,33
2029-08-14,2029,August,14,33
2029-08-15,2029,August,15,33
2029-08-16,2029,August,16,33
2029-08-17,2029,August,17,33
2029-08-18,2029,August,18,33
2029-08-19,2029,August,19,33
2029-08-20,2029,August,20,34
2029-08-21,2029,August,21,34
2029-08-22,2029,August,22,34
2029-08-23,2029,August,23,34
2029-08-24,2029,August,24,34
2029-08-25,2029,August,25,34
2029-08-26,2029,August,26,34
2029-08-27,2029,August,27,35
2029-08-28,2029,August,28,35
2029-08-29,2029,August,29,35
2029-08-30,2029,August,30,35
2029-08-31,2029,August,31,35
2029-09-01,2029,September,1,35
2029-09-02,2029,September,2,35
2029-09-03,2029,September,3,36
2029-09-04,2029,September,4,36
2029-09-05,2029,September,5,36
2029-09-06,2029,September,6,36
2029-09-07,2029,September,7,36
2029-09-08,2029,September,8,36
2029-09-09,2029,September,9,36
2029-09-10,2029,September,10,37
2029-09-11,2029,September,11,37
2029-09-12,2029,September,12,37
2029-09-13,2029,September,13,37
2029-09-14,2029,September,14,37
2029-09-15,2029,September,15,37
2029-09-16,2029,September,16,37
2029-09-17,2029,September,17,38
2029-09-18,2029,September,18,38
2029-09-19,2029,September,19,38
2029-09-20,2029,September,20,38
2029-09-21,2029,September,21,38
2029-09-22,2029,September,22,38
2029-09-23,2029,September,23,38
2029-09-24,2029,September,24,39
2029-09-25,2029,September,25,39
2029-09-26,2029,September,26,39
2029-09-27,2029,September,27,39
2029-09-28,2029,September,28,39
2029-09-29,2029,September,29,39
2029-09-30,2029,September,30,39
2029-10-01,2029,October,1,40
2029-10-02,2029,October,2,40
2029-10-03,2029,October,3,40
2029-10-04,2029,October,4,40
2029-10-05,2029,October,5,40
2029-10-06,2029,October,6,40
2029-10-07,2029,October,7,40
2029-10-08,2029,October,8,41
2029-10-09,2029,October,9,41
2029-10-10,2029,October,10,41
2029-10-11,2029,October,11,41
2029-10-12,2029,October,12,41
2029-10-13,2029,October,13,41
2029-10-14,2029,October,14,41
2029-10-15,2029,October,15,42
2029-10-16,2029,October,16,42
2029-10-17,2029,October,17,42
2029-10-18,2029,October,18,42
2029-10-19,2029,October,19,42
2029-10-20,2029,October,20,42
2029-10-21,2029,October,21,42
2029-10-22,2029,October,22,43
2029-10-23,2029,October,23,43
2029-10-24,2029,October,24,43
2029-10-25,2029,October,25,43
2029-10-26,2029,October,26,43
2029-10-27,2029,October,27,43
2029-10-28,2029,October,28,43
2029-10-29,2029,October,29,44
2029-10-30,2029,October,30,44
2029-10-31,2029,October,31,44
2029-11-01,2029,November,1,44
2029-11-02,2029,November,2,44
2029-11-03,2029,November,3,44
2029-11-04,2029,November,4,44
2029-11-05,2029,November,5,45
2029-11-06,2029,November,6,45
2029-11-07,2029,November,7,45
2029-11-08,2029,November,8,45
2029-11-09,2029,November,9,45
2029-11-10,2029,November,10,45
2029-11-11,2029,November,11,45
2029-11-12,2029,November,12,46
2029-11-13,2029,November,13,46
2029-11-14,2029,November,14,46
2029-11-15,2029,November,15,46
2029-11-16,2029,November,16,46
2029-11-17,2029,November,17,46
2029-11-18,2029,November,18,46
2029-11-19,2029,November,19,47
2029-11-20,2029,November,20,47
2029-11-21,2029,November,21,47
2029-11-22,2029,November,22,47
2029-11-23,2029,November,23,47
2029-11-24,2029,November,24,47
2029-11-25,2029,November,25,47
2029-11-26,2029,November,26,48
2029-11-27,2029,November,27,48
2029-11-28,2029,November,28,48
2029-11-29,2029,November,29,48
2029-11-30,2029,November,30,48
2029-12-01,2029,December,1,48
2029-12-02,2029,December,2,48
2029-12-03,2029,December,3,49
2029-12-04,2029,December,4,49
2029-12-05,2029,December,5,49
2029-12-06,2029,December,6,49
2029-12-07,2029,December,7,49
2029-12-08,2029,December,8,49
2029-12-09,2029,December,9,49
2029-12-10,2029,December,10,50
2029-12-11,2029,December,11,50
2029-12-12,2029,December,12,50
2029-12-13,2029,December,13,50
2029-12-14,2029,December,14,50
2029-12-15,2029,December,15,50
2029-12-16,2029,December,16,50
2029-12-17,2029,December,17,51
2029-12-18,2029,December,18,51
2029-12-19,2029,December,19,51
2029-12-20,2029,December,20,51
2029-12-21,2029,December,21,51
2029-12-22,2029,December,22,51
2029-12-23,2029,December,23,51
2029-12-24,2029,December,24,52
2029-12-25,2029,December,25,52
2029-12-26,2029,December,26,52
2029-12-27,2029,December,27,52
2029-12-28,2029,December,28,52
2029-12-29,2029,December,29,52
2029-12-30,2029,December,30,52
2029-12-31,2029,December,31,1
2030-01-01,2030,January,1,1
2030-01-02,2030,January,2,1
2030-01-03,2030,January,3,1
2030-01-04,2030,January,4,1
2030-01-05,2030,January,5,1
2030-01-06,2030,January,6,1
2030-01-07,2030,January,7,2
2030-01-08,2030,January,8,2
2030-01-09,2030,January,9,2
2030-01-10,2030,January,10,2
2030-01-11,2030,January,11,2
2030-01-12,2030,January,12,2
2030-01-13,2030,January,13,2
2030-01-14,2030,January,14,3
2030-01-15,2030,January,15,3
2030-01-16,2030,January,16,3
2030-01-17,2030,January,17,3
2030-01-18,2030,January,18,3
2030-01-19,2030,January,19,3
2030-01-20,2030,January,20,3
2030-01-21,2030,January,21,4
2030-01-22,2030,January,22,4
2030-01-23,2030,January,23,4
2030-01-24,2030,January,24,4
2030-01-25,2030,January,25,4
2030-01-26,2030,January,26,4
2030-01-27,2030,January,27,4
2030-01-28,2030,January,28,5
2030-01-29,2030,January,29,5
2030-01-30,2030,January,30,5
2030-01-31,2030,January,31,5
2030-02-01,2030,February,1,5
2030-02-02,2030,February,2,5
2030-02-03,2030,February,3,5
2030-02-04,2030,February,4,6
2030-02-05,2030,February,5,6
2030-02-06,2030,February,6,6
2030-02-07,2030,February,7,6
2030-02-08,2030,February,8,6
2030-02-09,2030,February,9,6
2030-02-10,2030,February,10,6
2030-02-11,2030,February,11,7
2030-02-12,2030,February,12,7
2030-02-13,2030,February,13,7
2030-02-14,2030,February,14,7
2030-02-15,2030,February,15,7
2030-02-16,2030,February,16,7
2030-02-17,2030,February,17,7
2030-02-18,2030,February,18,8
2030-02-19,2030,February,19,8
2030-02-20,2030,February,20,8
2030-02-21,2030,February,21,8
2030-02-22,2030,February,22,8
2030-02-23,2030,February,23,8
2030-02-24,2030,February,24,8
2030-02-25,2030,February,25,9
2030-02-26,2030,February,26,9
2030-02-27,2030,February,27,9
2030-02-28,2030,February,28,9
2030-03-01,2030,March,1,9
2030-03-02,2030,March,2,9
2030-03-03,2030,March,3,9
2030-03-04,2030,March,4,10
2030-03-05,2030,March,5,10
2030-03-06,2030,March,6,10
2030-03-07,2030,March,7,10
2030-03-08,2030,March,8,10
2030-03-09,2030,March,9,10
2030-03-10,2030,March,10,10
2030-03-11,2030,March,11,11
2030-03-12,2030,March,12,11
2030-03-13,2030,March,13,11
2030-03-14,2030,March,14,11
2030-03-15,2030,March,15,11
2030-03-16,2030,March,16,11
2030-03-17,2030,March,17,11
2030-03-18,2030,March,18,12
2030-03-19,2030,March,19,12
2030-03-20,2030,March,20,12
2030-03-21,2030,March,21,12
2030-03-22,2030,March,22,12
2030-03-23,2030,March,23,12
2030-03-24,2030,March,24,12
2030-03-25,2030,March,25,13
2030-03-26,2030,March,26,13
2030-03-27,2030,March,27,13
2030-03-28,2030,March,28,13
2030-03-29,2030,March,29,13
2030-03-30,2030,March,30,13
2030-03-31,2030,March,31,13
2030-04-01,2030,April,1,14
2030-04-02,2030,April,2,14
2030-04-03,2030,April,3,14
2030-04-04,2030,April,4,14
2030-04-05,2030,April,5,14
2030-04-06,2030,April,6,14
2030-04-07,2030,April,7,14
2030-04-08,2030,April,8,15
2030-04-09,2030,April,9,15
2030-04-10,2030,April,10,15
2030-04-11,2030,April,11,15
2030-04-12,2030,April,12,15
2030-04-13,2030,April,13,15
2030-04-14,2030,April,14,15
2030-04-15,2030,April,15,16
2030-04-16,2030,April,16,16
2030-04-17,2030,April,17,16
2030-04-18,2030,April,18,16
2030-04-19,2030,April,19,16
2030-04-20,2030,April,20,16
2030-04-21,2030,April,21,16
2030-04-22,2030,April,22,17
2030-04-23,2030,April,23,17
2030-04-24,2030,April,24,17
2030-04-25,2030,April,25,17
2030-04-26,2030,April,26,17
2030-04-27,2030,April,27,17
2030-04-28,2030,April,28,17
2030-04-29,2030,April,29,18
2030-04-30,2030,April,30,18
2030-05-01,2030,May,1,18
2030-05-02,2030,May,2,18
2030-05-03,2030,May,3,18
2030-05-04,2030,May,4,18
2030-05-05,2030,May,5,18
2030-05-06,2030,May,6,19
2030-05-07,2030,May,7,19
2030-05-08,2030,May,8,19
2030-05-09,2030,May,9,19
2030-05-10,2030,May,10,19
2030-05-11,2030,May,11,19
2030-05-12,2030,May,12,19
2030-05-13,2030,May,13,20
2030-05-14,2030,May,14,20
2030-05-15,2030,May,15,20
2030-05-16,2030,May,16,20
2030-05-17,2030,May,17,20
2030-05-18,2030,May,18,20
2030-05-19,2030,May,19,20
2030-05-20,2030,May,20,21
2030-05-21,2030,May,21,21
2030-05-22,2030,May,22,21
2030-05-23,2030,May,23,21
2030-05-24,2030,May,24,21
2030-05-25,2030,May,25,21
2030-05-26,2030,May,26,21
2030-05-27,2030,May,27,22
2030-05-28,2030,May,28,22
2030-05-29,2030,May,29,22
2030-05-30,2030,May,30,22
2030-05-31,2030,May,31,22
2030-06-01,2030,June,1,22
2030-06-02,2030,June,2,22
2030-06-03,2030,June,3,23
2030-06-04,2030,June,4,23
2030-06-05,2030,June,5,23
2030-06-06,2030,June,6,23
2030-06-07,2030,June,7,23
2030-06-08,2030,June,8,23
2030-06-09,2030,June,9,23
2030-06-10,2030,June,10,24
2030-06-11,2030,June,11,24
2030-06-12,2030,June,12,24
2030-06-13,2030,June,13,24
2030-06-14,2030,June,14,24
2030-06-15,2030,June,15,24
2030-06-16,2030,June,16,24
2030-06-17,2030,June,17,25
2030-06-18,2030,June,18,25
2030-06-19,2030,June,19,25
2030-06-20,2030,June,20,25
2030-06-21,2030,June,21,25
2030-06-22,2030,June,22,25
2030-06-23,2030,June,23,25
2030-06-24,2030,June,24,26
2030-06-25,2030,June,25,26
2030-06-26,2030,June,26,26
2030-06-27,2030,June,27,26
2030-06-28,2030,June,28,26
2030-06-29,2030,June,29,26
2030-06-30,2030,June,30,26
2030-07-01,2030,July,1,27
2030-07-02,2030,July,2,27
2030-07-03,2030,July,3,27
2030-07-04,2030,July,4,27
2030-07-05,2030,July,5,27
2030-07-06,2030,July,6,27
2030-07-07,2030,July,7,27
2030-07-08,2030,July,8,28
2030-07-09,2030,July,9,28
2030-07-10,2030,July,10,28
2030-07-11,2030,July,11,28
2030-07-12,2030,July,12,28
2030-07-13,2030,July,13,28
2030-07-14,2030,July,14,28
2030-07-15,2030,July,15,29
2030-07-16,2030,July,16,29
2030-07-17,2030,July,17,29
2030-07-18,2030,July,18,29
2030-07-19,2030,July,19,29
2030-07-20,2030,July,20,29
2030-07-21,2030,July,21,29
2030-07-22,2030,July,22,30
2030-07-23,2030,July,23,30
2030-07-24,2030,July,24,30
2030-07-25,2030,July,25,30
2030-07-26,2030,July,26,30
2030-07-27,2030,July,27,30
2030-07-28,2030,July,28,30
2030-07-29,2030,July,29,31
2030-07-30,2030,July,30,31
2030-07-31,2030,July,31,31
2030-08-01,2030,August,1,31
2030-08-02,2030,August,2,31
2030-08-03,2030,August,3,31
2030-08-04,2030,August,4,31
2030-08-05,2030,August,5,32
2030-08-06,2030,August,6,32
2030-08-07,2030,August,7,32
2030-08-08,2030,August,8,32
2030-08-09,2030,August,9,32
2030-08-10,2030,August,10,32
2030-08-11,2030,August,11,32
2030-08-12,2030,August,12,33
2030-08-13,2030,August,13,33
2030-08-14,2030,August,14,33
2030-08-15,2030,August,15,33
2030-08-16,2030,August,16,33
2030-08-17,2030,August,17,33
2030-08-18,2030,August,18,33
2030-08-19,2030,August,19,34
2030-08-20,2030,August,20,34
2030-08-21,2030,August,21,34
2030-08-22,2030,August,22,34
2030-08-23,2030,August,23,34
2030-08-24,2030,August,24,34
2030-08-25,2030,August,25,34
2030-08-26,2030,August,26,35
2030-08-27,2030,August,27,35
2030-08-28,2030,August,28,35
2030-08-29,2030,August,29,35
2030-08-30,2030,August,30,35
2030-08-31,2030,August,31,35
2030-09-01,2030,September,1,35
2030-09-02,2030,September,2,36
2030-09-03,2030,September,3,36
2030-09-04,2030,September,4,36
2030-09-05,2030,September,5,36
2030-09-06,2030,September,6,36
2030-09-07,2030,September,7,36
2030-09-08,2030,September,8,36
2030-09-09,2030,September,9,37
2030-09-10,2030,September,10,37
2030-09-11,2030,September,11,37
2030-09-12,2030,September,12,37
2030-09-13,2030,September,13,37
2030-09-14,2030,September,14,37
2030-09-15,2030,September,15,37
2030-09-16,2030,September,16,38
2030-09-17,2030,September,17,38
2030-09-18,2030,September,18,38
2030-09-19,2030,September,19,38
2030-09-20,2030,September,20,38
2030-09-21,2030,September,21,38
2030-09-22,2030,September,22,38
2030-09-23,2030,September,23,39
2030-09-24,2030,September,24,39
2030-09-25,2030,September,25,39
2030-09-26,2030,September,26,39
2030-09-27,2030,September,27,39
2030-09-28,2030,September,28,39
2030-09-29,2030,September,29,39
2030-09-30,2030,September,30,40
2030-10-01,2030,October,1,40
2030-10-02,2030,October,2,40
2030-10-03,2030,October,3,40
2030-10-04,2030,October,4,40
2030-10-05,2030,October,5,40
2030-10-06,2030,October,6,40
2030-10-07,2030,October,7,41
2030-10-08,2030,October,8,41
2030-10-09,2030,October,9,41
2030-10-10,2030,October,10,41
2030-10-11,2030,October,11,41
2030-10-12,2030,October,12,41
2030-10-13,2030,October,13,41
2030-10-14,2030,October,14,42
2030-10-15,2030,October,15,42
2030-10-16,2030,October,16,42
2030-10-17,2030,October,17,42
2030-10-18,2030,October,18,42
2030-10-19,2030,October,19,42
2030-10-20,2030,October,20,42
2030-10-21,2030,October,21,43
2030-10-22,2030,October,22,43
2030-10-23,2030,October,23,43
2030-10-24,2030,October,24,43
2030-10-25,2030,October,25,43
2030-10-26,2030,October,26,43
2030-10-27,2030,October,27,43
2030-10-28,2030,October,28,44
2030-10-29,2030,October,29,44
2030-10-30,2030,October,30,44
2030-10-31,2030,October,31,44
2030-11-01,2030,November,1,44
2030-11-02,2030,November,2,44
2030-11-03,2030,November,3,44
2030-11-04,2030,November,4,45
2030-11-05,2030,November,5,45
2030-11-06,2030,November,6,45
2030-11-07,2030,November,7,45
2030-11-08,2030,November,8,45
2030-11-09,2030,November,9,45
2030-11-10,2030,November,10,45
2030-11-11,2030,November,11,46
2030-11-12,2030,November,12,46
2030-11-13,2030,November,13,46
2030-11-14,2030,November,14,46
2030-11-15,2030,November,15,46
2030-11-16,2030,November,16,46
2030-11-17,2030,November,17,46
2030-11-18,2030,November,18,47
2030-11-19,2030,November,19,47
2030-11-20,2030,November,20,47
2030-11-21,2030,November,21,47
2030-11-22,2030,November,22,47
2030-11-23,2030,November,23,47
2030-11-24,2030,November,24,47
2030-11-25,2030,November,25,48
2030-11-26,2030,November,26,48
2030-11-27,2030,November,27,48
2030-11-28,2030,November,28,48
2030-11-29,2030,November,29,48
2030-11-30,2030,November,30,48
2030-12-01,2030,December,1,48
2030-12-02,2030,December,2,49
2030-12-03,2030,December,3,49
2030-12-04,2030,December,4,49
2030-12-05,2030,December,5,49
2030-12-06,2030,December,6,49
2030-12-07,2030,December,7,49
2030-12-08,2030,December,8,49
2030-12-09,2030,December,9,50
2030-12-10,2030,December,10,50
2030-12-11,2030,December,11,50
2030-12-12,2030,December,12,50
2030-12-13,2030,December,13,50
2030-12-14,2030,December,14,50
2030-12-15,2030,December,15,50
2030-12-16,2030,December,16,51
2030-12-17,2030,December,17,51
2030-12-18,2030,December,18,51
2030-12-19,2030,December,19,51
2030-12-20,2030,December,20,51
2030-12-21,2030,December,21,51
2030-12-22,2030,December,22,51
2030-12-23,2030,December,23,52
2030-12-24,2030,December,24,52
2030-12-25,2030,December,25,52
2030-12-26,2030,December,26,52
2030-12-27,2030,December,27,52
2030-12-28,2030,December,28,52
2030-12-29,2030,December,29,52
2030-12-30,2030,December,30,1
2030-12-31,2030,December,31,1
2031-01-01,2031,January,1,1
2031-01-02,2031,January,2,1
2031-01-03,2031,January,3,1
2031-01-04,2031,January,4,1
2031-01-05,2031,January,5,1
2031-01-06,2031,January,6,2
2031-01-07,2031,January,7,2
2031-01-08,2031,January,8,2
2031-01-09,2031,January,9,2
2031-01-10,2031,January,10,2
2031-01-11,2031,January,11,2
2031-01-12,2031,January,12,2
2031-01-13,2031,January,13,3
2031-01-14,2031,January,14,3
2031-01-15,2031,January,15,3
2031-01-16,2031,January,16,3
2031-01-17,2031,January,17,3
2031-01-18,2031,January,18,3
2031-01-19,2031,January,19,3
2031-01-20,2031,January,20,4
2031-01-21,2031,January,21,4
2031-01-22,2031,January,22,4
2031-01-23,2031,January,23,4
2031-01-24,2031,January,24,4
2031-01-25,2031,January,25,4
2031-01-26,2031,January,26,4
2031-01-27,2031,January,27,5
2031-01-28,2031,January,28,5
2031-01-29,2031,January,29,5
2031-01-30,2031,January,30,5
2031-01-31,2031,January,31,5
2031-02-01,2031,February,1,5
2031-02-02,2031,February,2,5
2031-02-03,2031,February,3,6
2031-02-04,2031,February,4,6
2031-02-05,2031,February,5,6
2031-02-06,2031,February,6,6
2031-02-07,2031,February,7,6
2031-02-08,2031,February,8,6
2031-02-09,2031,February,9,6
2031-02-10,2031,February,10,7
2031-02-11,2031,February,11,7
2031-02-12,2031,February,12,7
2031-02-13,2031,February,13,7
2031-02-14,2031,February,14,7
2031-02-15,2031,February,15,7
2031-02-16,2031,February,16,7
2031-02-17,2031,February,17,8
2031-02-18,2031,February,18,8
2031-02-19,2031,February,19,8
2031-02-20,2031,February,20,8
2031-02-21,2031,February,21,8
2031-02-22,2031,February,22,8
2031-02-23,2031,February,23,8
2031-02-24,2031,February,24,9
2031-02-25,2031,February,25,9
2031-02-26,2031,February,26,9
2031-02-27,2031,February,27,9
2031-02-28,2031,February,28,9
2031-03-01,2031,March,1,9
2031-03-02,2031,March,2,9
2031-03-03,2031,March,3,10
2031-03-04,2031,March,4,10
2031-03-05,2031,March,5,10
2031-03-06,2031,March,6,10
2031-03-07,2031,March,7,10
2031-03-08,2031,March,8,10
2031-03-09,2031,March,9,10
2031-03-10,2031,March,10,11
2031-03-11,2031,March,11,11
2031-03-12,2031,March,12,11
2031-03-13,2031,March,13,11
2031-03-14,2031,March,14,11
2031-03-15,2031,March,15,11
2031-03-16,2031,March,16,11
2031-03-17,2031,March,17,12
2031-03-18,2031,March,18,12
2031-03-19,2031,March,19,12
2031-03-20,2031,March,20,12
2031-03-21,2031,March,21,12
2031-03-22,2031,March,22,12
2031-03-23,2031,March,23,12
2031-03-24,2031,March,24,13
2031-03-25,2031,March,25,13
2031-03-26,2031,March,26,13
2031-03-27,2031,March,27,13
2031-03-28,2031,March,28,13
2031-03-29,2031,March,29,13
2031-03-30,2031,March,30,13
2031-03-31,2031,March,31,14
2031-04-01,2031,April,1,14
2031-04-02,2031,April,2,14
2031-04-03,2031,April,3,14
2031-04-04,2031,April,4,14
2031-04-05,2031,April,5,14
2031-04-06,2031,April,6,14
2031-04-07,2031,April,7,15
2031-04-08,2031,April,8,15
2031-04-09,2031,April,9,15
2031-04-10,2031,April,10,15
2031-04-11,2031,April,11,15
2031-04-12,2031,April,12,15
2031-04-13,2031,April,13,15
2031-04-14,2031,April,14,16
2031-04-15,2031,April,15,16
2031-04-16,2031,April,16,16
2031-04-17,2031,April,17,16
2031-04-18,2031,April,18,16
2031-04-19,2031,April,19,16
2031-04-20,2031,April,20,16
2031-04-21,2031,April,21,17
2031-04-22,2031,April,22,17
2031-04-23,2031,April,23,17
2031-04-24,2031,April,24,17
2031-04-25,2031,April,25,17
2031-04-26,2031,April,26,17
2031-04-27,2031,April,27,17
2031-04-28,2031,April,28,18
2031-04-29,2031,April,29,18
2031-04-30,2031,April,30,18
2031-05-01,2031,May,1,18
2031-05-02,2031,May,2,18
2031-05-03,2031,May,3,18
2031-05-04,2031,May,4,18
2031-05-05,2031,May,5,19
2031-05-06,2031,May,6,19
2031-05-07,2031,May,7,19
2031-05-08,2031,May,8,19
2031-05-09,2031,May,9,19
2031-05-10,2031,May,10,19
2031-05-11,2031,May,11,19
2031-05-12,2031,May,12,20
2031-05-13,2031,May,13,20
2031-05-14,2031,May,14,20
2031-05-15,2031,May,15,20
2031-05-16,2031,May,16,20
2031-05-17,2031,May,17,20
2031-05-18,2031,May,18,20
2031-05-19,2031,May,19,21
2031-05-20,2031,May,20,21
2031-05-21,2031,May,21,21
2031-05-22,2031,May,22,21
2031-05-23,2031,May,23,21
2031-05-24,2031,May,24,21
2031-05-25,2031,May,25,21
2031-05-26,2031,May,26,22
2031-05-27,2031,May,27,22
2031-05-28,2031,May,28,22
2031-05-29,2031,May,29,22
2031-05-30,2031,May,30,22
2031-05-31,2031,May,31,22
2031-06-01,2031,June,1,22
2031-06-02,2031,June,2,23
2031-06-03,2031,June,3,23
2031-06-04,2031,June,4,23
2031-06-05,2031,June,5,23
2031-06-06,2031,June,6,23
2031-06-07,2031,June,7,23
2031-06-08,2031,June,8,23
2031-06-09,2031,June,9,24
2031-06-10,2031,June,10,24
2031-06-11,2031,June,11,24
2031-06-12,2031,June,12,24
2031-06-13,2031,June,13,24
2031-06-14,2031,June,14,24
2031-06-15,2031,June,15,24
2031-06-16,2031,June,16,25
2031-06-17,2031,June,17,25
2031-06-18,2031,June,18,25
2031-06-19,2031,June,19,25
2031-06-20,2031,June,20,25
2031-06-21,2031,June,21,25
2031-06-22,2031,June,22,25
2031-06-23,2031,June,23,26
2031-06-24,2031,June,24,26
2031-06-25,2031,June,25,26
2031-06-26,2031,June,26,26
2031-06-27,2031,June,27,26
2031-06-28,2031,June,28,26
2031-06-29,2031,June,29,26
2031-06-30,2031,June,30,27
2031-07-01,2031,July,1,27
2031-07-02,2031,July,2,27
2031-07-03,2031,July,3,27
2031-07-04,2031,July,4,27
2031-07-05,2031,July,5,27
2031-07-06,2031,July,6,27
2031-07-07,2031,July,7,28
2031-07-08,2031,July,8,28
2031-07-09,2031,July,9,28
2031-07-10,2031,July,10,28
2031-07-11,2031,July,11,28
2031-07-12,2031,July,12,28
2031-07-13,2031,July,13,28
2031-07-14,2031,July,14,29
2031-07-15,2031,July,15,29
2031-07-16,2031,July,16,29
2031-07-17,2031,July,17,29
2031-07-18,2031,July,18,29
2031-07-19,2031,July,19,29
2031-07-20,2031,July,20,29
2031-07-21,2031,July,21,30
2031-07-22,2031,July,22,30
2031-07-23,2031,July,23,30
2031-07-24,2031,July,24,30
2031-07-25,2031,July,25,30
2031-07-26,2031,July,26,30
2031-07-27,2031,July,27,30
2031-07-28,2031,July,28,31
2031-07-29,2031,July,29,31
2031-07-30,2031,July,30,31
2031-07-31,2031,July,31,31
2031-08-01,2031,August,1,31
2031-08-02,2031,August,2,31
2031-08-03,2031,August,3,31
2031-08-04,2031,August,4,32
2031-08-05,2031,August,5,32
2031-08-06,2031,August,6,32
2031-08-07,2031,August,7,32
2031-08-08,2031,August,8,32
2031-08-09,2031,August,9,32
2031-08-10,2031,August,10,32
2031-08-11,2031,August,11,33
2031-08-12,2031,August,12,33
2031-08-13,2031,August,13,33
2031-08-14,2031,August,14,33
2031-08-15,2031,August,15,33
2031-08-16,2031,August,16,33
2031-08-17,2031,August,17,33
2031-08-18,2031,August,18,34
2031-08-19,2031,August,19,34
2031-08-20,2031,August,20,34
2031-08-21,2031,August,21,34
2031-08-22,2031,August,22,34
2031-08-23,2031,August,23,34
2031-08-24,2031,August,24,34
2031-08-25,2031,August,25,35
2031-08-26,2031,August,26,35
2031-08-27,2031,August,27,35
2031-08-28,2031,August,28,35
2031-08-29,2031,August,29,35
2031-08-30,2031,August,30,35
2031-08-31,2031,August,31,35
2031-09-01,2031,September,1,36
2031-09-02,2031,September,2,36
2031-09-03,2031,September,3,36
2031-09-04,2031,September,4,36
2031-09-05,2031,September,5,36
2031-09-06,2031,September,6,36
2031-09-07,2031,September,7,36
2031-09-08,2031,September,8,37
2031-09-09,2031,September,9,37
2031-09-10,2031,September,10,37
2031-09-11,2031,September,11,37
2031-09-12,2031,September,12,37
2031-09-13,2031,September,13,37
2031-09-14,2031,September,14,37
2031-09-15,2031,September,15,38
2031-09-16,2031,September,16,38
2031-09-17,2031,September,17,38
2031-09-18,2031,September,18,38
2031-09-19,2031,September,19,38
2031-09-20,2031,September,20,38
2031-09-21,2031,September,21,38
2031-09-22,2031,September,22,39
2031-09-23,2031,September,23,39
2031-09-24,2031,September,24,39
2031-09-25,2031,September,25,39
2031-09-26,2031,September,26,39
2031-09-27,2031,September,27,39
2031-09-28,2031,September,28,39
2031-09-29,2031,September,29,40
2031-09-30,2031,September,30,40
2031-10-01,2031,October,1,40
2031-10-02,2031,October,2,40
2031-10-03,2031,October,3,40
2031-10-04,2031,October,4,40
2031-10-05,2031,October,5,40
2031-10-06,2031,October,6,41
2031-10-07,2031,October,7,41
2031-10-08,2031,October,8,41
2031-10-09,2031,October,9,41
2031-10-10,2031,October,10,41
2031-10-11,2031,October,11,41
2031-10-12,2031,October,12,41
2031-10-13,2031,October,13,42
2031-10-14,2031,October,14,42
2031-10-15,2031,October,15,42
2031-10-16,2031,October,16,42
2031-10-17,2031,October,17,42
2031-10-18,2031,October,18,42
2031-10-19,2031,October,19,42
2031-10-20,2031,October,20,43
2031-10-21,2031,October,21,43
2031-10-22,2031,October,22,43
2031-10-23,2031,October,23,43
2031-10-24,2031,October,24,43
2031-10-25,2031,October,25,43
2031-10-26,2031,October,26,43
2031-10-27,2031,October,27,44
2031-10-28,2031,October,28,44
2031-10-29,2031,October,29,44
2031-10-30,2031,October,30,44
2031-10-31,2031,October,31,44
2031-11-01,2031,November,1,44
2031-11-02,2031,November,2,44
2031-11-03,2031,November,3,45
2031-11-04,2031,November,4,45
2031-11-05,2031,November,5,45
2031-11-06,2031,November,6,45
2031-11-07,2031,November,7,45
2031-11-08,2031,November,8,45
2031-11-09,2031,November,9,45
2031-11-10,2031,November,10,46
2031-11-11,2031,November,11,46
2031-11-12,2031,November,12,46
2031-11-13,2031,November,13,46
2031-11-14,2031,November,14,46
2031-11-15,2031,November,15,46
2031-11-16,2031,November,16,46
2031-11-17,2031,November,17,47
2031-11-18,2031,November,18,47
2031-11-19,2031,November,19,47
2031-11-20,2031,November,20,47
2031-11-21,2031,November,21,47
2031-11-22,2031,November,22,47
2031-11-23,2031,November,23,47
2031-11-24,2031,November,24,48
2031-11-25,2031,November,25,48
2031-11-26,2031,November,26,48
2031-11-27,2031,November,27,48
2031-11-28,2031,November,28,48
2031-11-29,2031,November,29,48
2031-11-30,2031,November,30,48
2031-12-01,2031,December,1,49
2031-12-02,2031,December,2,49
2031-12-03,2031,December,3,49
2031-12-04,2031,December,4,49
2031-12-05,2031,December,5,49
2031-12-06,2031,December,6,49
2031-12-07,2031,December,7,49
2031-12-08,2031,December,8,50
2031-12-09,2031,December,9,50
2031-12-10,2031,December,10,50
2031-12-11,2031,December,11,50
2031-12-12,2031,December,12,50
2031-12-13,2031,December,13,50
2031-12-14,2031,December,14,50
2031-12-15,2031,December,15,51
2031-12-16,2031,December,16,51
2031-12-17,2031,December,17,51
2031-12-18,2031,December,18,51
2031-12-19,2031,December,19,51
2031-12-20,2031,December,20,51
2031-12-21,2031,December,21,51
2031-12-22,2031,December,22,52
2031-12-23,2031,December,23,52
2031-12-24,2031,December,24,52
2031-12-25,2031,December,25,52
2031-12-26,2031,December,26,52
2031-12-27,2031,December,27,52
2031-12-28,2031,December,28,52
2031-12-29,2031,December,29,1
2031-12-30,2031,December,30,1
2031-12-31,2031,December,31,1
2032-01-01,2032,January,1,1
2032-01-02,2032,January,2,1
2032-01-03,2032,January,3,1
2032-01-04,2032,January,4,1
2032-01-05,2032,January,5,2
2032-01-06,2032,January,6,2
2032-01-07,2032,January,7,2
2032-01-08,2032,January,8,2
2032-01-09,2032,January,9,2
2032-01-10,2032,January,10,2
2032-01-11,2032,January,11,2
2032-01-12,2032,January,12,3
2032-01-13,2032,January,13,3
2032-01-14,2032,January,14,3
2032-01-15,2032,January,15,3
2032-01-16,2032,January,16,3
2032-01-17,2032,January,17,3
2032-01-18,2032,January,18,3
2032-01-19,2032,January,19,4
2032-01-20,2032,January,20,4
2032-01-21,2032,January,21,4
2032-01-22,2032,January,22,4
2032-01-23,2032,January,23,4
2032-01-24,2032,January,24,4
2032-01-25,2032,January,25,4
2032-01-26,2032,January,26,5
2032-01-27,2032,January,27,5
2032-01-28,2032,January,28,5
2032-01-29,2032,January,29,5
2032-01-30,2032,January,30,5
2032-01-31,2032,January,31,5
2032-02-01,2032,February,1,5
2032-02-02,2032,February,2,6
2032-02-03,2032,February,3,6
2032-02-04,2032,February,4,6
2032-02-05,2032,February,5,6
2032-02-06,2032,February,6,6
2032-02-07,2032,February,7,6
2032-02-08,2032,February,8,6
2032-02-09,2032,February,9,7
2032-02-10,2032,February,10,7
2032-02-11,2032,February,11,7
2032-02-12,2032,February,12,7
2032-02-13,2032,February,13,7
2032-02-14,2032,February,14,7
2032-02-15,2032,February,15,7
2032-02-16,2032,February,16,8
2032-02-17,2032,February,17,8
2032-02-18,2032,February,18,8
2032-02-19,2032,February,19,8
2032-02-20,2032,February,20,8
2032-02-21,2032,February,21,8
2032-02-22,2032,February,22,8
2032-02-23,2032,February,23,9
2032-02-24,2032,February,24,9
2032-02-25,2032,February,25,9
2032-02-26,2032,February,26,9
2032-02-27,2032,February,27,9
2032-02-28,2032,February,28,9
2032-02-29,2032,February,29,9
2032-03-01,2032,March,1,10
2032-03-02,2032,March,2,10
2032-03-03,2032,March,3,10
2032-03-04,2032,March,4,10
2032-03-05,2032,March,5,10
2032-03-06,2032,March,6,10
2032-03-07,2032,March,7,10
2032-03-08,2032,March,8,11
2032-03-09,2032,March,9,11
2032-03-10,2032,March,10,11
2032-03-11,2032,March,11,11
2032-03-12,2032,March,12,11
2032-03-13,2032,March,13,11
2032-03-14,2032,March,14,11
2032-03-15,2032,March,15,12
2032-03-16,2032,March,16,12
2032-03-17,2032,March,17,12
2032-03-18,2032,March,18,12
2032-03-19,2032,March,19,12
2032-03-20,2032,March,20,12
2032-03-21,2032,March,21,12
2032-03-22,2032,March,22,13
2032-03-23,2032,March,23,13
2032-03-24,2032,March,24,13
2032-03-25,2032,March,25,13
2032-03-26,2032,March,26,13
2032-03-27,2032,March,27,13
2032-03-28,2032,March,28,13
2032-03-29,2032,March,29,14
2032-03-30,2032,March,30,14
2032-03-31,2032,March,31,14
2032-04-01,2032,April,1,14
2032-04-02,2032,April,2,14
2032-04-03,2032,April,3,14
2032-04-04,2032,April,4,14
2032-04-05,2032,April,5,15
2032-04-06,2032,April,6,15
2032-04-07,2032,April,7,15
2032-04-08,2032,April,8,15
2032-04-09,2032,April,9,15
2032-04-10,2032,April,10,15
2032-04-11,2032,April,11,15
2032-04-12,2032,April,12,16
2032-04-13,2032,April,13,16
2032-04-14,2032,April,14,16
2032-04-15,2032,April,15,16
2032-04-16,2032,April,16,16
2032-04-17,2032,April,17,16
2032-04-18,2032,April,18,16
2032-04-19,2032,April,19,17
2032-04-20,2032,April,20,17
2032-04-21,2032,April,21,17
2032-04-22,2032,April,22,17
2032-04-23,2032,April,23,17
2032-04-24,2032,April,24,17
2032-04-25,2032,April,25,17
2032-04-26,2032,April,26,18
2032-04-27,2032,April,27,18
2032-04-28,2032,April,28,18
2032-04-29,2032,April,29,18
2032-04-30,2032,April,30,18
2032-05-01,2032,May,1,18
2032-05-02,2032,May,2,18
2032-05-03,2032,May,3,19
2032-05-04,2032,May,4,19
2032-05-05,2032,May,5,19
2032-05-06,2032,May,6,19
2032-05-07,2032,May,7,19
2032-05-08,2032,May,8,19
2032-05-09,2032,May,9,19
2032-05-10,2032,May,10,20
2032-05-11,2032,May,11,20
2032-05-12,2032,May,12,20
2032-05-13,2032,May,13,20
2032-05-14,2032,May,14,20
2032-05-15,2032,May,15,20
2032-05-16,2032,May,16,20
2032-05-17,2032,May,17,21
2032-05-18,2032,May,18,21
2032-05-19,2032,May,19,21
2032-05-20,2032,May,20,21
2032-05-21,2032,May,21,21
2032-05-22,2032,May,22,21
2032-05-23,2032,May,23,21
2032-05-24,2032,May,24,22
2032-05-25,2032,May,25,22
2032-05-26,2032,May,26,22
2032-05-27,2032,May,27,22
2032-05-28,2032,May,28,22
2032-05-29,2032,May,29,22
2032-05-30,2032,May,30,22
2032-05-31,2032,May,31,23
2032-06-01,2032,June,1,23
2032-06-02,2032,June,2,23
2032-06-03,2032,June,3,23
2032-06-04,2032,June,4,23
2032-06-05,2032,June,5,23
2032-06-06,2032,June,6,23
2032-06-07,2032,June,7,24
2032-06-08,2032,June,8,24
2032-06-09,2032,June,9,24
2032-06-10,2032,June,10,24
2032-06-11,2032,June,11,24
2032-06-12,2032,June,12,24
2032-06-13,2032,June,13,24
2032-06-14,2032,June,14,25
2032-06-15,2032,June,15,25
2032-06-16,2032,June,16,25
2032-06-17,2032,June,17,25
2032-06-18,2032,June,18,25
2032-06-19,2032,June,19,25
2032-06-20,2032,June,20,25
2032-06-21,2032,June,21,26
2032-06-22,2032,June,22,26
2032-06-23,2032,June,23,26
2032-06-24,2032,June,24,26
2032-06-25,2032,June,25,26
2032-06-26,2032,June,26,26
2032-06-27,2032,June,27,26
2032-06-28,2032,June,28,27
2032-06-29,2032,June,29,27
2032-06-30,2032,June,30,27
2032-07-01,2032,July,1,27
2032-07-02,2032,July,2,27
2032-07-03,2032,July,3,27
2032-07-04,2032,July,4,27
2032-07-05,2032,July,5,28
2032-07-06,2032,July,6,28
2032-07-07,2032,July,7,28
2032-07-08,2032,July,8,28
2032-07-09,2032,July,9,28
2032-07-10,2032,July,10,28
2032-07-11,2032,July,11,28
2032-07-12,2032,July,12,29
2032-07-13,2032,July,13,29
2032-07-14,2032,July,14,29
2032-07-15,2032,July,15,29
2032-07-16,2032,July,16,29
2032-07-17,2032,July,17,29
2032-07-18,2032,July,18,29
2032-07-19,2032,July,19,30
2032-07-20,2032,July,20,30
2032-07-21,2032,July,21,30
2032-07-22,2032,July,22,30
2032-07-23,2032,July,23,30
2032-07-24,2032,July,24,30
2032-07-25,2032,July,25,30
2032-07-26,2032,July,26,31
2032-07-27,2032,July,27,31
2032-07-28,2032,July,28,31
2032-07-29,2032,July,29,31
2032-07-30,2032,July,30,31
2032-07-31,2032,July,31,31
2032-08-01,2032,August,1,31
2032-08-02,2032,August,2,32
2032-08-03,2032,August,3,32
2032-08-04,2032,August,4,32
2032-08-05,2032,August,5,32
2032-08-06,2032,August,6,32
2032-08-07,2032,August,7,32
2032-08-08,2032,August,8,32
2032-08-09,2032,August,9,33
2032-08-10,2032,August,10,33
2032-08-11,2032,August,11,33
2032-08-12,2032,August,12,33
2032-08-13,2032,August,13,33
2032-08-14,2032,August,14,33
2032-08-15,2032,August,15,33
2032-08-16,2032,August,16,34
2032-08-17,2032,August,17,34
2032-08-18,2032,August,18,34
2032-08-19,2032,August,19,34
2032-08-20,2032,August,20,34
2032-08-21,2032,August,21,34
2032-08-22,2032,August,22,34
2032-08-23,2032,August,23,35
2032-08-24,2032,August,24,35
2032-08-25,2032,August,25,35
2032-08-26,2032,August,26,35
2032-08-27,2032,August,27,35
2032-08-28,2032,August,28,35
2032-08-29,2032,August,29,35
2032-08-30,2032,August,30,36
2032-08-31,2032,August,31,36
2032-09-01,2032,September,1,36
2032-09-02,2032,September,2,36
2032-09-03,2032,September,3,36
2032-09-04,2032,September,4,36
2032-09-05,2032,September,5,36
2032-09-06,2032,September,6,37
2032-09-07,2032,September,7,37
2032-09-08,2032,September,8,37
2032-09-09,2032,September,9,37
2032-09-10,2032,September,10,37
2032-09-11,2032,September,11,37
2032-09-12,2032,September,12,37
2032-09-13,2032,September,13,38
2032-09-14,2032,September,14,38
2032-09-15,2032,September,15,38
2032-09-16,2032,September,16,38
2032-09-17,2032,September,17,38
2032-09-18,2032,September,18,38
2032-09-19,2032,September,19,38
2032-09-20,2032,September,20,39
2032-09-21,2032,September,21,39
2032-09-22,2032,September,22,39
2032-09-23,2032,September,23,39
2032-09-24,2032,September,24,39
2032-09-25,2032,September,25,39
2032-09-26,2032,September,26,39
2032-09-27,2032,September,27,40
2032-09-28,2032,September,28,40
2032-09-29,2032,September,29,40
2032-09-30,2032,September,30,40
2032-10-01,2032,October,1,40
2032-10-02,2032,October,2,40
2032-10-03,2032,October,3,40
2032-10-04,2032,October,4,41
2032-10-05,2032,October,5,41
2032-10-06,2032,October,6,41
2032-10-07,2032,October,7,41
2032-10-08,2032,October,8,41
2032-10-09,2032,October,9,41
2032-10-10,2032,October,10,41
2032-10-11,2032,October,11,42
2032-10-12,2032,October,12,42
2032-10-13,2032,October,13,42
2032-10-14,2032,October,14,42
2032-10-15,2032,October,15,42
2032-10-16,2032,October,16,42
2032-10-17,2032,October,17,42
2032-10-18,2032,October,18,43
2032-10-19,2032,October,19,43
2032-10-20,2032,October,20,43
2032-10-21,2032,October,21,43
2032-10-22,2032,October,22,43
2032-10-23,2032,October,23,43
2032-10-24,2032,October,24,43
2032-10-25,2032,October,25,44
2032-10-26,2032,October,26,44
2032-10-27,2032,October,27,44
2032-10-28,2032,October,28,44
2032-10-29,2032,October,29,44
2032-10-30,2032,October,30,44
2032-10-31,2032,October,31,44
2032-11-01,2032,November,1,45
2032-11-02,2032,November,2,45
2032-11-03,2032,November,3,45
2032-11-04,2032,November,4,45
2032-11-05,2032,November,5,45
2032-11-06,2032,November,6,45
2032-11-07,2032,November,7,45
2032-11-08,2032,November,8,46
2032-11-09,2032,November,9,46
2032-11-10,2032,November,10,46
2032-11-11,2032,November,11,46
2032-11-12,2032,November,12,46
2032-11-13,2032,November,13,46
2032-11-14,2032,November,14,46
2032-11-15,2032,November,15,47
2032-11-16,2032,November,16,47
2032-11-17,2032,November,17,47
2032-11-18,2032,November,18,47
2032-11-19,2032,November,19,47
2032-11-20,2032,November,20,47
2032-11-21,2032,November,21,47
2032-11-22,2032,November,22,48
2032-11-23,2032,November,23,48
2032-11-24,2032,November,24,48
2032-11-25,2032,November,25,48
2032-11-26,2032,November,26,48
2032-11-27,2032,November,27,48
2032-11-28,2032,November,28,48
2032-11-29,2032,November,29,49
2032-11-30,2032,November,30,49
2032-12-01,2032,December,1,49
2032-12-02,2032,December,2,49
2032-12-03,2032,December,3,49
2032-12-04,2032,December,4,49
2032-12-05,2032,December,5,49
2032-12-06,2032,December,6,50
2032-12-07,2032,December,7,50
2032-12-08,2032,December,8,50
2032-12-09,2032,December,9,50
2032-12-10,2032,December,10,50
2032-12-11,2032,December,11,50
2032-12-12,2032,December,12,50
2032-12-13,2032,December,13,51
2032-12-14,2032,December,14,51
2032-12-15,2032,December,15,51
2032-12-16,2032,December,16,51
2032-12-17,2032,December,17,51
2032-12-18,2032,December,18,51
2032-12-19,2032,December,19,51
2032-12-20,2032,December,20,52
2032-12-21,2032,December,21,52
2032-12-22,2032,December,22,52
2032-12-23,2032,December,23,52
2032-12-24,2032,December,24,52
2032-12-25,2032,December,25,52
2032-12-26,2032,December,26,52
2032-12-27,2032,December,27,53
2032-12-28,2032,December,28,53
2032-12-29,2032,December,29,53
2032-12-30,2032,December,30,53
2032-12-31,2032,December,31,53
2033-01-01,2033,January,1,53
2033-01-02,2033,January,2,53
2033-01-03,2033,January,3,1
2033-01-04,2033,January,4,1
2033-01-05,2033,January,5,1
2033-01-06,2033,January,6,1
2033-01-07,2033,January,7,1
2033-01-08,2033,January,8,1
2033-01-09,2033,January,9,1
2033-01-10,2033,January,10,2
2033-01-11,2033,January,11,2
2033-01-12,2033,January,12,2
2033-01-13,2033,January,13,2
2033-01-14,2033,January,14,2
2033-01-15,2033,January,15,2
2033-01-16,2033,January,16,2
2033-01-17,2033,January,17,3
2033-01-18,2033,January,18,3
2033-01-19,2033,January,19,3
2033-01-20,2033,January,20,3
2033-01-21,2033,January,21,3
2033-01-22,2033,January,22,3
2033-01-23,2033,January,23,3
2033-01-24,2033,January,24,4
2033-01-25,2033,January,25,4
2033-01-26,2033,January,26,4
2033-01-27,2033,January,27,4
2033-01-28,2033,January,28,4
2033-01-29,2033,January,29,4
2033-01-30,2033,January,30,4
2033-01-31,2033,January,31,5
2033-02-01,2033,February,1,5
2033-02-02,2033,February,2,5
2033-02-03,2033,February,3,5
2033-02-04,2033,February,4,5
2033-02-05,2033,February,5,5
2033-02-06,2033,February,6,5
2033-02-07,2033,February,7,6
2033-02-08,2033,February,8,6
2033-02-09,2033,February,9,6
2033-02-10,2033,February,10,6
2033-02-11,2033,February,11,6
2033-02-12,2033,February,12,6
2033-02-13,2033,February,13,6
2033-02-14,2033,February,14,7
2033-02-15,2033,February,15,7
2033-02-16,2033,February,16,7
2033-02-17,2033,February,17,7
2033-02-18,2033,February,18,7
2033-02-19,2033,February,19,7
2033-02-20,2033,February,20,7
2033-02-21,2033,February,21,8
2033-02-22,2033,February,22,8
2033-02-23,2033,February,23,8
2033-02-24,2033,February,24,8
2033-02-25,2033,February,25,8
2033-02-26,2033,February,26,8
2033-02-27,2033,February,27,8
2033-02-28,2033,February,28,9
2033-03-01,2033,March,1,9
2033-03-02,2033,March,2,9
2033-03-03,2033,March,3,9
2033-03-04,2033,March,4,9
2033-03-05,2033,March,5,9
2033-03-06,2033,March,6,9
2033-03-07,2033,March,7,10
2033-03-08,2033,March,8,10
2033-03-09,2033,March,9,10
2033-03-10,2033,March,10,10
2033-03-11,2033,March,11,10
2033-03-12,2033,March,12,10
2033-03-13,2033,March,13,10
2033-03-14,2033,March,14,11
2033-03-15,2033,March,15,11
2033-03-16,2033,March,16,11
2033-03-17,2033,March,17,11
2033-03-18,2033,March,18,11
2033-03-19,2033,March,19,11
2033-03-20,2033,March,20,11
2033-03-21,2033,March,21,12
2033-03-22,2033,March,22,12
2033-03-23,2033,March,23,12
2033-03-24,2033,March,24,12
2033-03-25,2033,March,25,12
2033-03-26,2033,March,26,12
2033-03-27,2033,March,27,12
2033-03-28,2033,March,28,13
2033-03-29,2033,March,29,13
2033-03-30,2033,March,30,13
2033-03-31,2033,March,31,13
2033-04-01,2033,April,1,13
2033-04-02,2033,April,2,13
2033-04-03,2033,April,3,13
2033-04-04,2033,April,4,14
2033-04-05,2033,April,5,14
2033-04-06,2033,April,6,14
2033-04-07,2033,April,7,14
2033-04-08,2033,April,8,14
2033-04-09,2033,April,9,14
2033-04-10,2033,April,10,14
2033-04-11,2033,April,11,15
2033-04-12,2033,April,12,15
2033-04-13,2033,April,13,15
2033-04-14,2033,April,14,15
2033-04-15,2033,April,15,15
2033-04-16,2033,April,16,15
2033-04-17,2033,April,17,15
2033-04-18,2033,April,18,16
2033-04-19,2033,April,19,16
2033-04-20,2033,April,20,16
2033-04-21,2033,April,21,16
2033-04-22,2033,April,22,16
2033-04-23,2033,April,23,16
2033-04-24,2033,April,24,16
2033-04-25,2033,April,25,17
2033-04-26,2033,April,26,17
2033-04-27,2033,April,27,17
2033-04-28,2033,April,28,17
2033-04-29,2033,April,29,17
2033-04-30,2033,April,30,17
2033-05-01,2033,May,1,17
2033-05-02,2033,May,2,18
2033-05-03,2033,May,3,18
2033-05-04,2033,May,4,18
2033-05-05,2033,May,5,18
2033-05-06,2033,May,6,18
2033-05-07,2033,May,7,18
2033-05-08,2033,May,8,18
2033-05-09,2033,May,9,19
2033-05-10,2033,May,10,19
2033-05-11,2033,May,11,19
2033-05-12,2033,May,12,19
2033-05-13,2033,May,13,19
2033-05-14,2033,May,14,19
2033-05-15,2033,May,15,19
2033-05-16,2033,May,16,20
2033-05-17,2033,May,17,20
2033-05-18,2033,May,18,20
2033-05-19,2033,May,19,20
2033-05-20,2033,May,20,20
2033-05-21,2033,May,21,20
2033-05-22,2033,May,22,20
2033-05-23,2033,May,23,21
2033-05-24,2033,May,24,21
2033-05-25,2033,May,25,21
2033-05-26,2033,May,26,21
2033-05-27,2033,May,27,21
2033-05-28,2033,May,28,21
2033-05-29,2033,May,29,21
2033-05-30,2033,May,30,22
2033-05-31,2033,May,31,22
2033-06-01,2033,June,1,22
2033-06-02,2033,June,2,22
2033-06-03,2033,June,3,22
2033-06-04,2033,June,4,22
2033-06-05,2033,June,5,22
2033-06-06,2033,June,6,23
2033-06-07,2033,June,7,23
2033-06-08,2033,June,8,23
2033-06-09,2033,June,9,23
2033-06-10,2033,June,10,23
2033-06-11,2033,June,11,23
2033-06-12,2033,June,12,23
2033-06-13,2033,June,13,24
2033-06-14,2033,June,14,24
2033-06-15,2033,June,15,24
2033-06-16,2033,June,16,24
2033-06-17,2033,June,17,24
2033-06-18,2033,June,18,24
2033-06-19,2033,June,19,24
2033-06-20,2033,June,20,25
2033-06-21,2033,June,21,25
2033-06-22,2033,June,22,25
2033-06-23,2033,June,23,25
2033-06-24,2033,June,24,25
2033-06-25,2033,June,25,25
2033-06-26,2033,June,26,25
2033-06-27,2033,June,27,26
2033-06-28,2033,June,28,26
2033-06-29,2033,June,29,26
2033-06-30,2033,June,30,26
2033-07-01,2033,July,1,26
2033-07-02,2033,July,2,26
2033-07-03,2033,July,3,26
2033-07-04,2033,July,4,27
2033-07-05,2033,July,5,27
2033-07-06,2033,July,6,27
2033-07-07,2033,July,7,27
2033-07-08,2033,July,8,27
2033-07-09,2033,July,9,27
2033-07-10,2033,July,10,27
2033-07-11,2033,July,11,28
2033-07-12,2033,July,12,28
2033-07-13,2033,July,13,28
2033-07-14,2033,July,14,28
2033-07-15,2033,July,15,28
2033-07-16,2033,July,16,28
2033-07-17,2033,July,17,28
2033-07-18,2033,July,18,29
2033-07-19,2033,July,19,29
2033-07-20,2033,July,20,29
2033-07-21,2033,July,21,29
2033-07-22,2033,July,22,29
2033-07-23,2033,July,23,29
2033-07-24,2033,July,24,29
2033-07-25,2033,July,25,30
2033-07-26,2033,July,26,30
2033-07-27,2033,July,27,30
2033-07-28,2033,July,28,30
2033-07-29,2033,July,29,30
2033-07-30,2033,July,30,30
2033-07-31,2033,July,31,30
2033-08-01,2033,August,1,31
2033-08-02,2033,August,2,31
2033-08-03,2033,August,3,31
2033-08-04,2033,August,4,31
2033-08-05,2033,August,5,31
2033-08-06,2033,August,6,31
2033-08-07,2033,August,7,31
2033-08-08,2033,August,8,32
2033-08-09,2033,August,9,32
2033-08-10,2033,August,10,32
2033-08-11,2033,August,11,32
2033-08-12,2033,August,12,32
2033-08-13,2033,August,13,32
2033-08-14,2033,August,14,32
2033-08-15,2033,August,15,33
2033-08-16,2033,August,16,33
2033-08-17,2033,August,17,33
2033-08-18,2033,August,18,33
2033-08-19,2033,August,19,33
2033-08-20,2033,August,20,33
2033-08-21,2033,August,21,33
2033-08-22,2033,August,22,34
2033-08-23,2033,August,23,34
2033-08-24,2033,August,24,34
2033-08-25,2033,August,25,34
2033-08-26,2033,August,26,34
2033-08-27,2033,August,27,34
2033-08-28,2033,August,28,34
2033-08-29,2033,August,29,35
2033-08-30,2033,August,30,35
2033-08-31,2033,August,31,35
2033-09-01,2033,September,1,35
2033-09-02,2033,September,2,35
2033-09-03,2033,September,3,35
2033-09-04,2033,September,4,35
2033-09-05,2033,September,5,36
2033-09-06,2033,September,6,36
2033-09-07,2033,September,7,36
2033-09-08,2033,September,8,36
2033-09-09,2033,September,9,36
2033-09-10,2033,September,10,36
2033-09-11,2033,September,11,36
2033-09-12,2033,September,12,37
2033-09-13,2033,September,13,37
2033-09-14,2033,September,14,37
2033-09-15,2033,September,15,37
2033-09-16,2033,September,16,37
2033-09-17,2033,September,17,37
2033-09-18,2033,September,18,37
2033-09-19,2033,September,19,38
2033-09-20,2033,September,20,38
2033-09-21,2033,September,21,38
2033-09-22,2033,September,22,38
2033-09-23,2033,September,23,38
2033-09-24,2033,September,24,38
2033-09-25,2033,September,25,38
2033-09-26,2033,September,26,39
2033-09-27,2033,September,27,39
2033-09-28,2033,September,28,39
2033-09-29,2033,September,29,39
2033-09-30,2033,September,30,39
2033-10-01,2033,October,1,39
2033-10-02,2033,October,2,39
2033-10-03,2033,October,3,40
2033-10-04,2033,October,4,40
2033-10-05,2033,October,5,40
2033-10-06,2033,October,6,40
2033-10-07,2033,October,7,40
2033-10-08,2033,October,8,40
2033-10-09,2033,October,9,40
2033-10-10,2033,October,10,41
2033-10-11,2033,October,11,41
2033-10-12,2033,October,12,41
2033-10-13,2033,October,13,41
2033-10-14,2033,October,14,41
2033-10-15,2033,October,15,41
2033-10-16,2033,October,16,41
2033-10-17,2033,October,17,42
2033-10-18,2033,October,18,42
2033-10-19,2033,October,19,42
2033-10-20,2033,October,20,42
2033-10-21,2033,October,21,42
2033-10-22,2033,October,22,42
2033-10-23,2033,October,23,42
2033-10-24,2033,October,24,43
2033-10-25,2033,October,25,43
2033-10-26,2033,October,26,43
2033-10-27,2033,October,27,43
2033-10-28,2033,October,28,43
2033-10-29,2033,October,29,43
2033-10-30,2033,October,30,43
2033-10-31,2033,October,31,44
2033-11-01,2033,November,1,44
2033-11-02,2033,November,2,44
2033-11-03,2033,November,3,44
2033-11-04,2033,November,4,44
2033-11-05,2033,November,5,44
2033-11-06,2033,November,6,44
2033-11-07,2033,November,7,45
2033-11-08,2033,November,8,45
2033-11-09,2033,November,9,45
2033-11-10,2033,November,10,45
2033-11-11,2033,November,11,45
2033-11-12,2033,November,12,45
2033-11-13,2033,November,13,45
2033-11-14,2033,November,14,46
2033-11-15,2033,November,15,46
2033-11-16,2033,November,16,46
2033-11-17,2033,November,17,46
2033-11-18,2033,November,18,46
2033-11-19,2033,November,19,46
2033-11-20,2033,November,20,46
2033-11-21,2033,November,21,47
2033-11-22,2033,November,22,47
2033-11-23,2033,November,23,47
2033-11-24,2033,November,24,47
2033-11-25,2033,November,25,47
2033-11-26,2033,November,26,47
2033-11-27,2033,November,27,47
2033-11-28,2033,November,28,48
2033-11-29,2033,November,29,48
2033-11-30,2033,November,30,48
2033-12-01,2033,December,1,48
2033-12-02,2033,December,2,48
2033-12-03,2033,December,3,48
2033-12-04,2033,December,4,48
2033-12-05,2033,December,5,49
2033-12-06,2033,December,6,49
2033-12-07,2033,December,7,49
2033-12-08,2033,December,8,49
2033-12-09,2033,December,9,49
2033-12-10,2033,December,10,49
2033-12-11,2033,December,11,49
2033-12-12,2033,December,12,50
2033-12-13,2033,December,13,50
2033-12-14,2033,December,14,50
2033-12-15,2033,December,15,50
2033-12-16,2033,December,16,50
2033-12-17,2033,December,17,50
2033-12-18,2033,December,18,50
2033-12-19,2033,December,19,51
2033-12-20,2033,December,20,51
2033-12-21,2033,December,21,51
2033-12-22,2033,December,22,51
2033-12-23,2033,December,23,51
2033-12-24,2033,December,24,51
2033-12-25,2033,December,25,51
2033-12-26,2033,December,26,52
2033-12-27,2033,December,27,52
2033-12-28,2033,December,28,52
2033-12-29,2033,December,29,52
2033-12-30,2033,December,30,52
2033-12-31,2033,December,31,52
2034-01-01,2034,January,1,52
2034-01-02,2034,January,2,1
2034-01-03,2034,January,3,1
2034-01-04,2034,January,4,1
2034-01-05,2034,January,5,1
2034-01-06,2034,January,6,1
2034-01-07,2034,January,7,1
2034-01-08,2034,January,8,1
2034-01-09,2034,January,9,2
2034-01-10,2034,January,10,2
2034-01-11,2034,January,11,2
2034-01-12,2034,January,12,2
2034-01-13,2034,January,13,2
2034-01-14,2034,January,14,2
2034-01-15,2034,January,15,2
2034-01-16,2034,January,16,3
2034-01-17,2034,January,17,3
2034-01-18,2034,January,18,3
2034-01-19,2034,January,19,3
2034-01-20,2034,January,20,3
2034-01-21,2034,January,21,3
2034-01-22,2034,January,22,3
2034-01-23,2034,January,23,4
2034-01-24,2034,January,24,4
2034-01-25,2034,January,25,4
2034-01-26,2034,January,26,4
2034-01-27,2034,January,27,4
2034-01-28,2034,January,28,4
2034-01-29,2034,January,29,4
2034-01-30,2034,January,30,5
2034-01-31,2034,January,31,5
2034-02-01,2034,February,1,5
2034-02-02,2034,February,2,5
2034-02-03,2034,February,3,5
2034-02-04,2034,February,4,5
2034-02-05,2034,February,5,5
2034-02-06,2034,February,6,6
2034-02-07,2034,February,7,6
2034-02-08,2034,February,8,6
2034-02-09,2034,February,9,6
2034-02-10,2034,February,10,6
2034-02-11,2034,February,11,6
2034-02-12,2034,February,12,6
2034-02-13,2034,February,13,7
2034-02-14,2034,February,14,7
2034-02-15,2034,February,15,7
2034-02-16,2034,February,16,7
2034-02-17,2034,February,17,7
2034-02-18,2034,February,18,7
2034-02-19,2034,February,19,7
2034-02-20,2034,February,20,8
2034-02-21,2034,February,21,8
2034-02-22,2034,February,22,8
2034-02-23,2034,February,23,8
2034-02-24,2034,February,24,8
2034-02-25,2034,February,25,8
2034-02-26,2034,February,26,8
2034-02-27,2034,February,27,9
2034-02-28,2034,February,28,9
2034-03-01,2034,March,1,9
2034-03-02,2034,March,2,9
2034-03-03,2034,March,3,9
2034-03-04,2034,March,4,9
2034-03-05,2034,March,5,9
2034-03-06,2034,March,6,10
2034-03-07,2034,March,7,10
2034-03-08,2034,March,8,10
2034-03-09,2034,March,9,10
2034-03-10,2034,March,10,10
2034-03-11,2034,March,11,10
2034-03-12,2034,March,12,10
2034-03-13,2034,March,13,11
2034-03-14,2034,March,14,11
2034-03-15,2034,March,15,11
2034-03-16,2034,March,16,11
2034-03-17,2034,March,17,11
2034-03-18,2034,March,18,11
2034-03-19,2034,March,19,11
2034-03-20,2034,March,20,12
2034-03-21,2034,March,21,12
2034-03-22,2034,March,22,12
2034-03-23,2034,March,23,12
2034-03-24,2034,March,24,12
2034-03-25,2034,March,25,12
2034-03-26,2034,March,26,12
2034-03-27,2034,March,27,13
2034-03-28,2034,March,28,13
2034-03-29,2034,March,29,13
2034-03-30,2034,March,30,13
2034-03-31,2034,March,31,13
2034-04-01,2034,April,1,13
2034-04-02,2034,April,2,13
2034-04-03,2034,April,3,14
2034-04-04,2034,April,4,14
2034-04-05,2034,April,5,14
2034-04-06,2034,April,6,14
2034-04-07,2034,April,7,14
2034-04-08,2034,April,8,14
2034-04-09,2034,April,9,14
2034-04-10,2034,April,10,15
2034-04-11,2034,April,11,15
2034-04-12,2034,April,12,15
2034-04-13,2034,April,13,15
2034-04-14,2034,April,14,15
2034-04-15,2034,April,15,15
2034-04-16,2034,April,16,15
2034-04-17,2034,April,17,16
2034-04-18,2034,April,18,16
2034-04-19,2034,April,19,16
2034-04-20,2034,April,20,16
2034-04-21,2034,April,21,16
2034-04-22,2034,April,22,16
2034-04-23,2034,April,23,16
2034-04-24,2034,April,24,17
2034-04-25,2034,April,25,17
2034-04-26,2034,April,26,17
2034-04-27,2034,April,27,17
2034-04-28,2034,April,28,17
2034-04-29,2034,April,29,17
2034-04-30,2034,April,30,17
2034-05-01,2034,May,1,18
2034-05-02,2034,May,2,18
2034-05-03,2034,May,3,18
2034-05-04,2034,May,4,18
2034-05-05,2034,May,5,18
2034-05-06,2034,May,6,18
2034-05-07,2034,May,7,18
2034-05-08,2034,May,8,19
2034-05-09,2034,May,9,19
2034-05-10,2034,May,10,19
2034-05-11,2034,May,11,19
2034-05-12,2034,May,12,19
2034-05-13,2034,May,13,19
2034-05-14,2034,May,14,19
2034-05-15,2034,May,15,20
2034-05-16,2034,May,16,20
2034-05-17,2034,May,17,20
2034-05-18,2034,May,18,20
2034-05-19,2034,May,19,20
2034-05-20,2034,May,20,20
2034-05-21,2034,May,21,20
2034-05-22,2034,May,22,21
2034-05-23,2034,May,23,21
2034-05-24,2034,May,24,21
2034-05-25,2034,May,25,21
2034-05-26,2034,May,26,21
2034-05-27,2034,May,27,21
2034-05-28,2034,May,28,21
2034-05-29,2034,May,29,22
2034-05-30,2034,May,30,22
2034-05-31,2034,May,31,22
2034-06-01,2034,June,1,22
2034-06-02,2034,June,2,22
2034-06-03,2034,June,3,22
2034-06-04,2034,June,4,22
2034-06-05,2034,June,5,23
2034-06-06,2034,June,6,23
2034-06-07,2034,June,7,23
2034-06-08,2034,June,8,23
2034-06-09,2034,June,9,23
2034-06-10,2034,June,10,23
2034-06-11,2034,June,11,23
2034-06-12,2034,June,12,24
2034-06-13,2034,June,13,24
2034-06-14,2034,June,14,24
2034-06-15,2034,June,15,24
2034-06-16,2034,June,16,24
2034-06-17,2034,June,17,24
2034-06-18,2034,June,18,24
2034-06-19,2034,June,19,25
2034-06-20,2034,June,20,25
2034-06-21,2034,June,21,25
2034-06-22,2034,June,22,25
2034-06-23,2034,June,23,25
2034-06-24,2034,June,24,25
2034-06-25,2034,June,25,25
2034-06-26,2034,June,26,26
2034-06-27,2034,June,27,26
2034-06-28,2034,June,28,26
2034-06-29,2034,June,29,26
2034-06-30,2034,June,30,26
2034-07-01,2034,July,1,26
2034-07-02,2034,July,2,26
2034-07-03,2034,July,3,27
2034-07-04,2034,July,4,27
2034-07-05,2034,July,5,27
2034-07-06,2034,July,6,27
2034-07-07,2034,July,7,27
2034-07-08,2034,July,8,27
2034-07-09,2034,July,9,27
2034-07-10,2034,July,10,28
2034-07-11,2034,July,11,28
2034-07-12,2034,July,12,28
2034-07-13,2034,July,13,28
2034-07-14,2034,July,14,28
2034-07-15,2034,July,15,28
2034-07-16,2034,July,16,28
2034-07-17,2034,July,17,29
2034-07-18,2034,July,18,29
2034-07-19,2034,July,19,29
2034-07-20,2034,July,20,29
2034-07-21,2034,July,21,29
2034-07-22,2034,July,22,29
2034-07-23,2034,July,23,29
2034-07-24,2034,July,24,30
2034-07-25,2034,July,25,30
2034-07-26,2034,July,26,30
2034-07-27,2034,July,27,30
2034-07-28,2034,July,28,30
2034-07-29,2034,July,29,30
2034-07-30,2034,July,30,30
2034-07-31,2034,July,31,31
2034-08-01,2034,August,1,31
2034-08-02,2034,August,2,31
2034-08-03,2034,August,3,31
2034-08-04,2034,August,4,31
2034-08-05,2034,August,5,31
2034-08-06,2034,August,6,31
2034-08-07,2034,August,7,32
2034-08-08,2034,August,8,32
2034-08-09,2034,August,9,32
2034-08-10,2034,August,10,32
2034-08-11,2034,August,11,32
2034-08-12,2034,August,12,32
2034-08-13,2034,August,13,32
2034-08-14,2034,August,14,33
2034-08-15,2034,August,15,33
2034-08-16,2034,August,16,33
2034-08-17,2034,August,17,33
2034-08-18,2034,August,18,33
2034-08-19,2034,August,19,33
2034-08-20,2034,August,20,33
2034-08-21,2034,August,21,34
2034-08-22,2034,August,22,34
2034-08-23,2034,August,23,34
2034-08-24,2034,August,24,34
2034-08-25,2034,August,25,34
2034-08-26,2034,August,26,34
2034-08-27,2034,August,27,34
2034-08-28,2034,August,28,35
2034-08-29,2034,August,29,35
2034-08-30,2034,August,30,35
2034-08-31,2034,August,31,35
2034-09-01,2034,September,1,35
2034-09-02,2034,September,2,35
2034-09-03,2034,September,3,35
2034-09-04,2034,September,4,36
2034-09-05,2034,September,5,36
2034-09-06,2034,September,6,36
2034-09-07,2034,September,7,36
2034-09-08,2034,September,8,36
2034-09-09,2034,September,9,36
2034-09-10,2034,September,10,36
2034-09-11,2034,September,11,37
2034-09-12,2034,September,12,37
2034-09-13,2034,September,13,37
2034-09-14,2034,September,14,37
2034-09-15,2034,September,15,37
2034-09-16,2034,September,16,37
2034-09-17,2034,September,17,37
2034-09-18,2034,September,18,38
2034-09-19,2034,September,19,38
2034-09-20,2034,September,20,38
2034-09-21,2034,September,21,38
2034-09-22,2034,September,22,38
2034-09-23,2034,September,23,38
2034-09-24,2034,September,24,38
2034-09-25,2034,September,25,39
2034-09-26,2034,September,26,39
2034-09-27,2034,September,27,39
2034-09-28,2034,September,28,39
2034-09-29,2034,September,29,39
2034-09-30,2034,September,30,39
2034-10-01,2034,October,1,39
2034-10-02,2034,October,2,40
2034-10-03,2034,October,3,40
2034-10-04,2034,October,4,40
2034-10-05,2034,October,5,40
2034-10-06,2034,October,6,40
2034-10-07,2034,October,7,40
2034-10-08,2034,October,8,40
2034-10-09,2034,October,9,41
2034-10-10,2034,October,10,41
2034-10-11,2034,October,11,41
2034-10-12,2034,October,12,41
2034-10-13,2034,October,13,41
2034-10-14,2034,October,14,41
2034-10-15,2034,October,15,41
2034-10-16,2034,October,16,42
2034-10-17,2034,October,17,42
2034-10-18,2034,October,18,42
2034-10-19,2034,October,19,42
2034-10-20,2034,October,20,42
2034-10-21,2034,October,21,42
2034-10-22,2034,October,22,42
2034-10-23,2034,October,23,43
2034-10-24,2034,October,24,43
2034-10-25,2034,October,25,43
2034-10-26,2034,October,26,43
2034-10-27,2034,October,27,43
2034-10-28,2034,October,28,43
2034-10-29,2034,October,29,43
2034-10-30,2034,October,30,44
2034-10-31,2034,October,31,44
2034-11-01,2034,November,1,44
2034-11-02,2034,November,2,44
2034-11-03,2034,November,3,44
2034-11-04,2034,November,4,44
2034-11-05,2034,November,5,44
2034-11-06,2034,November,6,45
2034-11-07,2034,November,7,45
2034-11-08,2034,November,8,45
2034-11-09,2034,November,9,45
2034-11-10,2034,November,10,45
2034-11-11,2034,November,11,45
2034-11-12,2034,November,12,45
2034-11-13,2034,November,13,46
2034-11-14,2034,November,14,46
2034-11-15,2034,November,15,46
2034-11-16,2034,November,16,46
2034-11-17,2034,November,17,46
2034-11-18,2034,November,18,46
2034-11-19,2034,November,19,46
2034-11-20,2034,November,20,47
2034-11-21,2034,November,21,47
2034-11-22,2034,November,22,47
2034-11-23,2034,November,23,47
2034-11-24,2034,November,24,47
2034-11-25,2034,November,25,47
2034-11-26,2034,November,26,47
2034-11-27,2034,November,27,48
2034-11-28,2034,November,28,48
2034-11-29,2034,November,29,48
2034-11-30,2034,November,30,48
2034-12-01,2034,December,1,48
2034-12-02,2034,December,2,48
2034-12-03,2034,December,3,48
2034-12-04,2034,December,4,49
2034-12-05,2034,December,5,49
2034-12-06,2034,December,6,49
2034-12-07,2034,December,7,49
2034-12-08,2034,December,8,49
2034-12-09,2034,December,9,49
2034-12-10,2034,December,10,49
2034-12-11,2034,December,11,50
2034-12-12,2034,December,12,50
2034-12-13,2034,December,13,50
2034-12-14,2034,December,14,50
2034-12-15,2034,December,15,50
2034-12-16,2034,December,16,50
2034-12-17,2034,December,17,50
2034-12-18,2034,December,18,51
2034-12-19,2034,December,19,51
2034-12-20,2034,December,20,51
2034-12-21,2034,December,21,51
2034-12-22,2034,December,22,51
2034-12-23,2034,December,23,51
2034-12-24,2034,December,24,51
2034-12-25,2034,December,25,52
2034-12-26,2034,December,26,52
2034-12-27,2034,December,27,52
2034-12-28,2034,December,28,52
2034-12-29,2034,December,29,52
2034-12-30,2034,December,30,52
2034-12-31,2034,December,31,52
2035-01-01,2035,January,1,1
2035-01-02,2035,January,2,1
2035-01-03,2035,January,3,1
2035-01-04,2035,January,4,1
2035-01-05,2035,January,5,1
2035-01-06,2035,January,6,1
2035-01-07,2035,January,7,1
2035-01-08,2035,January,8,2
2035-01-09,2035,January,9,2
2035-01-10,2035,January,10,2
2035-01-11,2035,January,11,2
2035-01-12,2035,January,12,2
2035-01-13,2035,January,13,2
2035-01-14,2035,January,14,2
2035-01-15,2035,January,15,3
2035-01-16,2035,January,16,3
2035-01-17,2035,January,17,3
2035-01-18,2035,January,18,3
2035-01-19,2035,January,19,3
2035-01-20,2035,January,20,3
2035-01-21,2035,January,21,3
2035-01-22,2035,January,22,4
2035-01-23,2035,January,23,4
2035-01-24,2035,January,24,4
2035-01-25,2035,January,25,4
2035-01-26,2035,January,26,4
2035-01-27,2035,January,27,4
2035-01-28,2035,January,28,4
2035-01-29,2035,January,29,5
2035-01-30,2035,January,30,5
2035-01-31,2035,January,31,5
2035-02-01,2035,February,1,5
2035-02-02,2035,February,2,5
2035-02-03,2035,February,3,5
2035-02-04,2035,February,4,5
2035-02-05,2035,February,5,6
2035-02-06,2035,February,6,6
2035-02-07,2035,February,7,6
2035-02-08,2035,February,8,6
2035-02-09,2035,February,9,6
2035-02-10,2035,February,10,6
2035-02-11,2035,February,11,6
2035-02-12,2035,February,12,7
2035-02-13,2035,February,13,7
2035-02-14,2035,February,14,7
2035-02-15,2035,February,15,7
2035-02-16,2035,February,16,7
2035-02-17,2035,February,17,7
2035-02-18,2035,February,18,7
2035-02-19,2035,February,19,8
2035-02-20,2035,February,20,8
2035-02-21,2035,February,21,8
2035-02-22,2035,February,22,8
2035-02-23,2035,February,23,8
2035-02-24,2035,February,24,8
2035-02-25,2035,February,25,8
2035-02-26,2035,February,26,9
2035-02-27,2035,February,27,9
2035-02-28,2035,February,28,9
2035-03-01,2035,March,1,9
2035-03-02,2035,March,2,9
2035-03-03,2035,March,3,9
2035-03-04,2035,March,4,9
2035-03-05,2035,March,5,10
2035-03-06,2035,March,6,10
2035-03-07,2035,March,7,10
2035-03-08,2035,March,8,10
2035-03-09,2035,March,9,10
2035-03-10,2035,March,10,10
2035-03-11,2035,March,11,10
2035-03-12,2035,March,12,11
2035-03-13,2035,March,13,11
2035-03-14,2035,March,14,11
2035-03-15,2035,March,15,11
2035-03-16,2035,March,16,11
2035-03-17,2035,March,17,11
2035-03-18,2035,March,18,11
2035-03-19,2035,March,19,12
2035-03-20,2035,March,20,12
2035-03-21,2035,March,21,12
2035-03-22,2035,March,22,12
2035-03-23,2035,March,23,12
2035-03-24,2035,March,24,12
2035-03-25,2035,March,25,12
2035-03-26,2035,March,26,13
2035-03-27,2035,March,27,13
2035-03-28,2035,March,28,13
2035-03-29,2035,March,29,13
2035-03-30,2035,March,30,13
2035-03-31,2035,March,31,13
2035-04-01,2035,April,1,13
2035-04-02,2035,April,2,14
2035-04-03,2035,April,3,14
2035-04-04,2035,April,4,14
2035-04-05,2035,April,5,14
2035-04-06,2035,April,6,14
2035-04-07,2035,April,7,14
2035-04-08,2035,April,8,14
2035-04-09,2035,April,9,15
2035-04-10,2035,April,10,15
2035-04-11,2035,April,11,15
2035-04-12,2035,April,12,15
2035-04-13,2035,April,13,15
2035-04-14,2035,April,14,15
2035-04-15,2035,April,15,15
2035-04-16,2035,April,16,16
2035-04-17,2035,April,17,16
2035-04-18,2035,April,18,16
2035-04-19,2035,April,19,16
2035-04-20,2035,April,20,16
2035-04-21,2035,April,21,16
2035-04-22,2035,April,22,16
2035-04-23,2035,April,23,17
2035-04-24,2035,April,24,17
2035-04-25,2035,April,25,17
2035-04-26,2035,April,26,17
2035-04-27,2035,April,27,17
2035-04-28,2035,April,28,17
2035-04-29,2035,April,29,17
2035-04-30,2035,April,30,18
2035-05-01,2035,May,1,18
2035-05-02,2035,May,2,18
2035-05-03,2035,May,3,18
2035-05-04,2035,May,4,18
2035-05-05,2035,May,5,18
2035-05-06,2035,May,6,18
2035-05-07,2035,May,7,19
2035-05-08,2035,May,8,19
2035-05-09,2035,May,9,19
2035-05-10,2035,May,10,19
2035-05-11,2035,May,11,19
2035-05-12,2035,May,12,19
2035-05-13,2035,May,13,19
2035-05-14,2035,May,14,20
2035-05-15,2035,May,15,20
2035-05-16,2035,May,16,20
2035-05-17,2035,May,17,20
2035-05-18,2035,May,18,20
2035-05-19,2035,May,19,20
2035-05-20,2035,May,20,20
2035-05-21,2035,May,21,21
2035-05-22,2035,May,22,21
2035-05-23,2035,May,23,21
2035-05-24,2035,May,24,21
2035-05-25,2035,May,25,21
2035-05-26,2035,May,26,21
2035-05-27,2035,May,27,21
2035-05-28,2035,May,28,22
2035-05-29,2035,May,29,22
2035-05-30,2035,May,30,22
2035-05-31,2035,May,31,22
2035-06-01,2035,June,1,22
2035-06-02,2035,June,2,22
2035-06-03,2035,June,3,22
2035-06-04,2035,June,4,23
2035-06-05,2035,June,5,23
2035-06-06,2035,June,6,23
2035-06-07,2035,June,7,23
2035-06-08,2035,June,8,23
2035-06-09,2035,June,9,23
2035-06-10,2035,June,10,23
2035-06-11,2035,June,11,24
2035-06-12,2035,June,12,24
2035-06-13,2035,June,13,24
2035-06-14,2035,June,14,24
2035-06-15,2035,June,15,24
2035-06-16,2035,June,16,24
2035-06-17,2035,June,17,24
2035-06-18,2035,June,18,25
2035-06-19,2035,June,19,25
2035-06-20,2035,June,20,25
2035-06-21,2035,June,21,25
2035-06-22,2035,June,22,25
2035-06-23,2035,June,23,25
2035-06-24,2035,June,24,25
2035-06-25,2035,June,25,26
2035-06-26,2035,June,26,26
2035-06-27,2035,June,27,26
2035-06-28,2035,June,28,26
2035-06-29,2035,June,29,26
2035-06-30,2035,June,30,26
2035-07-01,2035,July,1,26
2035-07-02,2035,July,2,27
2035-07-03,2035,July,3,27
2035-07-04,2035,July,4,27
2035-07-05,2035,July,5,27
2035-07-06,2035,July,6,27
2035-07-07,2035,July,7,27
2035-07-08,2035,July,8,27
2035-07-09,2035,July,9,28
2035-07-10,2035,July,10,28
2035-07-11,2035,July,11,28
2035-07-12,2035,July,12,28
2035-07-13,2035,July,13,28
2035-07-14,2035,July,14,28
2035-07-15,2035,July,15,28
2035-07-16,2035,July,16,29
2035-07-17,2035,July,17,29
2035-07-18,2035,July,18,29
2035-07-19,2035,July,19,29
2035-07-20,2035,July,20,29
2035-07-21,2035,July,21,29
2035-07-22,2035,July,22,29
2035-07-23,2035,July,23,30
2035-07-24,2035,July,24,30
2035-07-25,2035,July,25,30
2035-07-26,2035,July,26,30
2035-07-27,2035,July,27,30
2035-07-28,2035,July,28,30
2035-07-29,2035,July,29,30
2035-07-30,2035,July,30,31
2035-07-31,2035,July,31,31
2035-08-01,2035,August,1,31
2035-08-02,2035,August,2,31
2035-08-03,2035,August,3,31
2035-08-04,2035,August,4,31
2035-08-05,2035,August,5,31
2035-08-06,2035,August,6,32
2035-08-07,2035,August,7,32
2035-08-08,2035,August,8,32
2035-08-09,2035,August,9,32
2035-08-10,2035,August,10,32
2035-08-11,2035,August,11,32
2035-08-12,2035,August,12,32
2035-08-13,2035,August,13,33
2035-08-14,2035,August,14,33
2035-08-15,2035,August,15,33
2035-08-16,2035,August,16,33
2035-08-17,2035,August,17,33
2035-08-18,2035,August,18,33
2035-08-19,2035,August,19,33
2035-08-20,2035,August,20,34
2035-08-21,2035,August,21,34
2035-08-22,2035,August,22,34
2035-08-23,2035,August,23,34
2035-08-24,2035,August,24,34
2035-08-25,2035,August,25,34
2035-08-26,2035,August,26,34
2035-08-27,2035,August,27,35
2035-08-28,2035,August,28,35
2035-08-29,2035,August,29,35
2035-08-30,2035,August,30,35
2035-08-31,2035,August,31,35
2035-09-01,2035,September,1,35
2035-09-02,2035,September,2,35
2035-09-03,2035,September,3,36
2035-09-04,2035,September,4,36
2035-09-05,2035,September,5,36
2035-09-06,2035,September,6,36
2035-09-07,2035,September,7,36
2035-09-08,2035,September,8,36
2035-09-09,2035,September,9,36
2035-09-10,2035,September,10,37
2035-09-11,2035,September,11,37
2035-09-12,2035,September,12,37
2035-09-13,2035,September,13,37
2035-09-14,2035,September,14,37
2035-09-15,2035,September,15,37
2035-09-16,2035,September,16,37
2035-09-17,2035,September,17,38
2035-09-18,2035,September,18,38
2035-09-19,2035,September,19,38
2035-09-20,2035,September,20,38
2035-09-21,2035,September,21,38
2035-09-22,2035,September,22,38
2035-09-23,2035,September,23,38
2035-09-24,2035,September,24,39
2035-09-25,2035,September,25,39
2035-09-26,2035,September,26,39
2035-09-27,2035,September,27,39
2035-09-28,2035,September,28,39
2035-09-29,2035,September,29,39
2035-09-30,2035,September,30,39
2035-10-01,2035,October,1,40
2035-10-02,2035,October,2,40
2035-10-03,2035,October,3,40
2035-10-04,2035,October,4,40
2035-10-05,2035,October,5,40
2035-10-06,2035,October,6,40
2035-10-07,2035,October,7,40
2035-10-08,2035,October,8,41
2035-10-09,2035,October,9,41
2035-10-10,2035,October,10,41
2035-10-11,2035,October,11,41
2035-10-12,2035,October,12,41
2035-10-13,2035,October,13,41
2035-10-14,2035,October,14,41
2035-10-15,2035,October,15,42
2035-10-16,2035,October,16,42
2035-10-17,2035,October,17,42
2035-10-18,2035,October,18,42
2035-10-19,2035,October,19,42
2035-10-20,2035,October,20,42
2035-10-21,2035,October,21,42
2035-10-22,2035,October,22,43
2035-10-23,2035,October,23,43
2035-10-24,2035,October,24,43
2035-10-25,2035,October,25,43
2035-10-26,2035,October,26,43
2035-10-27,2035,October,27,43
2035-10-28,2035,October,28,43
2035-10-29,2035,October,29,44
2035-10-30,2035,October,30,44
2035-10-31,2035,October,31,44
2035-11-01,2035,November,1,44
2035-11-02,2035,November,2,44
2035-11-03,2035,November,3,44
2035-11-04,2035,November,4,44
2035-11-05,2035,November,5,45
2035-11-06,2035,November,6,45
2035-11-07,2035,November,7,45
2035-11-08,2035,November,8,45
2035-11-09,2035,November,9,45
2035-11-10,2035,November,10,45
2035-11-11,2035,November,11,45
2035-11-12,2035,November,12,46
2035-11-13,2035,November,13,46
2035-11-14,2035,November,14,46
2035-11-15,2035,November,15,46
2035-11-16,2035,November,16,46
2035-11-17,2035,November,17,46
2035-11-18,2035,November,18,46
2035-11-19,2035,November,19,47
2035-11-20,2035,November,20,47
2035-11-21,2035,November,21,47
2035-11-22,2035,November,22,47
2035-11-23,2035,November,23,47
2035-11-24,2035,November,24,47
2035-11-25,2035,November,25,47
2035-11-26,2035,November,26,48
2035-11-27,2035,November,27,48
2035-11-28,2035,November,28,48
2035-11-29,2035,November,29,48
2035-11-30,2035,November,30,48
2035-12-01,2035,December,1,48
2035-12-02,2035,December,2,48
2035-12-03,2035,December,3,49
2035-12-04,2035,December,4,49
2035-12-05,2035,December,5,49
2035-12-06,2035,December,6,49
2035-12-07,2035,December,7,49
2035-12-08,2035,December,8,49
2035-12-09,2035,December,9,49
2035-12-10,2035,December,10,50
2035-12-11,2035,December,11,50
2035-12-12,2035,December,12,50
2035-12-13,2035,December,13,50
2035-12-14,2035,December,14,50
2035-12-15,2035,December,15,50
2035-12-16,2035,December,16,50
2035-12-17,2035,December,17,51
2035-12-18,2035,December,18,51
2035-12-19,2035,December,19,51
2035-12-20,2035,December,20,51
2035-12-21,2035,December,21,51
2035-12-22,2035,December,22,51
2035-12-23,2035,December,23,51
2035-12-24,2035,December,24,52
2035-12-25,2035,December,25,52
2035-12-26,2035,December,26,52
2035-12-27,2035,December,27,52
2035-12-28,2035,December,28,52
2035-12-29,2035,December,29,52
2035-12-30,2035,December,30,52
2035-12-31,2035,December,31,1
2036-01-01,2036,January,1,1
2036-01-02,2036,January,2,1
2036-01-03,2036,January,3,1
2036-01-04,2036,January,4,1
2036-01-05,2036,January,5,1
2036-01-06,2036,January,6,1
2036-01-07,2036,January,7,2
2036-01-08,2036,January,8,2
2036-01-09,2036,January,9,2
2036-01-10,2036,January,10,2
2036-01-11,2036,January,11,2
2036-01-12,2036,January,12,2
2036-01-13,2036,January,13,2
2036-01-14,2036,January,14,3
2036-01-15,2036,January,15,3
2036-01-16,2036,January,16,3
2036-01-17,2036,January,17,3
2036-01-18,2036,January,18,3
2036-01-19,2036,January,19,3
2036-01-20,2036,January,20,3
2036-01-21,2036,January,21,4
2036-01-22,2036,January,22,4
2036-01-23,2036,January,23,4
2036-01-24,2036,January,24,4
2036-01-25,2036,January,25,4
2036-01-26,2036,January,26,4
2036-01-27,2036,January,27,4
2036-01-28,2036,January,28,5
2036-01-29,2036,January,29,5
2036-01-30,2036,January,30,5
2036-01-31,2036,January,31,5
2036-02-01,2036,February,1,5
2036-02-02,2036,February,2,5
2036-02-03,2036,February,3,5
2036-02-04,2036,February,4,6
2036-02-05,2036,February,5,6
2036-02-06,2036,February,6,6
2036-02-07,2036,February,7,6
2036-02-08,2036,February,8,6
2036-02-09,2036,February,9,6
2036-02-10,2036,February,10,6
2036-02-11,2036,February,11,7
2036-02-12,2036,February,12,7
2036-02-13,2036,February,13,7
2036-02-14,2036,February,14,7
2036-02-15,2036,February,15,7
2036-02-16,2036,February,16,7
2036-02-17,2036,February,17,7
2036-02-18,2036,February,18,8
2036-02-19,2036,February,19,8
2036-02-20,2036,February,20,8
2036-02-21,2036,February,21,8
2036-02-22,2036,February,22,8
2036-02-23,2036,February,23,8
2036-02-24,2036,February,24,8
2036-02-25,2036,February,25,9
2036-02-26,2036,February,26,9
2036-02-27,2036,February,27,9
2036-02-28,2036,February,28,9
2036-02-29,2036,February,29,9
2036-03-01,2036,March,1,9
2036-03-02,2036,March,2,9
2036-03-03,2036,March,3,10
2036-03-04,2036,March,4,10
2036-03-05,2036,March,5,10
2036-03-06,2036,March,6,10
2036-03-07,2036,March,7,10
2036-03-08,2036,March,8,10
2036-03-09,2036,March,9,10
2036-03-10,2036,March,10,11
2036-03-11,2036,March,11,11
2036-03-12,2036,March,12,11
2036-03-13,2036,March,13,11
2036-03-14,2036,March,14,11
2036-03-15,2036,March,15,11
2036-03-16,2036,March,16,11
2036-03-17,2036,March,17,12
2036-03-18,2036,March,18,12
2036-03-19,2036,March,19,12
2036-03-20,2036,March,20,12
2036-03-21,2036,March,21,12
2036-03-22,2036,March,22,12
2036-03-23,2036,March,23,12
2036-03-24,2036,March,24,13
2036-03-25,2036,March,25,13
2036-03-26,2036,March,26,13
2036-03-27,2036,March,27,13
2036-03-28,2036,March,28,13
2036-03-29,2036,March,29,13
2036-03-30,2036,March,30,13
2036-03-31,2036,March,31,14
2036-04-01,2036,April,1,14
2036-04-02,2036,April,2,14
2036-04-03,2036,April,3,14
2036-04-04,2036,April,4,14
2036-04-05,2036,April,5,14
2036-04-06,2036,April,6,14
2036-04-07,2036,April,7,15
2036-04-08,2036,April,8,15
2036-04-09,2036,April,9,15
2036-04-10,2036,April,10,15
2036-04-11,2036,April,11,15
2036-04-12,2036,April,12,15
2036-04-13,2036,April,13,15
2036-04-14,2036,April,14,16
2036-04-15,2036,April,15,16
2036-04-16,2036,April,16,16
2036-04-17,2036,April,17,16
2036-04-18,2036,April,18,16
2036-04-19,2036,April,19,16
2036-04-20,2036,April,20,16
2036-04-21,2036,April,21,17
2036-04-22,2036,April,22,17
2036-04-23,2036,April,23,17
2036-04-24,2036,April,24,17
2036-04-25,2036,April,25,17
2036-04-26,2036,April,26,17
2036-04-27,2036,April,27,17
2036-04-28,2036,April,28,18
2036-04-29,2036,April,29,18
2036-04-30,2036,April,30,18
2036-05-01,2036,May,1,18
2036-05-02,2036,May,2,18
2036-05-03,2036,May,3,18
2036-05-04,2036,May,4,18
2036-05-05,2036,May,5,19
2036-05-06,2036,May,6,19
2036-05-07,2036,May,7,19
2036-05-08,2036,May,8,19
2036-05-09,2036,May,9,19
2036-05-10,2036,May,10,19
2036-05-11,2036,May,11,19
2036-05-12,2036,May,12,20
2036-05-13,2036,May,13,20
2036-05-14,2036,May,14,20
2036-05-15,2036,May,15,20
2036-05-16,2036,May,16,20
2036-05-17,2036,May,17,20
2036-05-18,2036,May,18,20
2036-05-19,2036,May,19,21
2036-05-20,2036,May,20,21
2036-05-21,2036,May,21,21
2036-05-22,2036,May,22,21
2036-05-23,2036,May,23,21
2036-05-24,2036,May,24,21
2036-05-25,2036,May,25,21
2036-05-26,2036,May,26,22
2036-05-27,2036,May,27,22
2036-05-28,2036,May,28,22
2036-05-29,2036,May,29,22
2036-05-30,2036,May,30,22
2036-05-31,2036,May,31,22
2036-06-01,2036,June,1,22
2036-06-02,2036,June,2,23
2036-06-03,2036,June,3,23
2036-06-04,2036,June,4,23
2036-06-05,2036,June,5,23
2036-06-06,2036,June,6,23
2036-06-07,2036,June,7,23
2036-06-08,2036,June,8,23
2036-06-09,2036,June,9,24
2036-06-10,2036,June,10,24
2036-06-11,2036,June,11,24
2036-06-12,2036,June,12,24
2036-06-13,2036,June,13,24
2036-06-14,2036,June,14,24
2036-06-15,2036,June,15,24
2036-06-16,2036,June,16,25
2036-06-17,2036,June,17,25
2036-06-18,2036,June,18,25
2036-06-19,2036,June,19,25
2036-06-20,2036,June,20,25
2036-06-21,2036,June,21,25
2036-06-22,2036,June,22,25
2036-06-23,2036,June,23,26
2036-06-24,2036,June,24,26
2036-06-25,2036,June,25,26
2036-06-26,2036,June,26,26
2036-06-27,2036,June,27,26
2036-06-28,2036,June,28,26
2036-06-29,2036,June,29,26
2036-06-30,2036,June,30,27
2036-07-01,2036,July,1,27
2036-07-02,2036,July,2,27
2036-07-03,2036,July,3,27
2036-07-04,2036,July,4,27
2036-07-05,2036,July,5,27
2036-07-06,2036,July,6,27
2036-07-07,2036,July,7,28
2036-07-08,2036,July,8,28
2036-07-09,2036,July,9,28
2036-07-10,2036,July,10,28
2036-07-11,2036,July,11,28
2036-07-12,2036,July,12,28
2036-07-13,2036,July,13,28
2036-07-14,2036,July,14,29
2036-07-15,2036,July,15,29
2036-07-16,2036,July,16,29
2036-07-17,2036,July,17,29
2036-07-18,2036,July,18,29
2036-07-19,2036,July,19,29
2036-07-20,2036,July,20,29
2036-07-21,2036,July,21,30
2036-07-22,2036,July,22,30
2036-07-23,2036,July,23,30
2036-07-24,2036,July,24,30
2036-07-25,2036,July,25,30
2036-07-26,2036,July,26,30
2036-07-27,2036,July,27,30
2036-07-28,2036,July,28,31
2036-07-29,2036,July,29,31
2036-07-30,2036,July,30,31
2036-07-31,2036,July,31,31
2036-08-01,2036,August,1,31
2036-08-02,2036,August,2,31
2036-08-03,2036,August,3,31
2036-08-04,2036,August,4,32
2036-08-05,2036,August,5,32
2036-08-06,2036,August,6,32
2036-08-07,2036,August,7,32
2036-08-08,2036,August,8,32
2036-08-09,2036,August,9,32
2036-08-10,2036,August,10,32
2036-08-11,2036,August,11,33
2036-08-12,2036,August,12,33
2036-08-13,2036,August,13,33
2036-08-14,2036,August,14,33
2036-08-15,2036,August,15,33
2036-08-16,2036,August,16,33
2036-08-17,2036,August,17,33
2036-08-18,2036,August,18,34
2036-08-19,2036,August,19,34
2036-08-20,2036,August,20,34
2036-08-21,2036,August,21,34
2036-08-22,2036,August,22,34
2036-08-23,2036,August,23,34
2036-08-24,2036,August,24,34
2036-08-25,2036,August,25,35
2036-08-26,2036,August,26,35
2036-08-27,2036,August,27,35
2036-08-28,2036,August,28,35
2036-08-29,2036,August,29,35
2036-08-30,2036,August,30,35
2036-08-31,2036,August,31,35
2036-09-01,2036,September,1,36
2036-09-02,2036,September,2,36
2036-09-03,2036,September,3,36
2036-09-04,2036,September,4,36
2036-09-05,2036,September,5,36
2036-09-06,2036,September,6,36
2036-09-07,2036,September,7,36
2036-09-08,2036,September,8,37
2036-09-09,2036,September,9,37
2036-09-10,2036,September,10,37
2036-09-11,2036,September,11,37
2036-09-12,2036,September,12,37
2036-09-13,2036,September,13,37
2036-09-14,2036,September,14,37
2036-09-15,2036,September,15,38
2036-09-16,2036,September,16,38
2036-09-17,2036,September,17,38
2036-09-18,2036,September,18,38
2036-09-19,2036,September,19,38
2036-09-20,2036,September,20,38
2036-09-21,2036,September,21,38
2036-09-22,2036,September,22,39
2036-09-23,2036,September,23,39
2036-09-24,2036,September,24,39
2036-09-25,2036,September,25,39
2036-09-26,2036,September,26,39
2036-09-27,2036,September,27,39
2036-09-28,2036,September,28,39
2036-09-29,2036,September,29,40
2036-09-30,2036,September,30,40
2036-10-01,2036,October,1,40
2036-10-02,2036,October,2,40
2036-10-03,2036,October,3,40
2036-10-04,2036,October,4,40
2036-10-05,2036,October,5,40
2036-10-06,2036,October,6,41
2036-10-07,2036,October,7,41
2036-10-08,2036,October,8,41
2036-10-09,2036,October,9,41
2036-10-10,2036,October,10,41
2036-10-11,2036,October,11,41
2036-10-12,2036,October,12,41
2036-10-13,2036,October,13,42
2036-10-14,2036,October,14,42
2036-10-15,2036,October,15,42
2036-10-16,2036,October,16,42
2036-10-17,2036,October,17,42
2036-10-18,2036,October,18,42
2036-10-19,2036,October,19,42
2036-10-20,2036,October,20,43
2036-10-21,2036,October,21,43
2036-10-22,2036,October,22,43
2036-10-23,2036,October,23,43
2036-10-24,2036,October,24,43
2036-10-25,2036,October,25,43
2036-10-26,2036,October,26,43
2036-10-27,2036,October,27,44
2036-10-28,2036,October,28,44
2036-10-29,2036,October,29,44
2036-10-30,2036,October,30,44
2036-10-31,2036,October,31,44
2036-11-01,2036,November,1,44
2036-11-02,2036,November,2,44
2036-11-03,2036,November,3,45
2036-11-04,2036,November,4,45
2036-11-05,2036,November,5,45
2036-11-06,2036,November,6,45
2036-11-07,2036,November,7,45
2036-11-08,2036,November,8,45
2036-11-09,2036,November,9,45
2036-11-10,2036,November,10,46
2036-11-11,2036,November,11,46
2036-11-12,2036,November,12,46
2036-11-13,2036,November,13,46
2036-11-14,2036,November,14,46
2036-11-15,2036,November,15,46
2036-11-16,2036,November,16,46
2036-11-17,2036,November,17,47
2036-11-18,2036,November,18,47
2036-11-19,2036,November,19,47
2036-11-20,2036,November,20,47
2036-11-21,2036,November,21,47
2036-11-22,2036,November,22,47
2036-11-23,2036,November,23,47
2036-11-24,2036,November,24,48
2036-11-25,2036,November,25,48
2036-11-26,2036,November,26,48
2036-11-27,2036,November,27,48
2036-11-28,2036,November,28,48
2036-11-29,2036,November,29,48
2036-11-30,2036,November,30,48
2036-12-01,2036,December,1,49
2036-12-02,2036,December,2,49
2036-12-03,2036,December,3,49
2036-12-04,2036,December,4,49
2036-12-05,2036,December,5,49
2036-12-06,2036,December,6,49
2036-12-07,2036,December,7,49
2036-12-08,2036,December,8,50
2036-12-09,2036,December,9,50
2036-12-10,2036,December,10,50
2036-12-11,2036,December,11,50
2036-12-12,2036,December,12,50
2036-12-13,2036,December,13,50
2036-12-14,2036,December,14,50
2036-12-15,2036,December,15,51
2036-12-16,2036,December,16,51
2036-12-17,2036,December,17,51
2036-12-18,2036,December,18,51
2036-12-19,2036,December,19,51
2036-12-20,2036,December,20,51
2036-12-21,2036,December,21,51
2036-12-22,2036,December,22,52
2036-12-23,2036,December,23,52
2036-12-24,2036,December,24,52
2036-12-25,2036,December,25,52
2036-12-26,2036,December,26,52
2036-12-27,2036,December,27,52
2036-12-28,2036,December,28,52
2036-12-29,2036,December,29,1
2036-12-30,2036,December,30,1
2036-12-31,2036,December,31,1
