year,month,state_id,gender_id,value,pp_id
2036,October,8,3,43964,1
2036,October,8,1,22615,2
2036,October,8,2,21349,3
2036,October,12,3,5506,4
2036,October,12,1,2922,5
2036,October,12,2,2583,6
2036,October,16,3,67511,7
2036,October,16,1,35645,8
2036,October,16,2,31866,9
2036,October,28,3,2499,10
2036,October,28,1,1266,11
2036,October,28,2,1232,12
2036,October,20,3,22817,13
2036,October,20,1,11483,14
2036,October,20,2,11334,15
2036,October,13,3,46767,16
2036,October,13,1,23383,17
2036,October,13,2,23383,18
2036,October,31,3,576,19
2036,October,31,1,301,20
2036,October,31,2,275,21
2036,October,15,3,25950,22
2036,October,15,1,13558,23
2036,October,15,2,12392,24
2036,October,17,3,15329,25
2036,October,17,1,8175,26
2036,October,17,2,7153,27
2036,October,21,3,1588,28
2036,October,21,1,778,29
2036,October,21,2,810,30
2036,October,9,3,10508,31
2036,October,9,1,5439,32
2036,October,9,2,5069,33
2036,October,27,3,1606,34
2036,October,27,1,842,35
2036,October,27,2,764,36
2036,October,18,3,796,37
2036,October,18,1,398,38
2036,October,18,2,397,39
2036,October,22,3,788,40
2036,October,22,1,394,41
2036,October,22,2,394,42
2036,October,6,3,1284,43
2036,October,6,1,634,44
2036,October,6,2,650,45
2036,October,1,3,71643,46
2036,October,1,1,37647,47
2036,October,1,2,33996,48
2036,October,3,3,29923,49
2036,October,3,1,15601,50
2036,October,3,2,14322,51
2036,October,36,3,71,52
2036,October,36,1,37,53
2036,October,36,2,34,54
2036,October,35,3,131,55
2036,October,35,1,86,56
2036,October,35,2,45,57
2036,October,7,3,35903,58
2036,October,7,1,17170,59
2036,October,7,2,18733,60
2036,October,10,3,36794,61
2036,October,10,1,18744,62
2036,October,10,2,18050,63
2036,October,24,3,12924,64
2036,October,24,1,6766,65
2036,October,24,2,6157,66
2036,October,32,3,5043,67
2036,October,32,1,2730,68
2036,October,32,2,2312,69
2036,October,23,3,829,70
2036,October,23,1,447,71
2036,October,23,2,382,72
2036,October,25,3,17294,73
2036,October,25,1,9233,74
2036,October,25,2,8061,75
2036,October,11,3,45154,76
2036,October,11,1,24018,77
2036,October,11,2,21136,78
2036,October,33,3,1478,79
2036,October,33,1,756,80
2036,October,33,2,722,81
2036,October,29,3,26829,82
2036,October,29,1,14362,83
2036,October,29,2,12467,84
2036,October,34,3,2052,85
2036,October,34,1,1748,86
2036,October,34,2,305,87
2036,October,34,3,1428,88
2036,October,34,1,849,89
2036,October,34,2,579,90
2036,October,4,3,10773,91
2036,October,4,1,5507,92
2036,October,4,2,5265,93
2036,October,19,3,1365,94
2036,October,19,1,749,95
2036,October,19,2,616,96
2036,October,2,3,19923,97
2036,October,2,1,10513,98
2036,October,2,2,9409,99
2036,October,5,3,6815,100
2036,October,5,1,3502,101
2036,October,5,2,3313,102
2036,October,26,3,495,103
2036,October,26,1,262,104
2036,October,26,2,233,105
2036,October,14,3,24486,106
2036,October,14,1,12323,107
2036,October,14,2,12163,108
2036,October,30,3,214,109
2036,October,30,1,114,110
2036,October,30,2,100,111
2036,October,37,3,599048,112
2036,October,37,1,310997,113
2036,October,37,2,288051,114
2036,March,8,3,43658,115
2036,March,8,1,22458,116
2036,March,8,2,21200,117
2036,March,12,3,5449,118
2036,March,12,1,2892,119
2036,March,12,2,2557,120
2036,March,16,3,67081,121
2036,March,16,1,35418,122
2036,March,16,2,31663,123
2036,March,28,3,2460,124
2036,March,28,1,1247,125
2036,March,28,2,1213,126
2036,March,20,3,22733,127
2036,March,20,1,11441,128
2036,March,20,2,11292,129
2036,March,13,3,46554,130
2036,March,13,1,23277,131
2036,March,13,2,23277,132
2036,March,31,3,566,133
2036,March,31,1,296,134
2036,March,31,2,270,135
2036,March,15,3,25765,136
2036,March,15,1,13461,137
2036,March,15,2,12304,138
2036,March,17,3,15227,139
2036,March,17,1,8121,140
2036,March,17,2,7106,141
2036,March,21,3,1568,142
2036,March,21,1,768,143
2036,March,21,2,800,144
2036,March,9,3,10434,145
2036,March,9,1,5401,146
2036,March,9,2,5033,147
2036,March,27,3,1581,148
2036,March,27,1,829,149
2036,March,27,2,752,150
2036,March,18,3,791,151
2036,March,18,1,396,152
2036,March,18,2,395,153
2036,March,22,3,784,154
2036,March,22,1,392,155
2036,March,22,2,392,156
2036,March,6,3,1274,157
2036,March,6,1,629,158
2036,March,6,2,645,159
2036,March,1,3,71225,160
2036,March,1,1,37428,161
2036,March,1,2,33797,162
2036,March,3,3,29730,163
2036,March,3,1,15501,164
2036,March,3,2,14229,165
2036,March,36,3,71,166
2036,March,36,1,37,167
2036,March,36,2,34,168
2036,March,35,3,129,169
2036,March,35,1,85,170
2036,March,35,2,44,171
2036,March,7,3,35630,172
2036,March,7,1,17040,173
2036,March,7,2,18590,174
2036,March,10,3,36511,175
2036,March,10,1,18600,176
2036,March,10,2,17911,177
2036,March,24,3,12816,178
2036,March,24,1,6710,179
2036,March,24,2,6106,180
2036,March,32,3,5005,181
2036,March,32,1,2710,182
2036,March,32,2,2295,183
2036,March,23,3,827,184
2036,March,23,1,446,185
2036,March,23,2,381,186
2036,March,25,3,17094,187
2036,March,25,1,9127,188
2036,March,25,2,7967,189
2036,March,11,3,44717,190
2036,March,11,1,23786,191
2036,March,11,2,20931,192
2036,March,33,3,1467,193
2036,March,33,1,750,194
2036,March,33,2,717,195
2036,March,29,3,26591,196
2036,March,29,1,14235,197
2036,March,29,2,12356,198
2036,March,34,3,1955,199
2036,March,34,1,1659,200
2036,March,34,2,296,201
2036,March,34,3,1374,202
2036,March,34,1,817,203
2036,March,34,2,557,204
2036,March,4,3,10660,205
2036,March,4,1,5450,206
2036,March,4,2,5210,207
2036,March,19,3,1360,208
2036,March,19,1,746,209
2036,March,19,2,614,210
2036,March,2,3,19741,211
2036,March,2,1,10417,212
2036,March,2,2,9324,213
2036,March,5,3,6762,214
2036,March,5,1,3475,215
2036,March,5,2,3287,216
2036,March,26,3,491,217
2036,March,26,1,260,218
2036,March,26,2,231,219
2036,March,14,3,24272,220
2036,March,14,1,12215,221
2036,March,14,2,12057,222
2036,March,30,3,213,223
2036,March,30,1,114,224
2036,March,30,2,99,225
2036,March,37,3,594566,226
2036,March,37,1,308634,227
2036,March,37,2,285932,228
2036,July,8,3,43831,229
2036,July,8,1,22547,230
2036,July,8,2,21284,231
2036,July,12,3,5481,232
2036,July,12,1,2909,233
2036,July,12,2,2572,234
2036,July,16,3,67324,235
2036,July,16,1,35546,236
2036,July,16,2,31778,237
2036,July,28,3,2482,238
2036,July,28,1,1258,239
2036,July,28,2,1224,240
2036,July,20,3,22733,241
2036,July,20,1,11441,242
2036,July,20,2,11292,243
2036,July,13,3,46675,244
2036,July,13,1,23337,245
2036,July,13,2,23337,246
2036,July,31,3,572,247
2036,July,31,1,299,248
2036,July,31,2,273,249
2036,July,15,3,25870,250
2036,July,15,1,13516,251
2036,July,15,2,12354,252
2036,July,17,3,15284,253
2036,July,17,1,8152,254
2036,July,17,2,7133,255
2036,July,21,3,1579,256
2036,July,21,1,773,257
2036,July,21,2,806,258
2036,July,9,3,10476,259
2036,July,9,1,5422,260
2036,July,9,2,5054,261
2036,July,27,3,1595,262
2036,July,27,1,836,263
2036,July,27,2,759,264
2036,July,18,3,794,265
2036,July,18,1,397,266
2036,July,18,2,397,267
2036,July,22,3,787,268
2036,July,22,1,393,269
2036,July,22,2,394,270
2036,July,6,3,1280,271
2036,July,6,1,632,272
2036,July,6,2,648,273
2036,July,1,3,71462,274
2036,July,1,1,37552,275
2036,July,1,2,33910,276
2036,July,3,3,29840,277
2036,July,3,1,15558,278
2036,July,3,2,14282,279
2036,July,36,3,71,280
2036,July,36,1,37,281
2036,July,36,2,34,282
2036,July,35,3,130,283
2036,July,35,1,85,284
2036,July,35,2,45,285
2036,July,7,3,35803,286
2036,July,7,1,17123,287
2036,July,7,2,18681,288
2036,July,10,3,36671,289
2036,July,10,1,18681,290
2036,July,10,2,17990,291
2036,July,24,3,12877,292
2036,July,24,1,6742,293
2036,July,24,2,6135,294
2036,July,32,3,5026,295
2036,July,32,1,2721,296
2036,July,32,2,2305,297
2036,July,23,3,829,298
2036,July,23,1,447,299
2036,July,23,2,381,300
2036,July,25,3,17207,301
2036,July,25,1,9187,302
2036,July,25,2,8020,303
2036,July,11,3,44964,304
2036,July,11,1,23917,305
2036,July,11,2,21047,306
2036,July,33,3,1473,307
2036,July,33,1,753,308
2036,July,33,2,720,309
2036,July,29,3,26727,310
2036,July,29,1,14308,311
2036,July,29,2,12419,312
2036,July,34,3,2011,313
2036,July,34,1,1710,314
2036,July,34,2,301,315
2036,July,34,3,1404,316
2036,July,34,1,835,317
2036,July,34,2,569,318
2036,July,4,3,10723,319
2036,July,4,1,5482,320
2036,July,4,2,5241,321
2036,July,19,3,1362,322
2036,July,19,1,748,323
2036,July,19,2,615,324
2036,July,2,3,19844,325
2036,July,2,1,10472,326
2036,July,2,2,9372,327
2036,July,5,3,6792,328
2036,July,5,1,3490,329
2036,July,5,2,3302,330
2036,July,26,3,494,331
2036,July,26,1,261,332
2036,July,26,2,232,333
2036,July,14,3,24393,334
2036,July,14,1,12276,335
2036,July,14,2,12117,336
2036,July,30,3,213,337
2036,July,30,1,114,338
2036,July,30,2,99,339
2036,July,37,3,597079,340
2036,July,37,1,309957,341
2036,July,37,2,287122,342
2035,October,8,3,43438,343
2035,October,8,1,22345,344
2035,October,8,2,21094,345
2035,October,12,3,5408,346
2035,October,12,1,2870,347
2035,October,12,2,2537,348
2035,October,16,3,66772,349
2035,October,16,1,35255,350
2035,October,16,2,31518,351
2035,October,28,3,2433,352
2035,October,28,1,1233,353
2035,October,28,2,1200,354
2035,October,20,3,22485,355
2035,October,20,1,11316,356
2035,October,20,2,11169,357
2035,October,13,3,46402,358
2035,October,13,1,23201,359
2035,October,13,2,23201,360
2035,October,31,3,559,361
2035,October,31,1,292,362
2035,October,31,2,267,363
2035,October,15,3,25633,364
2035,October,15,1,13392,365
2035,October,15,2,12240,366
2035,October,17,3,15154,367
2035,October,17,1,8082,368
2035,October,17,2,7072,369
2035,October,21,3,1554,370
2035,October,21,1,761,371
2035,October,21,2,793,372
2035,October,9,3,10381,373
2035,October,9,1,5373,374
2035,October,9,2,5008,375
2035,October,27,3,1563,376
2035,October,27,1,819,377
2035,October,27,2,744,378
2035,October,18,3,788,379
2035,October,18,1,394,380
2035,October,18,2,394,381
2035,October,22,3,782,382
2035,October,22,1,391,383
2035,October,22,2,391,384
2035,October,6,3,1267,385
2035,October,6,1,625,386
2035,October,6,2,642,387
2035,October,1,3,70925,388
2035,October,1,1,37270,389
2035,October,1,2,33655,390
2035,October,3,3,29592,391
2035,October,3,1,15428,392
2035,October,3,2,14163,393
2035,October,36,3,71,394
2035,October,36,1,37,395
2035,October,36,2,34,396
2035,October,35,3,128,397
2035,October,35,1,84,398
2035,October,35,2,44,399
2035,October,7,3,35448,400
2035,October,7,1,16952,401
2035,October,7,2,18495,402
2035,October,10,3,36308,403
2035,October,10,1,18496,404
2035,October,10,2,17812,405
2035,October,24,3,12739,406
2035,October,24,1,6669,407
2035,October,24,2,6069,408
2035,October,32,3,4978,409
2035,October,32,1,2695,410
2035,October,32,2,2283,411
2035,October,23,3,826,412
2035,October,23,1,446,413
2035,October,23,2,380,414
2035,October,25,3,16950,415
2035,October,25,1,9050,416
2035,October,25,2,7900,417
2035,October,11,3,44403,418
2035,October,11,1,23619,419
2035,October,11,2,20784,420
2035,October,33,3,1459,421
2035,October,33,1,746,422
2035,October,33,2,713,423
2035,October,29,3,26421,424
2035,October,29,1,14144,425
2035,October,29,2,12277,426
2035,October,34,3,1886,427
2035,October,34,1,1596,428
2035,October,34,2,290,429
2035,October,34,3,1335,430
2035,October,34,1,794,431
2035,October,34,2,541,432
2035,October,4,3,10579,433
2035,October,4,1,5408,434
2035,October,4,2,5170,435
2035,October,19,3,1356,436
2035,October,19,1,744,437
2035,October,19,2,612,438
2035,October,2,3,19611,439
2035,October,2,1,10349,440
2035,October,2,2,9262,441
2035,October,5,3,6725,442
2035,October,5,1,3456,443
2035,October,5,2,3269,444
2035,October,26,3,489,445
2035,October,26,1,258,446
2035,October,26,2,230,447
2035,October,14,3,24118,448
2035,October,14,1,12138,449
2035,October,14,2,11980,450
2035,October,30,3,212,451
2035,October,30,1,113,452
2035,October,30,2,99,453
2035,October,37,3,591173,454
2035,October,37,1,306841,455
2035,October,37,2,284332,456
2035,March,8,3,43131,457
2035,March,8,1,22187,458
2035,March,8,2,20944,459
2035,March,12,3,5350,460
2035,March,12,1,2840,461
2035,March,12,2,2510,462
2035,March,16,3,66340,463
2035,March,16,1,35026,464
2035,March,16,2,31314,465
2035,March,28,3,2394,466
2035,March,28,1,1213,467
2035,March,28,2,1181,468
2035,March,20,3,22402,469
2035,March,20,1,11274,470
2035,March,20,2,11128,471
2035,March,13,3,46188,472
2035,March,13,1,23094,473
2035,March,13,2,23094,474
2035,March,31,3,549,475
2035,March,31,1,287,476
2035,March,31,2,262,477
2035,March,15,3,25447,478
2035,March,15,1,13295,479
2035,March,15,2,12152,480
2035,March,17,3,15051,481
2035,March,17,1,8027,482
2035,March,17,2,7024,483
2035,March,21,3,1534,484
2035,March,21,1,751,485
2035,March,21,2,783,486
2035,March,9,3,10306,487
2035,March,9,1,5334,488
2035,March,9,2,4972,489
2035,March,27,3,1538,490
2035,March,27,1,806,491
2035,March,27,2,732,492
2035,March,18,3,784,493
2035,March,18,1,392,494
2035,March,18,2,392,495
2035,March,22,3,778,496
2035,March,22,1,389,497
2035,March,22,2,389,498
2035,March,6,3,1257,499
2035,March,6,1,620,500
2035,March,6,2,637,501
2035,March,1,3,70505,502
2035,March,1,1,37049,503
2035,March,1,2,33456,504
2035,March,3,3,29398,505
2035,March,3,1,15327,506
2035,March,3,2,14071,507
2035,March,36,3,71,508
2035,March,36,1,37,509
2035,March,36,2,34,510
2035,March,35,3,127,511
2035,March,35,1,83,512
2035,March,35,2,44,513
2035,March,7,3,35192,514
2035,March,7,1,16830,515
2035,March,7,2,18362,516
2035,March,10,3,36024,517
2035,March,10,1,18352,518
2035,March,10,2,17672,519
2035,March,24,3,12630,520
2035,March,24,1,6613,521
2035,March,24,2,6017,522
2035,March,32,3,4939,523
2035,March,32,1,2674,524
2035,March,32,2,2265,525
2035,March,23,3,824,526
2035,March,23,1,445,527
2035,March,23,2,379,528
2035,March,25,3,16748,529
2035,March,25,1,8942,530
2035,March,25,2,7806,531
2035,March,11,3,43963,532
2035,March,11,1,23385,533
2035,March,11,2,20578,534
2035,March,33,3,1448,535
2035,March,33,1,740,536
2035,March,33,2,708,537
2035,March,29,3,26183,538
2035,March,29,1,14017,539
2035,March,29,2,12166,540
2035,March,34,3,1789,541
2035,March,34,1,1507,542
2035,March,34,2,282,543
2035,March,34,3,1281,544
2035,March,34,1,762,545
2035,March,34,2,519,546
2035,March,4,3,10465,547
2035,March,4,1,5350,548
2035,March,4,2,5115,549
2035,March,19,3,1351,550
2035,March,19,1,741,551
2035,March,19,2,610,552
2035,March,2,3,19429,553
2035,March,2,1,10253,554
2035,March,2,2,9176,555
2035,March,5,3,6672,556
2035,March,5,1,3429,557
2035,March,5,2,3243,558
2035,March,26,3,485,559
2035,March,26,1,257,560
2035,March,26,2,228,561
2035,March,14,3,23903,562
2035,March,14,1,12030,563
2035,March,14,2,11873,564
2035,March,30,3,210,565
2035,March,30,1,112,566
2035,March,30,2,98,567
2035,March,37,3,586686,568
2035,March,37,1,304470,569
2035,March,37,2,282216,570
2035,July,8,3,43307,571
2035,July,8,1,22277,572
2035,July,8,2,21030,573
2035,July,12,3,5383,574
2035,July,12,1,2857,575
2035,July,12,2,2526,576
2035,July,16,3,66587,577
2035,July,16,1,35157,578
2035,July,16,2,31430,579
2035,July,28,3,2416,580
2035,July,28,1,1225,581
2035,July,28,2,1191,582
2035,July,20,3,22402,583
2035,July,20,1,11274,584
2035,July,20,2,11128,585
2035,July,13,3,46310,586
2035,July,13,1,23155,587
2035,July,13,2,23155,588
2035,July,31,3,555,589
2035,July,31,1,290,590
2035,July,31,2,265,591
2035,July,15,3,25553,592
2035,July,15,1,13351,593
2035,July,15,2,12202,594
2035,July,17,3,15110,595
2035,July,17,1,8058,596
2035,July,17,2,7051,597
2035,July,21,3,1545,598
2035,July,21,1,757,599
2035,July,21,2,789,600
2035,July,9,3,10348,601
2035,July,9,1,5356,602
2035,July,9,2,4992,603
2035,July,27,3,1552,604
2035,July,27,1,814,605
2035,July,27,2,739,606
2035,July,18,3,786,607
2035,July,18,1,394,608
2035,July,18,2,393,609
2035,July,22,3,780,610
2035,July,22,1,390,611
2035,July,22,2,390,612
2035,July,6,3,1263,613
2035,July,6,1,623,614
2035,July,6,2,639,615
2035,July,1,3,70745,616
2035,July,1,1,37176,617
2035,July,1,2,33569,618
2035,July,3,3,29509,619
2035,July,3,1,15385,620
2035,July,3,2,14124,621
2035,July,36,3,71,622
2035,July,36,1,37,623
2035,July,36,2,34,624
2035,July,35,3,128,625
2035,July,35,1,84,626
2035,July,35,2,44,627
2035,July,7,3,35338,628
2035,July,7,1,16900,629
2035,July,7,2,18438,630
2035,July,10,3,36186,631
2035,July,10,1,18434,632
2035,July,10,2,17752,633
2035,July,24,3,12692,634
2035,July,24,1,6645,635
2035,July,24,2,6047,636
2035,July,32,3,4961,637
2035,July,32,1,2686,638
2035,July,32,2,2275,639
2035,July,23,3,825,640
2035,July,23,1,445,641
2035,July,23,2,380,642
2035,July,25,3,16863,643
2035,July,25,1,9003,644
2035,July,25,2,7860,645
2035,July,11,3,44214,646
2035,July,11,1,23518,647
2035,July,11,2,20696,648
2035,July,33,3,1454,649
2035,July,33,1,744,650
2035,July,33,2,711,651
2035,July,29,3,26319,652
2035,July,29,1,14089,653
2035,July,29,2,12230,654
2035,July,34,3,1844,655
2035,July,34,1,1558,656
2035,July,34,2,287,657
2035,July,34,3,1312,658
2035,July,34,1,780,659
2035,July,34,2,532,660
2035,July,4,3,10530,661
2035,July,4,1,5383,662
2035,July,4,2,5147,663
2035,July,19,3,1354,664
2035,July,19,1,743,665
2035,July,19,2,611,666
2035,July,2,3,19533,667
2035,July,2,1,10308,668
2035,July,2,2,9225,669
2035,July,5,3,6702,670
2035,July,5,1,3444,671
2035,July,5,2,3258,672
2035,July,26,3,487,673
2035,July,26,1,258,674
2035,July,26,2,229,675
2035,July,14,3,24026,676
2035,July,14,1,12092,677
2035,July,14,2,11934,678
2035,July,30,3,211,679
2035,July,30,1,113,680
2035,July,30,2,98,681
2035,July,37,3,589204,682
2035,July,37,1,305803,683
2035,July,37,2,283401,684
2034,October,8,3,42913,685
2034,October,8,1,22075,686
2034,October,8,2,20838,687
2034,October,12,3,5310,688
2034,October,12,1,2818,689
2034,October,12,2,2491,690
2034,October,16,3,66034,691
2034,October,16,1,34865,692
2034,October,16,2,31169,693
2034,October,28,3,2367,694
2034,October,28,1,1199,695
2034,October,28,2,1167,696
2034,October,20,3,22154,697
2034,October,20,1,11149,698
2034,October,20,2,11004,699
2034,October,13,3,46036,700
2034,October,13,1,23018,701
2034,October,13,2,23018,702
2034,October,31,3,542,703
2034,October,31,1,283,704
2034,October,31,2,259,705
2034,October,15,3,25315,706
2034,October,15,1,13226,707
2034,October,15,2,12089,708
2034,October,17,3,14979,709
2034,October,17,1,7989,710
2034,October,17,2,6990,711
2034,October,21,3,1520,712
2034,October,21,1,744,713
2034,October,21,2,776,714
2034,October,9,3,10253,715
2034,October,9,1,5307,716
2034,October,9,2,4946,717
2034,October,27,3,1520,718
2034,October,27,1,797,719
2034,October,27,2,723,720
2034,October,18,3,781,721
2034,October,18,1,391,722
2034,October,18,2,390,723
2034,October,22,3,775,724
2034,October,22,1,387,725
2034,October,22,2,388,726
2034,October,6,3,1250,727
2034,October,6,1,617,728
2034,October,6,2,633,729
2034,October,1,3,70207,730
2034,October,1,1,36893,731
2034,October,1,2,33314,732
2034,October,3,3,29260,733
2034,October,3,1,15256,734
2034,October,3,2,14005,735
2034,October,36,3,71,736
2034,October,36,1,37,737
2034,October,36,2,34,738
2034,October,35,3,126,739
2034,October,35,1,82,740
2034,October,35,2,43,741
2034,October,7,3,34992,742
2034,October,7,1,16735,743
2034,October,7,2,18258,744
2034,October,10,3,35822,745
2034,October,10,1,18249,746
2034,October,10,2,17574,747
2034,October,24,3,12553,748
2034,October,24,1,6572,749
2034,October,24,2,5981,750
2034,October,32,3,4912,751
2034,October,32,1,2660,752
2034,October,32,2,2253,753
2034,October,23,3,822,754
2034,October,23,1,444,755
2034,October,23,2,379,756
2034,October,25,3,16606,757
2034,October,25,1,8866,758
2034,October,25,2,7740,759
2034,October,11,3,43651,760
2034,October,11,1,23219,761
2034,October,11,2,20433,762
2034,October,33,3,1440,763
2034,October,33,1,736,764
2034,October,33,2,704,765
2034,October,29,3,26013,766
2034,October,29,1,13926,767
2034,October,29,2,12087,768
2034,October,34,3,1719,769
2034,October,34,1,1444,770
2034,October,34,2,276,771
2034,October,34,3,1243,772
2034,October,34,1,739,773
2034,October,34,2,504,774
2034,October,4,3,10385,775
2034,October,4,1,5309,776
2034,October,4,2,5076,777
2034,October,19,3,1348,778
2034,October,19,1,740,779
2034,October,19,2,608,780
2034,October,2,3,19299,781
2034,October,2,1,10184,782
2034,October,2,2,9115,783
2034,October,5,3,6635,784
2034,October,5,1,3409,785
2034,October,5,2,3225,786
2034,October,26,3,482,787
2034,October,26,1,255,788
2034,October,26,2,227,789
2034,October,14,3,23751,790
2034,October,14,1,11953,791
2034,October,14,2,11798,792
2034,October,30,3,209,793
2034,October,30,1,112,794
2034,October,30,2,98,795
2034,October,37,3,583298,796
2034,October,37,1,302685,797
2034,October,37,2,280613,798
2034,March,8,3,42608,799
2034,March,8,1,21918,800
2034,March,8,2,20690,801
2034,March,12,3,5253,802
2034,March,12,1,2788,803
2034,March,12,2,2465,804
2034,March,16,3,65605,805
2034,March,16,1,34638,806
2034,March,16,2,30967,807
2034,March,28,3,2328,808
2034,March,28,1,1180,809
2034,March,28,2,1148,810
2034,March,20,3,22071,811
2034,March,20,1,11108,812
2034,March,20,2,10963,813
2034,March,13,3,45824,814
2034,March,13,1,22912,815
2034,March,13,2,22912,816
2034,March,31,3,532,817
2034,March,31,1,278,818
2034,March,31,2,254,819
2034,March,15,3,25130,820
2034,March,15,1,13130,821
2034,March,15,2,12000,822
2034,March,17,3,14877,823
2034,March,17,1,7934,824
2034,March,17,2,6943,825
2034,March,21,3,1500,826
2034,March,21,1,735,827
2034,March,21,2,765,828
2034,March,9,3,10179,829
2034,March,9,1,5269,830
2034,March,9,2,4910,831
2034,March,27,3,1495,832
2034,March,27,1,784,833
2034,March,27,2,711,834
2034,March,18,3,776,835
2034,March,18,1,388,836
2034,March,18,2,388,837
2034,March,22,3,771,838
2034,March,22,1,385,839
2034,March,22,2,386,840
2034,March,6,3,1240,841
2034,March,6,1,612,842
2034,March,6,2,628,843
2034,March,1,3,69790,844
2034,March,1,1,36674,845
2034,March,1,2,33116,846
2034,March,3,3,29067,847
2034,March,3,1,15155,848
2034,March,3,2,13912,849
2034,March,36,3,71,850
2034,March,36,1,37,851
2034,March,36,2,34,852
2034,March,35,3,124,853
2034,March,35,1,81,854
2034,March,35,2,43,855
2034,March,7,3,34713,856
2034,March,7,1,16601,857
2034,March,7,2,18112,858
2034,March,10,3,35540,859
2034,March,10,1,18105,860
2034,March,10,2,17435,861
2034,March,24,3,12446,862
2034,March,24,1,6516,863
2034,March,24,2,5930,864
2034,March,32,3,4875,865
2034,March,32,1,2639,866
2034,March,32,2,2236,867
2034,March,23,3,820,868
2034,March,23,1,443,869
2034,March,23,2,377,870
2034,March,25,3,16406,871
2034,March,25,1,8759,872
2034,March,25,2,7647,873
2034,March,11,3,43215,874
2034,March,11,1,22987,875
2034,March,11,2,20228,876
2034,March,33,3,1429,877
2034,March,33,1,731,878
2034,March,33,2,698,879
2034,March,29,3,25775,880
2034,March,29,1,13798,881
2034,March,29,2,11977,882
2034,March,34,3,1622,883
2034,March,34,1,1355,884
2034,March,34,2,267,885
2034,March,34,3,1189,886
2034,March,34,1,707,887
2034,March,34,2,482,888
2034,March,4,3,10273,889
2034,March,4,1,5252,890
2034,March,4,2,5021,891
2034,March,19,3,1343,892
2034,March,19,1,737,893
2034,March,19,2,606,894
2034,March,2,3,19118,895
2034,March,2,1,10089,896
2034,March,2,2,9029,897
2034,March,5,3,6582,898
2034,March,5,1,3382,899
2034,March,5,2,3200,900
2034,March,26,3,478,901
2034,March,26,1,253,902
2034,March,26,2,225,903
2034,March,14,3,23537,904
2034,March,14,1,11845,905
2034,March,14,2,11692,906
2034,March,30,3,208,907
2034,March,30,1,111,908
2034,March,30,2,97,909
2034,March,37,3,578810,910
2034,March,37,1,300316,911
2034,March,37,2,278494,912
2034,July,8,3,42782,913
2034,July,8,1,22007,914
2034,July,8,2,20775,915
2034,July,12,3,5285,916
2034,July,12,1,2805,917
2034,July,12,2,2480,918
2034,July,16,3,65850,919
2034,July,16,1,34768,920
2034,July,16,2,31082,921
2034,July,28,3,2350,922
2034,July,28,1,1191,923
2034,July,28,2,1159,924
2034,July,20,3,22071,925
2034,July,20,1,11108,926
2034,July,20,2,10963,927
2034,July,13,3,45945,928
2034,July,13,1,22973,929
2034,July,13,2,22973,930
2034,July,31,3,538,931
2034,July,31,1,281,932
2034,July,31,2,257,933
2034,July,15,3,25236,934
2034,July,15,1,13185,935
2034,July,15,2,12051,936
2034,July,17,3,14935,937
2034,July,17,1,7965,938
2034,July,17,2,6970,939
2034,July,21,3,1511,940
2034,July,21,1,740,941
2034,July,21,2,771,942
2034,July,9,3,10222,943
2034,July,9,1,5291,944
2034,July,9,2,4931,945
2034,July,27,3,1509,946
2034,July,27,1,791,947
2034,July,27,2,718,948
2034,July,18,3,779,949
2034,July,18,1,390,950
2034,July,18,2,389,951
2034,July,22,3,773,952
2034,July,22,1,386,953
2034,July,22,2,387,954
2034,July,6,3,1246,955
2034,July,6,1,615,956
2034,July,6,2,631,957
2034,July,1,3,70028,958
2034,July,1,1,36799,959
2034,July,1,2,33229,960
2034,July,3,3,29177,961
2034,July,3,1,15212,962
2034,July,3,2,13965,963
2034,July,36,3,71,964
2034,July,36,1,37,965
2034,July,36,2,34,966
2034,July,35,3,125,967
2034,July,35,1,82,968
2034,July,35,2,43,969
2034,July,7,3,34873,970
2034,July,7,1,16678,971
2034,July,7,2,18195,972
2034,July,10,3,35701,973
2034,July,10,1,18187,974
2034,July,10,2,17514,975
2034,July,24,3,12507,976
2034,July,24,1,6548,977
2034,July,24,2,5959,978
2034,July,32,3,4896,979
2034,July,32,1,2651,980
2034,July,32,2,2245,981
2034,July,23,3,821,982
2034,July,23,1,443,983
2034,July,23,2,378,984
2034,July,25,3,16520,985
2034,July,25,1,8820,986
2034,July,25,2,7700,987
2034,July,11,3,43464,988
2034,July,11,1,23119,989
2034,July,11,2,20345,990
2034,July,33,3,1435,991
2034,July,33,1,734,992
2034,July,33,2,702,993
2034,July,29,3,25911,994
2034,July,29,1,13871,995
2034,July,29,2,12040,996
2034,July,34,3,1678,997
2034,July,34,1,1406,998
2034,July,34,2,272,999
2034,July,34,3,1220,1000
2034,July,34,1,725,1001
2034,July,34,2,495,1002
2034,July,4,3,10337,1003
2034,July,4,1,5285,1004
2034,July,4,2,5052,1005
2034,July,19,3,1346,1006
2034,July,19,1,739,1007
2034,July,19,2,607,1008
2034,July,2,3,19222,1009
2034,July,2,1,10143,1010
2034,July,2,2,9078,1011
2034,July,5,3,6612,1012
2034,July,5,1,3398,1013
2034,July,5,2,3214,1014
2034,July,26,3,480,1015
2034,July,26,1,254,1016
2034,July,26,2,226,1017
2034,July,14,3,23659,1018
2034,July,14,1,11907,1019
2034,July,14,2,11752,1020
2034,July,30,3,209,1021
2034,July,30,1,111,1022
2034,July,30,2,97,1023
2034,July,37,3,581324,1024
2034,July,37,1,301645,1025
2034,July,37,2,279679,1026
2033,October,8,3,42392,1027
2033,October,8,1,21807,1028
2033,October,8,2,20585,1029
2033,October,12,3,5213,1030
2033,October,12,1,2767,1031
2033,October,12,2,2446,1032
2033,October,16,3,65301,1033
2033,October,16,1,34478,1034
2033,October,16,2,30823,1035
2033,October,28,3,2301,1036
2033,October,28,1,1166,1037
2033,October,28,2,1135,1038
2033,October,20,3,21824,1039
2033,October,20,1,10984,1040
2033,October,20,2,10841,1041
2033,October,13,3,45673,1042
2033,October,13,1,22836,1043
2033,October,13,2,22836,1044
2033,October,31,3,525,1045
2033,October,31,1,274,1046
2033,October,31,2,251,1047
2033,October,15,3,24999,1048
2033,October,15,1,13061,1049
2033,October,15,2,11938,1050
2033,October,17,3,14805,1051
2033,October,17,1,7896,1052
2033,October,17,2,6909,1053
2033,October,21,3,1485,1054
2033,October,21,1,727,1055
2033,October,21,2,758,1056
2033,October,9,3,10127,1057
2033,October,9,1,5241,1058
2033,October,9,2,4885,1059
2033,October,27,3,1477,1060
2033,October,27,1,774,1061
2033,October,27,2,703,1062
2033,October,18,3,773,1063
2033,October,18,1,387,1064
2033,October,18,2,386,1065
2033,October,22,3,769,1066
2033,October,22,1,384,1067
2033,October,22,2,384,1068
2033,October,6,3,1233,1069
2033,October,6,1,609,1070
2033,October,6,2,624,1071
2033,October,1,3,69494,1072
2033,October,1,1,36518,1073
2033,October,1,2,32976,1074
2033,October,3,3,28930,1075
2033,October,3,1,15083,1076
2033,October,3,2,13847,1077
2033,October,36,3,71,1078
2033,October,36,1,37,1079
2033,October,36,2,34,1080
2033,October,35,3,123,1081
2033,October,35,1,80,1082
2033,October,35,2,42,1083
2033,October,7,3,34497,1084
2033,October,7,1,16498,1085
2033,October,7,2,17999,1086
2033,October,10,3,35340,1087
2033,October,10,1,18003,1088
2033,October,10,2,17337,1089
2033,October,24,3,12369,1090
2033,October,24,1,6476,1091
2033,October,24,2,5893,1092
2033,October,32,3,4848,1093
2033,October,32,1,2625,1094
2033,October,32,2,2223,1095
2033,October,23,3,819,1096
2033,October,23,1,442,1097
2033,October,23,2,377,1098
2033,October,25,3,16264,1099
2033,October,25,1,8684,1100
2033,October,25,2,7581,1101
2033,October,11,3,42905,1102
2033,October,11,1,22822,1103
2033,October,11,2,20083,1104
2033,October,33,3,1421,1105
2033,October,33,1,726,1106
2033,October,33,2,694,1107
2033,October,29,3,25605,1108
2033,October,29,1,13707,1109
2033,October,29,2,11898,1110
2033,October,34,3,1552,1111
2033,October,34,1,1291,1112
2033,October,34,2,261,1113
2033,October,34,3,1151,1114
2033,October,34,1,684,1115
2033,October,34,2,467,1116
2033,October,4,3,10194,1117
2033,October,4,1,5212,1118
2033,October,4,2,4982,1119
2033,October,19,3,1340,1120
2033,October,19,1,735,1121
2033,October,19,2,604,1122
2033,October,2,3,18989,1123
2033,October,2,1,10021,1124
2033,October,2,2,8969,1125
2033,October,5,3,6545,1126
2033,October,5,1,3363,1127
2033,October,5,2,3182,1128
2033,October,26,3,475,1129
2033,October,26,1,251,1130
2033,October,26,2,224,1131
2033,October,14,3,23386,1132
2033,October,14,1,11770,1133
2033,October,14,2,11617,1134
2033,October,30,3,207,1135
2033,October,30,1,110,1136
2033,October,30,2,96,1137
2033,October,37,3,575420,1138
2033,October,37,1,298529,1139
2033,October,37,2,276890,1140
2033,March,8,3,42090,1141
2033,March,8,1,21651,1142
2033,March,8,2,20439,1143
2033,March,12,3,5156,1144
2033,March,12,1,2737,1145
2033,March,12,2,2419,1146
2033,March,16,3,64875,1147
2033,March,16,1,34253,1148
2033,March,16,2,30622,1149
2033,March,28,3,2263,1150
2033,March,28,1,1147,1151
2033,March,28,2,1116,1152
2033,March,20,3,21742,1153
2033,March,20,1,10942,1154
2033,March,20,2,10800,1155
2033,March,13,3,45461,1156
2033,March,13,1,22731,1157
2033,March,13,2,22731,1158
2033,March,31,3,515,1159
2033,March,31,1,269,1160
2033,March,31,2,246,1161
2033,March,15,3,24815,1162
2033,March,15,1,12965,1163
2033,March,15,2,11850,1164
2033,March,17,3,14703,1165
2033,March,17,1,7842,1166
2033,March,17,2,6861,1167
2033,March,21,3,1465,1168
2033,March,21,1,717,1169
2033,March,21,2,748,1170
2033,March,9,3,10053,1171
2033,March,9,1,5203,1172
2033,March,9,2,4850,1173
2033,March,27,3,1452,1174
2033,March,27,1,761,1175
2033,March,27,2,691,1176
2033,March,18,3,768,1177
2033,March,18,1,384,1178
2033,March,18,2,384,1179
2033,March,22,3,765,1180
2033,March,22,1,382,1181
2033,March,22,2,383,1182
2033,March,6,3,1223,1183
2033,March,6,1,604,1184
2033,March,6,2,619,1185
2033,March,1,3,69079,1186
2033,March,1,1,36300,1187
2033,March,1,2,32779,1188
2033,March,3,3,28738,1189
2033,March,3,1,14983,1190
2033,March,3,2,13755,1191
2033,March,36,3,71,1192
2033,March,36,1,37,1193
2033,March,36,2,34,1194
2033,March,35,3,121,1195
2033,March,35,1,79,1196
2033,March,35,2,42,1197
2033,March,7,3,34195,1198
2033,March,7,1,16353,1199
2033,March,7,2,17842,1200
2033,March,10,3,35060,1201
2033,March,10,1,17860,1202
2033,March,10,2,17200,1203
2033,March,24,3,12262,1204
2033,March,24,1,6420,1205
2033,March,24,2,5842,1206
2033,March,32,3,4811,1207
2033,March,32,1,2605,1208
2033,March,32,2,2206,1209
2033,March,23,3,817,1210
2033,March,23,1,441,1211
2033,March,23,2,376,1212
2033,March,25,3,16066,1213
2033,March,25,1,8578,1214
2033,March,25,2,7488,1215
2033,March,11,3,42472,1216
2033,March,11,1,22591,1217
2033,March,11,2,19881,1218
2033,March,33,3,1409,1219
2033,March,33,1,720,1220
2033,March,33,2,689,1221
2033,March,29,3,25368,1222
2033,March,29,1,13580,1223
2033,March,29,2,11788,1224
2033,March,34,3,1455,1225
2033,March,34,1,1202,1226
2033,March,34,2,253,1227
2033,March,34,3,1097,1228
2033,March,34,1,652,1229
2033,March,34,2,445,1230
2033,March,4,3,10083,1231
2033,March,4,1,5155,1232
2033,March,4,2,4928,1233
2033,March,19,3,1335,1234
2033,March,19,1,733,1235
2033,March,19,2,602,1236
2033,March,2,3,18809,1237
2033,March,2,1,9926,1238
2033,March,2,2,8883,1239
2033,March,5,3,6493,1240
2033,March,5,1,3337,1241
2033,March,5,2,3156,1242
2033,March,26,3,471,1243
2033,March,26,1,249,1244
2033,March,26,2,222,1245
2033,March,14,3,23175,1246
2033,March,14,1,11663,1247
2033,March,14,2,11512,1248
2033,March,30,3,205,1249
2033,March,30,1,109,1250
2033,March,30,2,96,1251
2033,March,37,3,570939,1252
2033,March,37,1,296161,1253
2033,March,37,2,274778,1254
2033,July,8,3,42263,1255
2033,July,8,1,21740,1256
2033,July,8,2,20523,1257
2033,July,12,3,5188,1258
2033,July,12,1,2754,1259
2033,July,12,2,2434,1260
2033,July,16,3,65118,1261
2033,July,16,1,34381,1262
2033,July,16,2,30737,1263
2033,July,28,3,2285,1264
2033,July,28,1,1158,1265
2033,July,28,2,1127,1266
2033,July,20,3,21742,1267
2033,July,20,1,10942,1268
2033,July,20,2,10800,1269
2033,July,13,3,45582,1270
2033,July,13,1,22791,1271
2033,July,13,2,22791,1272
2033,July,31,3,521,1273
2033,July,31,1,272,1274
2033,July,31,2,248,1275
2033,July,15,3,24920,1276
2033,July,15,1,13020,1277
2033,July,15,2,11900,1278
2033,July,17,3,14761,1279
2033,July,17,1,7873,1280
2033,July,17,2,6888,1281
2033,July,21,3,1477,1282
2033,July,21,1,723,1283
2033,July,21,2,754,1284
2033,July,9,3,10095,1285
2033,July,9,1,5225,1286
2033,July,9,2,4870,1287
2033,July,27,3,1466,1288
2033,July,27,1,769,1289
2033,July,27,2,698,1290
2033,July,18,3,771,1291
2033,July,18,1,386,1292
2033,July,18,2,385,1293
2033,July,22,3,767,1294
2033,July,22,1,383,1295
2033,July,22,2,384,1296
2033,July,6,3,1229,1297
2033,July,6,1,606,1298
2033,July,6,2,622,1299
2033,July,1,3,69316,1300
2033,July,1,1,36425,1301
2033,July,1,2,32891,1302
2033,July,3,3,28848,1303
2033,July,3,1,15040,1304
2033,July,3,2,13807,1305
2033,July,36,3,71,1306
2033,July,36,1,37,1307
2033,July,36,2,34,1308
2033,July,35,3,122,1309
2033,July,35,1,80,1310
2033,July,35,2,42,1311
2033,July,7,3,34368,1312
2033,July,7,1,16436,1313
2033,July,7,2,17932,1314
2033,July,10,3,35220,1315
2033,July,10,1,17942,1316
2033,July,10,2,17278,1317
2033,July,24,3,12323,1318
2033,July,24,1,6452,1319
2033,July,24,2,5871,1320
2033,July,32,3,4832,1321
2033,July,32,1,2616,1322
2033,July,32,2,2216,1323
2033,July,23,3,818,1324
2033,July,23,1,441,1325
2033,July,23,2,377,1326
2033,July,25,3,16179,1327
2033,July,25,1,8638,1328
2033,July,25,2,7541,1329
2033,July,11,3,42720,1330
2033,July,11,1,22723,1331
2033,July,11,2,19996,1332
2033,July,33,3,1416,1333
2033,July,33,1,724,1334
2033,July,33,2,692,1335
2033,July,29,3,25504,1336
2033,July,29,1,13653,1337
2033,July,29,2,11851,1338
2033,July,34,3,1511,1339
2033,July,34,1,1253,1340
2033,July,34,2,258,1341
2033,July,34,3,1128,1342
2033,July,34,1,670,1343
2033,July,34,2,457,1344
2033,July,4,3,10146,1345
2033,July,4,1,5187,1346
2033,July,4,2,4959,1347
2033,July,19,3,1338,1348
2033,July,19,1,734,1349
2033,July,19,2,603,1350
2033,July,2,3,18912,1351
2033,July,2,1,9980,1352
2033,July,2,2,8932,1353
2033,July,5,3,6523,1354
2033,July,5,1,3352,1355
2033,July,5,2,3171,1356
2033,July,26,3,473,1357
2033,July,26,1,250,1358
2033,July,26,2,223,1359
2033,July,14,3,23296,1360
2033,July,14,1,11724,1361
2033,July,14,2,11572,1362
2033,July,30,3,206,1363
2033,July,30,1,110,1364
2033,July,30,2,96,1365
2033,July,37,3,573450,1366
2033,July,37,1,297490,1367
2033,July,37,2,275960,1368
2032,October,8,3,41876,1369
2032,October,8,1,21541,1370
2032,October,8,2,20335,1371
2032,October,12,3,5116,1372
2032,October,12,1,2715,1373
2032,October,12,2,2401,1374
2032,October,16,3,64573,1375
2032,October,16,1,34093,1376
2032,October,16,2,30480,1377
2032,October,28,3,2236,1378
2032,October,28,1,1133,1379
2032,October,28,2,1103,1380
2032,October,20,3,21497,1381
2032,October,20,1,10819,1382
2032,October,20,2,10678,1383
2032,October,13,3,45311,1384
2032,October,13,1,22655,1385
2032,October,13,2,22655,1386
2032,October,31,3,508,1387
2032,October,31,1,265,1388
2032,October,31,2,242,1389
2032,October,15,3,24685,1390
2032,October,15,1,12897,1391
2032,October,15,2,11788,1392
2032,October,17,3,14631,1393
2032,October,17,1,7803,1394
2032,October,17,2,6828,1395
2032,October,21,3,1451,1396
2032,October,21,1,710,1397
2032,October,21,2,740,1398
2032,October,9,3,10001,1399
2032,October,9,1,5176,1400
2032,October,9,2,4824,1401
2032,October,27,3,1434,1402
2032,October,27,1,752,1403
2032,October,27,2,682,1404
2032,October,18,3,765,1405
2032,October,18,1,383,1406
2032,October,18,2,382,1407
2032,October,22,3,763,1408
2032,October,22,1,381,1409
2032,October,22,2,381,1410
2032,October,6,3,1216,1411
2032,October,6,1,600,1412
2032,October,6,2,616,1413
2032,October,1,3,68785,1414
2032,October,1,1,36145,1415
2032,October,1,2,32639,1416
2032,October,3,3,28602,1417
2032,October,3,1,14912,1418
2032,October,3,2,13689,1419
2032,October,36,3,71,1420
2032,October,36,1,37,1421
2032,October,36,2,34,1422
2032,October,35,3,120,1423
2032,October,35,1,78,1424
2032,October,35,2,41,1425
2032,October,7,3,33964,1426
2032,October,7,1,16243,1427
2032,October,7,2,17721,1428
2032,October,10,3,34862,1429
2032,October,10,1,17759,1430
2032,October,10,2,17102,1431
2032,October,24,3,12186,1432
2032,October,24,1,6380,1433
2032,October,24,2,5806,1434
2032,October,32,3,4784,1435
2032,October,32,1,2590,1436
2032,October,32,2,2194,1437
2032,October,23,3,815,1438
2032,October,23,1,440,1439
2032,October,23,2,375,1440
2032,October,25,3,15926,1441
2032,October,25,1,8503,1442
2032,October,25,2,7423,1443
2032,October,11,3,42165,1444
2032,October,11,1,22428,1445
2032,October,11,2,19737,1446
2032,October,33,3,1401,1447
2032,October,33,1,716,1448
2032,October,33,2,685,1449
2032,October,29,3,25198,1450
2032,October,29,1,13489,1451
2032,October,29,2,11709,1452
2032,October,34,3,1386,1453
2032,October,34,1,1139,1454
2032,October,34,2,247,1455
2032,October,34,3,1059,1456
2032,October,34,1,630,1457
2032,October,34,2,429,1458
2032,October,4,3,10005,1459
2032,October,4,1,5115,1460
2032,October,4,2,4890,1461
2032,October,19,3,1331,1462
2032,October,19,1,731,1463
2032,October,19,2,601,1464
2032,October,2,3,18682,1465
2032,October,2,1,9858,1466
2032,October,2,2,8823,1467
2032,October,5,3,6456,1468
2032,October,5,1,3318,1469
2032,October,5,2,3139,1470
2032,October,26,3,468,1471
2032,October,26,1,248,1472
2032,October,26,2,220,1473
2032,October,14,3,23025,1474
2032,October,14,1,11588,1475
2032,October,14,2,11437,1476
2032,October,30,3,204,1477
2032,October,30,1,109,1478
2032,October,30,2,95,1479
2032,October,37,3,567551,1480
2032,October,37,1,294379,1481
2032,October,37,2,273171,1482
2032,March,8,3,41577,1483
2032,March,8,1,21387,1484
2032,March,8,2,20190,1485
2032,March,12,3,5060,1486
2032,March,12,1,2686,1487
2032,March,12,2,2374,1488
2032,March,16,3,64150,1489
2032,March,16,1,33870,1490
2032,March,16,2,30280,1491
2032,March,28,3,2199,1492
2032,March,28,1,1115,1493
2032,March,28,2,1084,1494
2032,March,20,3,21415,1495
2032,March,20,1,10778,1496
2032,March,20,2,10637,1497
2032,March,13,3,45100,1498
2032,March,13,1,22550,1499
2032,March,13,2,22550,1500
2032,March,31,3,497,1501
2032,March,31,1,260,1502
2032,March,31,2,237,1503
2032,March,15,3,24502,1504
2032,March,15,1,12801,1505
2032,March,15,2,11701,1506
2032,March,17,3,14531,1507
2032,March,17,1,7750,1508
2032,March,17,2,6781,1509
2032,March,21,3,1431,1510
2032,March,21,1,701,1511
2032,March,21,2,730,1512
2032,March,9,3,9928,1513
2032,March,9,1,5139,1514
2032,March,9,2,4789,1515
2032,March,27,3,1409,1516
2032,March,27,1,738,1517
2032,March,27,2,671,1518
2032,March,18,3,760,1519
2032,March,18,1,380,1520
2032,March,18,2,380,1521
2032,March,22,3,759,1522
2032,March,22,1,379,1523
2032,March,22,2,380,1524
2032,March,6,3,1207,1525
2032,March,6,1,596,1526
2032,March,6,2,611,1527
2032,March,1,3,68373,1528
2032,March,1,1,35929,1529
2032,March,1,2,32444,1530
2032,March,3,3,28411,1531
2032,March,3,1,14813,1532
2032,March,3,2,13598,1533
2032,March,36,3,71,1534
2032,March,36,1,37,1535
2032,March,36,2,34,1536
2032,March,35,3,118,1537
2032,March,35,1,77,1538
2032,March,35,2,41,1539
2032,March,7,3,33640,1540
2032,March,7,1,16088,1541
2032,March,7,2,17552,1542
2032,March,10,3,34584,1543
2032,March,10,1,17618,1544
2032,March,10,2,16966,1545
2032,March,24,3,12080,1546
2032,March,24,1,6325,1547
2032,March,24,2,5755,1548
2032,March,32,3,4747,1549
2032,March,32,1,2570,1550
2032,March,32,2,2177,1551
2032,March,23,3,813,1552
2032,March,23,1,439,1553
2032,March,23,2,374,1554
2032,March,25,3,15730,1555
2032,March,25,1,8398,1556
2032,March,25,2,7332,1557
2032,March,11,3,41734,1558
2032,March,11,1,22199,1559
2032,March,11,2,19535,1560
2032,March,33,3,1389,1561
2032,March,33,1,710,1562
2032,March,33,2,679,1563
2032,March,29,3,24960,1564
2032,March,29,1,13362,1565
2032,March,29,2,11598,1566
2032,March,34,3,1289,1567
2032,March,34,1,1051,1568
2032,March,34,2,238,1569
2032,March,34,3,1006,1570
2032,March,34,1,598,1571
2032,March,34,2,408,1572
2032,March,4,3,9895,1573
2032,March,4,1,5059,1574
2032,March,4,2,4836,1575
2032,March,19,3,1326,1576
2032,March,19,1,728,1577
2032,March,19,2,598,1578
2032,March,2,3,18503,1579
2032,March,2,1,9764,1580
2032,March,2,2,8739,1581
2032,March,5,3,6405,1582
2032,March,5,1,3291,1583
2032,March,5,2,3114,1584
2032,March,26,3,464,1585
2032,March,26,1,246,1586
2032,March,26,2,218,1587
2032,March,14,3,22815,1588
2032,March,14,1,11482,1589
2032,March,14,2,11333,1590
2032,March,30,3,202,1591
2032,March,30,1,108,1592
2032,March,30,2,94,1593
2032,March,37,3,563080,1594
2032,March,37,1,292022,1595
2032,March,37,2,271058,1596
2032,July,8,3,41748,1597
2032,July,8,1,21475,1598
2032,July,8,2,20273,1599
2032,July,12,3,5092,1600
2032,July,12,1,2703,1601
2032,July,12,2,2389,1602
2032,July,16,3,64392,1603
2032,July,16,1,33998,1604
2032,July,16,2,30394,1605
2032,July,28,3,2220,1606
2032,July,28,1,1125,1607
2032,July,28,2,1095,1608
2032,July,20,3,21415,1609
2032,July,20,1,10778,1610
2032,July,20,2,10637,1611
2032,July,13,3,45220,1612
2032,July,13,1,22610,1613
2032,July,13,2,22610,1614
2032,July,31,3,503,1615
2032,July,31,1,263,1616
2032,July,31,2,240,1617
2032,July,15,3,24606,1618
2032,July,15,1,12856,1619
2032,July,15,2,11750,1620
2032,July,17,3,14588,1621
2032,July,17,1,7780,1622
2032,July,17,2,6808,1623
2032,July,21,3,1442,1624
2032,July,21,1,706,1625
2032,July,21,2,736,1626
2032,July,9,3,9969,1627
2032,July,9,1,5160,1628
2032,July,9,2,4809,1629
2032,July,27,3,1423,1630
2032,July,27,1,746,1631
2032,July,27,2,677,1632
2032,July,18,3,763,1633
2032,July,18,1,382,1634
2032,July,18,2,381,1635
2032,July,22,3,761,1636
2032,July,22,1,380,1637
2032,July,22,2,381,1638
2032,July,6,3,1212,1639
2032,July,6,1,598,1640
2032,July,6,2,614,1641
2032,July,1,3,68608,1642
2032,July,1,1,36053,1643
2032,July,1,2,32556,1644
2032,July,3,3,28520,1645
2032,July,3,1,14870,1646
2032,July,3,2,13650,1647
2032,July,36,3,71,1648
2032,July,36,1,37,1649
2032,July,36,2,34,1650
2032,July,35,3,119,1651
2032,July,35,1,78,1652
2032,July,35,2,41,1653
2032,July,7,3,33825,1654
2032,July,7,1,16176,1655
2032,July,7,2,17649,1656
2032,July,10,3,34743,1657
2032,July,10,1,17699,1658
2032,July,10,2,17044,1659
2032,July,24,3,12141,1660
2032,July,24,1,6356,1661
2032,July,24,2,5784,1662
2032,July,32,3,4768,1663
2032,July,32,1,2582,1664
2032,July,32,2,2187,1665
2032,July,23,3,814,1666
2032,July,23,1,439,1667
2032,July,23,2,375,1668
2032,July,25,3,15842,1669
2032,July,25,1,8458,1670
2032,July,25,2,7384,1671
2032,July,11,3,41980,1672
2032,July,11,1,22330,1673
2032,July,11,2,19650,1674
2032,July,33,3,1396,1675
2032,July,33,1,714,1676
2032,July,33,2,682,1677
2032,July,29,3,25096,1678
2032,July,29,1,13435,1679
2032,July,29,2,11661,1680
2032,July,34,3,1344,1681
2032,July,34,1,1101,1682
2032,July,34,2,243,1683
2032,July,34,3,1036,1684
2032,July,34,1,616,1685
2032,July,34,2,420,1686
2032,July,4,3,9958,1687
2032,July,4,1,5091,1688
2032,July,4,2,4867,1689
2032,July,19,3,1329,1690
2032,July,19,1,729,1691
2032,July,19,2,600,1692
2032,July,2,3,18605,1693
2032,July,2,1,9818,1694
2032,July,2,2,8787,1695
2032,July,5,3,6434,1696
2032,July,5,1,3306,1697
2032,July,5,2,3128,1698
2032,July,26,3,466,1699
2032,July,26,1,247,1700
2032,July,26,2,220,1701
2032,July,14,3,22935,1702
2032,July,14,1,11543,1703
2032,July,14,2,11392,1704
2032,July,30,3,203,1705
2032,July,30,1,108,1706
2032,July,30,2,95,1707
2032,July,37,3,565589,1708
2032,July,37,1,293346,1709
2032,July,37,2,272243,1710
2031,October,8,3,41365,1711
2031,October,8,1,21278,1712
2031,October,8,2,20087,1713
2031,October,12,3,5020,1714
2031,October,12,1,2665,1715
2031,October,12,2,2356,1716
2031,October,16,3,63850,1717
2031,October,16,1,33712,1718
2031,October,16,2,30138,1719
2031,October,28,3,2173,1720
2031,October,28,1,1101,1721
2031,October,28,2,1072,1722
2031,October,20,3,21171,1723
2031,October,20,1,10655,1724
2031,October,20,2,10516,1725
2031,October,13,3,44951,1726
2031,October,13,1,22475,1727
2031,October,13,2,22475,1728
2031,October,31,3,490,1729
2031,October,31,1,256,1730
2031,October,31,2,234,1731
2031,October,15,3,24373,1732
2031,October,15,1,12734,1733
2031,October,15,2,11639,1734
2031,October,17,3,14460,1735
2031,October,17,1,7712,1736
2031,October,17,2,6748,1737
2031,October,21,3,1417,1738
2031,October,21,1,694,1739
2031,October,21,2,723,1740
2031,October,9,3,9876,1741
2031,October,9,1,5112,1742
2031,October,9,2,4764,1743
2031,October,27,3,1392,1744
2031,October,27,1,729,1745
2031,October,27,2,662,1746
2031,October,18,3,757,1747
2031,October,18,1,379,1748
2031,October,18,2,378,1749
2031,October,22,3,756,1750
2031,October,22,1,378,1751
2031,October,22,2,378,1752
2031,October,6,3,1200,1753
2031,October,6,1,592,1754
2031,October,6,2,608,1755
2031,October,1,3,68081,1756
2031,October,1,1,35775,1757
2031,October,1,2,32305,1758
2031,October,3,3,28275,1759
2031,October,3,1,14742,1760
2031,October,3,2,13533,1761
2031,October,36,3,71,1762
2031,October,36,1,37,1763
2031,October,36,2,34,1764
2031,October,35,3,117,1765
2031,October,35,1,77,1766
2031,October,35,2,40,1767
2031,October,7,3,33395,1768
2031,October,7,1,15971,1769
2031,October,7,2,17424,1770
2031,October,10,3,34387,1771
2031,October,10,1,17518,1772
2031,October,10,2,16869,1773
2031,October,24,3,12005,1774
2031,October,24,1,6285,1775
2031,October,24,2,5719,1776
2031,October,32,3,4721,1777
2031,October,32,1,2556,1778
2031,October,32,2,2165,1779
2031,October,23,3,812,1780
2031,October,23,1,438,1781
2031,October,23,2,374,1782
2031,October,25,3,15591,1783
2031,October,25,1,8324,1784
2031,October,25,2,7267,1785
2031,October,11,3,41429,1786
2031,October,11,1,22037,1787
2031,October,11,2,19392,1788
2031,October,33,3,1381,1789
2031,October,33,1,706,1790
2031,October,33,2,675,1791
2031,October,29,3,24790,1792
2031,October,29,1,13271,1793
2031,October,29,2,11519,1794
2031,October,34,3,1219,1795
2031,October,34,1,987,1796
2031,October,34,2,232,1797
2031,October,34,3,969,1798
2031,October,34,1,576,1799
2031,October,34,2,393,1800
2031,October,4,3,9817,1801
2031,October,4,1,5019,1802
2031,October,4,2,4798,1803
2031,October,19,3,1323,1804
2031,October,19,1,726,1805
2031,October,19,2,597,1806
2031,October,2,3,18376,1807
2031,October,2,1,9697,1808
2031,October,2,2,8679,1809
2031,October,5,3,6369,1810
2031,October,5,1,3273,1811
2031,October,5,2,3096,1812
2031,October,26,3,462,1813
2031,October,26,1,244,1814
2031,October,26,2,217,1815
2031,October,14,3,22667,1816
2031,October,14,1,11407,1817
2031,October,14,2,11259,1818
2031,October,30,3,201,1819
2031,October,30,1,107,1820
2031,October,30,2,94,1821
2031,October,37,3,559704,1822
2031,October,37,1,290245,1823
2031,October,37,2,269459,1824
2031,March,8,3,41068,1825
2031,March,8,1,21126,1826
2031,March,8,2,19942,1827
2031,March,12,3,4965,1828
2031,March,12,1,2635,1829
2031,March,12,2,2330,1830
2031,March,16,3,63430,1831
2031,March,16,1,33490,1832
2031,March,16,2,29940,1833
2031,March,28,3,2136,1834
2031,March,28,1,1083,1835
2031,March,28,2,1053,1836
2031,March,20,3,21090,1837
2031,March,20,1,10614,1838
2031,March,20,2,10476,1839
2031,March,13,3,44742,1840
2031,March,13,1,22371,1841
2031,March,13,2,22371,1842
2031,March,31,3,480,1843
2031,March,31,1,251,1844
2031,March,31,2,229,1845
2031,March,15,3,24192,1846
2031,March,15,1,12639,1847
2031,March,15,2,11553,1848
2031,March,17,3,14360,1849
2031,March,17,1,7659,1850
2031,March,17,2,6701,1851
2031,March,21,3,1397,1852
2031,March,21,1,684,1853
2031,March,21,2,713,1854
2031,March,9,3,9804,1855
2031,March,9,1,5075,1856
2031,March,9,2,4729,1857
2031,March,27,3,1367,1858
2031,March,27,1,716,1859
2031,March,27,2,651,1860
2031,March,18,3,753,1861
2031,March,18,1,377,1862
2031,March,18,2,376,1863
2031,March,22,3,752,1864
2031,March,22,1,376,1865
2031,March,22,2,376,1866
2031,March,6,3,1190,1867
2031,March,6,1,587,1868
2031,March,6,2,603,1869
2031,March,1,3,67671,1870
2031,March,1,1,35560,1871
2031,March,1,2,32111,1872
2031,March,3,3,28085,1873
2031,March,3,1,14643,1874
2031,March,3,2,13442,1875
2031,March,36,3,71,1876
2031,March,36,1,37,1877
2031,March,36,2,34,1878
2031,March,35,3,115,1879
2031,March,35,1,75,1880
2031,March,35,2,40,1881
2031,March,7,3,33051,1882
2031,March,7,1,15806,1883
2031,March,7,2,17245,1884
2031,March,10,3,34111,1885
2031,March,10,1,17377,1886
2031,March,10,2,16734,1887
2031,March,24,3,11899,1888
2031,March,24,1,6230,1889
2031,March,24,2,5669,1890
2031,March,32,3,4684,1891
2031,March,32,1,2536,1892
2031,March,32,2,2148,1893
2031,March,23,3,810,1894
2031,March,23,1,437,1895
2031,March,23,2,373,1896
2031,March,25,3,15397,1897
2031,March,25,1,8221,1898
2031,March,25,2,7176,1899
2031,March,11,3,41002,1900
2031,March,11,1,21810,1901
2031,March,11,2,19192,1902
2031,March,33,3,1369,1903
2031,March,33,1,700,1904
2031,March,33,2,669,1905
2031,March,29,3,24551,1906
2031,March,29,1,13143,1907
2031,March,29,2,11408,1908
2031,March,34,3,1122,1909
2031,March,34,1,898,1910
2031,March,34,2,224,1911
2031,March,34,3,916,1912
2031,March,34,1,545,1913
2031,March,34,2,371,1914
2031,March,4,3,9708,1915
2031,March,4,1,4963,1916
2031,March,4,2,4745,1917
2031,March,19,3,1318,1918
2031,March,19,1,723,1919
2031,March,19,2,595,1920
2031,March,2,3,18199,1921
2031,March,2,1,9604,1922
2031,March,2,2,8595,1923
2031,March,5,3,6318,1924
2031,March,5,1,3247,1925
2031,March,5,2,3071,1926
2031,March,26,3,458,1927
2031,March,26,1,242,1928
2031,March,26,2,216,1929
2031,March,14,3,22459,1930
2031,March,14,1,11303,1931
2031,March,14,2,11156,1932
2031,March,30,3,200,1933
2031,March,30,1,107,1934
2031,March,30,2,93,1935
2031,March,37,3,555240,1936
2031,March,37,1,287890,1937
2031,March,37,2,267350,1938
2031,July,8,3,41238,1939
2031,July,8,1,21213,1940
2031,July,8,2,20025,1941
2031,July,12,3,4997,1942
2031,July,12,1,2652,1943
2031,July,12,2,2345,1944
2031,July,16,3,63670,1945
2031,July,16,1,33617,1946
2031,July,16,2,30053,1947
2031,July,28,3,2157,1948
2031,July,28,1,1093,1949
2031,July,28,2,1064,1950
2031,July,20,3,21090,1951
2031,July,20,1,10614,1952
2031,July,20,2,10476,1953
2031,July,13,3,44861,1954
2031,July,13,1,22431,1955
2031,July,13,2,22431,1956
2031,July,31,3,486,1957
2031,July,31,1,254,1958
2031,July,31,2,232,1959
2031,July,15,3,24295,1960
2031,July,15,1,12693,1961
2031,July,15,2,11602,1962
2031,July,17,3,14417,1963
2031,July,17,1,7689,1964
2031,July,17,2,6728,1965
2031,July,21,3,1408,1966
2031,July,21,1,690,1967
2031,July,21,2,719,1968
2031,July,9,3,9845,1969
2031,July,9,1,5096,1970
2031,July,9,2,4749,1971
2031,July,27,3,1381,1972
2031,July,27,1,724,1973
2031,July,27,2,657,1974
2031,July,18,3,755,1975
2031,July,18,1,378,1976
2031,July,18,2,377,1977
2031,July,22,3,754,1978
2031,July,22,1,377,1979
2031,July,22,2,377,1980
2031,July,6,3,1196,1981
2031,July,6,1,590,1982
2031,July,6,2,606,1983
2031,July,1,3,67905,1984
2031,July,1,1,35683,1985
2031,July,1,2,32222,1986
2031,July,3,3,28194,1987
2031,July,3,1,14700,1988
2031,July,3,2,13494,1989
2031,July,36,3,71,1990
2031,July,36,1,37,1991
2031,July,36,2,34,1992
2031,July,35,3,116,1993
2031,July,35,1,76,1994
2031,July,35,2,40,1995
2031,July,7,3,33247,1996
2031,July,7,1,15900,1997
2031,July,7,2,17347,1998
2031,July,10,3,34269,1999
2031,July,10,1,17457,2000
2031,July,10,2,16811,2001
2031,July,24,3,11959,2002
2031,July,24,1,6261,2003
2031,July,24,2,5698,2004
2031,July,32,3,4705,2005
2031,July,32,1,2547,2006
2031,July,32,2,2158,2007
2031,July,23,3,811,2008
2031,July,23,1,438,2009
2031,July,23,2,373,2010
2031,July,25,3,15508,2011
2031,July,25,1,8280,2012
2031,July,25,2,7228,2013
2031,July,11,3,41246,2014
2031,July,11,1,21939,2015
2031,July,11,2,19307,2016
2031,July,33,3,1376,2017
2031,July,33,1,703,2018
2031,July,33,2,672,2019
2031,July,29,3,24687,2020
2031,July,29,1,13216,2021
2031,July,29,2,11471,2022
2031,July,34,3,1178,2023
2031,July,34,1,949,2024
2031,July,34,2,229,2025
2031,July,34,3,946,2026
2031,July,34,1,562,2027
2031,July,34,2,384,2028
2031,July,4,3,9770,2029
2031,July,4,1,4995,2030
2031,July,4,2,4775,2031
2031,July,19,3,1321,2032
2031,July,19,1,725,2033
2031,July,19,2,596,2034
2031,July,2,3,18300,2035
2031,July,2,1,9657,2036
2031,July,2,2,8643,2037
2031,July,5,3,6347,2038
2031,July,5,1,3262,2039
2031,July,5,2,3085,2040
2031,July,26,3,460,2041
2031,July,26,1,243,2042
2031,July,26,2,217,2043
2031,July,14,3,22578,2044
2031,July,14,1,11363,2045
2031,July,14,2,11215,2046
2031,July,30,3,201,2047
2031,July,30,1,107,2048
2031,July,30,2,94,2049
2031,July,37,3,557745,2050
2031,July,37,1,289211,2051
2031,July,37,2,268534,2052
2030,October,8,3,40828,2053
2030,October,8,1,21002,2054
2030,October,8,2,19826,2055
2030,October,12,3,4923,2056
2030,October,12,1,2613,2057
2030,October,12,2,2310,2058
2030,October,16,3,63089,2059
2030,October,16,1,33310,2060
2030,October,16,2,29779,2061
2030,October,28,3,2109,2062
2030,October,28,1,1069,2063
2030,October,28,2,1040,2064
2030,October,20,3,20834,2065
2030,October,20,1,10485,2066
2030,October,20,2,10349,2067
2030,October,13,3,44567,2068
2030,October,13,1,22284,2069
2030,October,13,2,22284,2070
2030,October,31,3,473,2071
2030,October,31,1,247,2072
2030,October,31,2,226,2073
2030,October,15,3,24059,2074
2030,October,15,1,12570,2075
2030,October,15,2,11489,2076
2030,October,17,3,14283,2077
2030,October,17,1,7617,2078
2030,October,17,2,6665,2079
2030,October,21,3,1384,2080
2030,October,21,1,678,2081
2030,October,21,2,706,2082
2030,October,9,3,9747,2083
2030,October,9,1,5045,2084
2030,October,9,2,4702,2085
2030,October,27,3,1349,2086
2030,October,27,1,707,2087
2030,October,27,2,642,2088
2030,October,18,3,749,2089
2030,October,18,1,375,2090
2030,October,18,2,374,2091
2030,October,22,3,749,2092
2030,October,22,1,374,2093
2030,October,22,2,375,2094
2030,October,6,3,1183,2095
2030,October,6,1,584,2096
2030,October,6,2,599,2097
2030,October,1,3,67345,2098
2030,October,1,1,35389,2099
2030,October,1,2,31956,2100
2030,October,3,3,27934,2101
2030,October,3,1,14564,2102
2030,October,3,2,13370,2103
2030,October,36,3,71,2104
2030,October,36,1,36,2105
2030,October,36,2,34,2106
2030,October,35,3,114,2107
2030,October,35,1,75,2108
2030,October,35,2,39,2109
2030,October,7,3,32775,2110
2030,October,7,1,15674,2111
2030,October,7,2,17101,2112
2030,October,10,3,33900,2113
2030,October,10,1,17270,2114
2030,October,10,2,16631,2115
2030,October,24,3,11817,2116
2030,October,24,1,6187,2117
2030,October,24,2,5630,2118
2030,October,32,3,4656,2119
2030,October,32,1,2521,2120
2030,October,32,2,2135,2121
2030,October,23,3,808,2122
2030,October,23,1,436,2123
2030,October,23,2,372,2124
2030,October,25,3,15255,2125
2030,October,25,1,8144,2126
2030,October,25,2,7110,2127
2030,October,11,3,40680,2128
2030,October,11,1,21638,2129
2030,October,11,2,19041,2130
2030,October,33,3,1360,2131
2030,October,33,1,695,2132
2030,October,33,2,665,2133
2030,October,29,3,24381,2134
2030,October,29,1,13052,2135
2030,October,29,2,11329,2136
2030,October,34,3,1086,2137
2030,October,34,1,866,2138
2030,October,34,2,219,2139
2030,October,34,3,890,2140
2030,October,34,1,529,2141
2030,October,34,2,361,2142
2030,October,4,3,9628,2143
2030,October,4,1,4922,2144
2030,October,4,2,4706,2145
2030,October,19,3,1314,2146
2030,October,19,1,721,2147
2030,October,19,2,593,2148
2030,October,2,3,18060,2149
2030,October,2,1,9530,2150
2030,October,2,2,8530,2151
2030,October,5,3,6278,2152
2030,October,5,1,3226,2153
2030,October,5,2,3052,2154
2030,October,26,3,455,2155
2030,October,26,1,241,2156
2030,October,26,2,214,2157
2030,October,14,3,22299,2158
2030,October,14,1,11222,2159
2030,October,14,2,11076,2160
2030,October,30,3,199,2161
2030,October,30,1,106,2162
2030,October,30,2,93,2163
2030,October,37,3,551627,2164
2030,October,37,1,286004,2165
2030,October,37,2,265623,2166
2030,March,8,3,40493,2167
2030,March,8,1,20830,2168
2030,March,8,2,19663,2169
2030,March,12,3,4864,2170
2030,March,12,1,2582,2171
2030,March,12,2,2282,2172
2030,March,16,3,62611,2173
2030,March,16,1,33058,2174
2030,March,16,2,29553,2175
2030,March,28,3,2070,2176
2030,March,28,1,1049,2177
2030,March,28,2,1021,2178
2030,March,20,3,20745,2179
2030,March,20,1,10441,2180
2030,March,20,2,10305,2181
2030,March,13,3,44322,2182
2030,March,13,1,22161,2183
2030,March,13,2,22161,2184
2030,March,31,3,462,2185
2030,March,31,1,242,2186
2030,March,31,2,220,2187
2030,March,15,3,23872,2188
2030,March,15,1,12472,2189
2030,March,15,2,11400,2190
2030,March,17,3,14174,2191
2030,March,17,1,7559,2192
2030,March,17,2,6615,2193
2030,March,21,3,1365,2194
2030,March,21,1,668,2195
2030,March,21,2,697,2196
2030,March,9,3,9668,2197
2030,March,9,1,5004,2198
2030,March,9,2,4664,2199
2030,March,27,3,1323,2200
2030,March,27,1,693,2201
2030,March,27,2,630,2202
2030,March,18,3,744,2203
2030,March,18,1,372,2204
2030,March,18,2,372,2205
2030,March,22,3,745,2206
2030,March,22,1,372,2207
2030,March,22,2,373,2208
2030,March,6,3,1172,2209
2030,March,6,1,578,2210
2030,March,6,2,594,2211
2030,March,1,3,66889,2212
2030,March,1,1,35149,2213
2030,March,1,2,31740,2214
2030,March,3,3,27723,2215
2030,March,3,1,14454,2216
2030,March,3,2,13269,2217
2030,March,36,3,70,2218
2030,March,36,1,36,2219
2030,March,36,2,34,2220
2030,March,35,3,112,2221
2030,March,35,1,73,2222
2030,March,35,2,39,2223
2030,March,7,3,32388,2224
2030,March,7,1,15489,2225
2030,March,7,2,16899,2226
2030,March,10,3,33605,2227
2030,March,10,1,17119,2228
2030,March,10,2,16486,2229
2030,March,24,3,11703,2230
2030,March,24,1,6127,2231
2030,March,24,2,5576,2232
2030,March,32,3,4616,2233
2030,March,32,1,2499,2234
2030,March,32,2,2117,2235
2030,March,23,3,805,2236
2030,March,23,1,434,2237
2030,March,23,2,371,2238
2030,March,25,3,15055,2239
2030,March,25,1,8038,2240
2030,March,25,2,7017,2241
2030,March,11,3,40228,2242
2030,March,11,1,21398,2243
2030,March,11,2,18830,2244
2030,March,33,3,1348,2245
2030,March,33,1,689,2246
2030,March,33,2,659,2247
2030,March,29,3,24144,2248
2030,March,29,1,12925,2249
2030,March,29,2,11219,2250
2030,March,34,3,1035,2251
2030,March,34,1,822,2252
2030,March,34,2,213,2253
2030,March,34,3,854,2254
2030,March,34,1,508,2255
2030,March,34,2,346,2256
2030,March,4,3,9515,2257
2030,March,4,1,4865,2258
2030,March,4,2,4650,2259
2030,March,19,3,1308,2260
2030,March,19,1,718,2261
2030,March,19,2,590,2262
2030,March,2,3,17865,2263
2030,March,2,1,9427,2264
2030,March,2,2,8438,2265
2030,March,5,3,6222,2266
2030,March,5,1,3197,2267
2030,March,5,2,3025,2268
2030,March,26,3,451,2269
2030,March,26,1,239,2270
2030,March,26,2,212,2271
2030,March,14,3,22074,2272
2030,March,14,1,11109,2273
2030,March,14,2,10965,2274
2030,March,30,3,197,2275
2030,March,30,1,105,2276
2030,March,30,2,92,2277
2030,March,37,3,546838,2278
2030,March,37,1,283501,2279
2030,March,37,2,263337,2280
2030,July,8,3,40685,2281
2030,July,8,1,20928,2282
2030,July,8,2,19756,2283
2030,July,12,3,4898,2284
2030,July,12,1,2600,2285
2030,July,12,2,2298,2286
2030,July,16,3,62884,2287
2030,July,16,1,33202,2288
2030,July,16,2,29682,2289
2030,July,28,3,2092,2290
2030,July,28,1,1060,2291
2030,July,28,2,1032,2292
2030,July,20,3,20745,2293
2030,July,20,1,10441,2294
2030,July,20,2,10305,2295
2030,July,13,3,44462,2296
2030,July,13,1,22231,2297
2030,July,13,2,22231,2298
2030,July,31,3,468,2299
2030,July,31,1,245,2300
2030,July,31,2,223,2301
2030,July,15,3,23979,2302
2030,July,15,1,12528,2303
2030,July,15,2,11451,2304
2030,July,17,3,14236,2305
2030,July,17,1,7593,2306
2030,July,17,2,6643,2307
2030,July,21,3,1376,2308
2030,July,21,1,674,2309
2030,July,21,2,702,2310
2030,July,9,3,9714,2311
2030,July,9,1,5028,2312
2030,July,9,2,4686,2313
2030,July,27,3,1338,2314
2030,July,27,1,701,2315
2030,July,27,2,637,2316
2030,July,18,3,747,2317
2030,July,18,1,374,2318
2030,July,18,2,373,2319
2030,July,22,3,747,2320
2030,July,22,1,373,2321
2030,July,22,2,374,2322
2030,July,6,3,1178,2323
2030,July,6,1,581,2324
2030,July,6,2,597,2325
2030,July,1,3,67150,2326
2030,July,1,1,35286,2327
2030,July,1,2,31863,2328
2030,July,3,3,27844,2329
2030,July,3,1,14517,2330
2030,July,3,2,13327,2331
2030,July,36,3,70,2332
2030,July,36,1,36,2333
2030,July,36,2,34,2334
2030,July,35,3,113,2335
2030,July,35,1,74,2336
2030,July,35,2,39,2337
2030,July,7,3,32609,2338
2030,July,7,1,15595,2339
2030,July,7,2,17014,2340
2030,July,10,3,33774,2341
2030,July,10,1,17205,2342
2030,July,10,2,16569,2343
2030,July,24,3,11768,2344
2030,July,24,1,6161,2345
2030,July,24,2,5607,2346
2030,July,32,3,4639,2347
2030,July,32,1,2511,2348
2030,July,32,2,2127,2349
2030,July,23,3,807,2350
2030,July,23,1,435,2351
2030,July,23,2,371,2352
2030,July,25,3,15169,2353
2030,July,25,1,8099,2354
2030,July,25,2,7070,2355
2030,July,11,3,40486,2356
2030,July,11,1,21535,2357
2030,July,11,2,18951,2358
2030,July,33,3,1355,2359
2030,July,33,1,693,2360
2030,July,33,2,662,2361
2030,July,29,3,24280,2362
2030,July,29,1,12998,2363
2030,July,29,2,11282,2364
2030,July,34,3,1064,2365
2030,July,34,1,847,2366
2030,July,34,2,217,2367
2030,July,34,3,875,2368
2030,July,34,1,520,2369
2030,July,34,2,355,2370
2030,July,4,3,9579,2371
2030,July,4,1,4897,2372
2030,July,4,2,4682,2373
2030,July,19,3,1311,2374
2030,July,19,1,720,2375
2030,July,19,2,592,2376
2030,July,2,3,17976,2377
2030,July,2,1,9486,2378
2030,July,2,2,8490,2379
2030,July,5,3,6254,2380
2030,July,5,1,3214,2381
2030,July,5,2,3040,2382
2030,July,26,3,453,2383
2030,July,26,1,240,2384
2030,July,26,2,213,2385
2030,July,14,3,22202,2386
2030,July,14,1,11174,2387
2030,July,14,2,11029,2388
2030,July,30,3,198,2389
2030,July,30,1,106,2390
2030,July,30,2,92,2391
2030,July,37,3,549524,2392
2030,July,37,1,284908,2393
2030,July,37,2,264616,2394
2029,October,8,3,40256,2395
2029,October,8,1,20708,2396
2029,October,8,2,19548,2397
2029,October,12,3,4823,2398
2029,October,12,1,2560,2399
2029,October,12,2,2263,2400
2029,October,16,3,62272,2401
2029,October,16,1,32879,2402
2029,October,16,2,29394,2403
2029,October,28,3,2043,2404
2029,October,28,1,1035,2405
2029,October,28,2,1007,2406
2029,October,20,3,20480,2407
2029,October,20,1,10307,2408
2029,October,20,2,10173,2409
2029,October,13,3,44148,2410
2029,October,13,1,22074,2411
2029,October,13,2,22074,2412
2029,October,31,3,455,2413
2029,October,31,1,238,2414
2029,October,31,2,217,2415
2029,October,15,3,23740,2416
2029,October,15,1,12403,2417
2029,October,15,2,11337,2418
2029,October,17,3,14097,2419
2029,October,17,1,7518,2420
2029,October,17,2,6578,2421
2029,October,21,3,1352,2422
2029,October,21,1,662,2423
2029,October,21,2,690,2424
2029,October,9,3,9612,2425
2029,October,9,1,4975,2426
2029,October,9,2,4637,2427
2029,October,27,3,1305,2428
2029,October,27,1,684,2429
2029,October,27,2,621,2430
2029,October,18,3,740,2431
2029,October,18,1,370,2432
2029,October,18,2,370,2433
2029,October,22,3,742,2434
2029,October,22,1,371,2435
2029,October,22,2,371,2436
2029,October,6,3,1165,2437
2029,October,6,1,575,2438
2029,October,6,2,590,2439
2029,October,1,3,66565,2440
2029,October,1,1,34979,2441
2029,October,1,2,31586,2442
2029,October,3,3,27573,2443
2029,October,3,1,14376,2444
2029,October,3,2,13197,2445
2029,October,36,3,70,2446
2029,October,36,1,36,2447
2029,October,36,2,34,2448
2029,October,35,3,111,2449
2029,October,35,1,73,2450
2029,October,35,2,38,2451
2029,October,7,3,32099,2452
2029,October,7,1,15351,2453
2029,October,7,2,16748,2454
2029,October,10,3,33396,2455
2029,October,10,1,17013,2456
2029,October,10,2,16383,2457
2029,October,24,3,11622,2458
2029,October,24,1,6085,2459
2029,October,24,2,5537,2460
2029,October,32,3,4588,2461
2029,October,32,1,2484,2462
2029,October,32,2,2104,2463
2029,October,23,3,803,2464
2029,October,23,1,434,2465
2029,October,23,2,370,2466
2029,October,25,3,14914,2467
2029,October,25,1,7963,2468
2029,October,25,2,6951,2469
2029,October,11,3,39908,2470
2029,October,11,1,21228,2471
2029,October,11,2,18680,2472
2029,October,33,3,1339,2473
2029,October,33,1,685,2474
2029,October,33,2,655,2475
2029,October,29,3,23974,2476
2029,October,29,1,12834,2477
2029,October,29,2,11140,2478
2029,October,34,3,998,2479
2029,October,34,1,790,2480
2029,October,34,2,209,2481
2029,October,34,3,829,2482
2029,October,34,1,493,2483
2029,October,34,2,336,2484
2029,October,4,3,9435,2485
2029,October,4,1,4824,2486
2029,October,4,2,4612,2487
2029,October,19,3,1304,2488
2029,October,19,1,716,2489
2029,October,19,2,588,2490
2029,October,2,3,17727,2491
2029,October,2,1,9355,2492
2029,October,2,2,8372,2493
2029,October,5,3,6182,2494
2029,October,5,1,3177,2495
2029,October,5,2,3005,2496
2029,October,26,3,448,2497
2029,October,26,1,237,2498
2029,October,26,2,211,2499
2029,October,14,3,21915,2500
2029,October,14,1,11029,2501
2029,October,14,2,10886,2502
2029,October,30,3,196,2503
2029,October,30,1,104,2504
2029,October,30,2,91,2505
2029,October,37,3,543228,2506
2029,October,37,1,281625,2507
2029,October,37,2,261603,2508
2029,March,8,3,39924,2509
2029,March,8,1,20537,2510
2029,March,8,2,19387,2511
2029,March,12,3,4765,2512
2029,March,12,1,2529,2513
2029,March,12,2,2236,2514
2029,March,16,3,61798,2515
2029,March,16,1,32628,2516
2029,March,16,2,29170,2517
2029,March,28,3,2004,2518
2029,March,28,1,1016,2519
2029,March,28,2,988,2520
2029,March,20,3,20392,2521
2029,March,20,1,10263,2522
2029,March,20,2,10129,2523
2029,March,13,3,43905,2524
2029,March,13,1,21953,2525
2029,March,13,2,21953,2526
2029,March,31,3,444,2527
2029,March,31,1,232,2528
2029,March,31,2,212,2529
2029,March,15,3,23555,2530
2029,March,15,1,12307,2531
2029,March,15,2,11248,2532
2029,March,17,3,13988,2533
2029,March,17,1,7460,2534
2029,March,17,2,6528,2535
2029,March,21,3,1334,2536
2029,March,21,1,653,2537
2029,March,21,2,681,2538
2029,March,9,3,9533,2539
2029,March,9,1,4934,2540
2029,March,9,2,4599,2541
2029,March,27,3,1279,2542
2029,March,27,1,670,2543
2029,March,27,2,609,2544
2029,March,18,3,735,2545
2029,March,18,1,368,2546
2029,March,18,2,367,2547
2029,March,22,3,737,2548
2029,March,22,1,368,2549
2029,March,22,2,369,2550
2029,March,6,3,1154,2551
2029,March,6,1,570,2552
2029,March,6,2,584,2553
2029,March,1,3,66112,2554
2029,March,1,1,34741,2555
2029,March,1,2,31371,2556
2029,March,3,3,27363,2557
2029,March,3,1,14266,2558
2029,March,3,2,13097,2559
2029,March,36,3,70,2560
2029,March,36,1,36,2561
2029,March,36,2,34,2562
2029,March,35,3,110,2563
2029,March,35,1,72,2564
2029,March,35,2,38,2565
2029,March,7,3,31695,2566
2029,March,7,1,15158,2567
2029,March,7,2,16537,2568
2029,March,10,3,33103,2569
2029,March,10,1,16863,2570
2029,March,10,2,16240,2571
2029,March,24,3,11508,2572
2029,March,24,1,6025,2573
2029,March,24,2,5483,2574
2029,March,32,3,4549,2575
2029,March,32,1,2463,2576
2029,March,32,2,2086,2577
2029,March,23,3,801,2578
2029,March,23,1,432,2579
2029,March,23,2,369,2580
2029,March,25,3,14717,2581
2029,March,25,1,7857,2582
2029,March,25,2,6860,2583
2029,March,11,3,39460,2584
2029,March,11,1,20989,2585
2029,March,11,2,18471,2586
2029,March,33,3,1327,2587
2029,March,33,1,678,2588
2029,March,33,2,649,2589
2029,March,29,3,23735,2590
2029,March,29,1,12706,2591
2029,March,29,2,11029,2592
2029,March,34,3,947,2593
2029,March,34,1,744,2594
2029,March,34,2,203,2595
2029,March,34,3,793,2596
2029,March,34,1,471,2597
2029,March,34,2,322,2598
2029,March,4,3,9324,2599
2029,March,4,1,4767,2600
2029,March,4,2,4557,2601
2029,March,19,3,1298,2602
2029,March,19,1,712,2603
2029,March,19,2,586,2604
2029,March,2,3,17534,2605
2029,March,2,1,9253,2606
2029,March,2,2,8281,2607
2029,March,5,3,6127,2608
2029,March,5,1,3149,2609
2029,March,5,2,2978,2610
2029,March,26,3,443,2611
2029,March,26,1,234,2612
2029,March,26,2,209,2613
2029,March,14,3,21693,2614
2029,March,14,1,10917,2615
2029,March,14,2,10776,2616
2029,March,30,3,194,2617
2029,March,30,1,104,2618
2029,March,30,2,90,2619
2029,March,37,3,538451,2620
2029,March,37,1,279125,2621
2029,March,37,2,259326,2622
2029,July,8,3,40114,2623
2029,July,8,1,20635,2624
2029,July,8,2,19479,2625
2029,July,12,3,4798,2626
2029,July,12,1,2547,2627
2029,July,12,2,2251,2628
2029,July,16,3,62069,2629
2029,July,16,1,32771,2630
2029,July,16,2,29298,2631
2029,July,28,3,2026,2632
2029,July,28,1,1027,2633
2029,July,28,2,999,2634
2029,July,20,3,20392,2635
2029,July,20,1,10263,2636
2029,July,20,2,10129,2637
2029,July,13,3,44044,2638
2029,July,13,1,22022,2639
2029,July,13,2,22022,2640
2029,July,31,3,450,2641
2029,July,31,1,235,2642
2029,July,31,2,215,2643
2029,July,15,3,23661,2644
2029,July,15,1,12362,2645
2029,July,15,2,11299,2646
2029,July,17,3,14050,2647
2029,July,17,1,7493,2648
2029,July,17,2,6557,2649
2029,July,21,3,1344,2650
2029,July,21,1,658,2651
2029,July,21,2,686,2652
2029,July,9,3,9578,2653
2029,July,9,1,4958,2654
2029,July,9,2,4620,2655
2029,July,27,3,1294,2656
2029,July,27,1,678,2657
2029,July,27,2,616,2658
2029,July,18,3,738,2659
2029,July,18,1,369,2660
2029,July,18,2,369,2661
2029,July,22,3,740,2662
2029,July,22,1,370,2663
2029,July,22,2,370,2664
2029,July,6,3,1160,2665
2029,July,6,1,573,2666
2029,July,6,2,587,2667
2029,July,1,3,66371,2668
2029,July,1,1,34877,2669
2029,July,1,2,31494,2670
2029,July,3,3,27483,2671
2029,July,3,1,14329,2672
2029,July,3,2,13154,2673
2029,July,36,3,70,2674
2029,July,36,1,36,2675
2029,July,36,2,34,2676
2029,July,35,3,111,2677
2029,July,35,1,73,2678
2029,July,35,2,38,2679
2029,July,7,3,31926,2680
2029,July,7,1,15268,2681
2029,July,7,2,16658,2682
2029,July,10,3,33270,2683
2029,July,10,1,16949,2684
2029,July,10,2,16322,2685
2029,July,24,3,11573,2686
2029,July,24,1,6059,2687
2029,July,24,2,5514,2688
2029,July,32,3,4571,2689
2029,July,32,1,2475,2690
2029,July,32,2,2096,2691
2029,July,23,3,802,2692
2029,July,23,1,433,2693
2029,July,23,2,369,2694
2029,July,25,3,14830,2695
2029,July,25,1,7918,2696
2029,July,25,2,6912,2697
2029,July,11,3,39716,2698
2029,July,11,1,21126,2699
2029,July,11,2,18590,2700
2029,July,33,3,1334,2701
2029,July,33,1,682,2702
2029,July,33,2,652,2703
2029,July,29,3,23871,2704
2029,July,29,1,12779,2705
2029,July,29,2,11092,2706
2029,July,34,3,976,2707
2029,July,34,1,770,2708
2029,July,34,2,206,2709
2029,July,34,3,813,2710
2029,July,34,1,484,2711
2029,July,34,2,330,2712
2029,July,4,3,9388,2713
2029,July,4,1,4799,2714
2029,July,4,2,4588,2715
2029,July,19,3,1301,2716
2029,July,19,1,714,2717
2029,July,19,2,587,2718
2029,July,2,3,17644,2719
2029,July,2,1,9311,2720
2029,July,2,2,8333,2721
2029,July,5,3,6159,2722
2029,July,5,1,3165,2723
2029,July,5,2,2994,2724
2029,July,26,3,446,2725
2029,July,26,1,236,2726
2029,July,26,2,210,2727
2029,July,14,3,21820,2728
2029,July,14,1,10981,2729
2029,July,14,2,10839,2730
2029,July,30,3,195,2731
2029,July,30,1,104,2732
2029,July,30,2,91,2733
2029,July,37,3,541129,2734
2029,July,37,1,280529,2735
2029,July,37,2,260600,2736
2028,October,8,3,39689,2737
2028,October,8,1,20416,2738
2028,October,8,2,19273,2739
2028,October,12,3,4724,2740
2028,October,12,1,2508,2741
2028,October,12,2,2217,2742
2028,October,16,3,61462,2743
2028,October,16,1,32451,2744
2028,October,16,2,29011,2745
2028,October,28,3,1977,2746
2028,October,28,1,1002,2747
2028,October,28,2,975,2748
2028,October,20,3,20129,2749
2028,October,20,1,10130,2750
2028,October,20,2,9998,2751
2028,October,13,3,43733,2752
2028,October,13,1,21866,2753
2028,October,13,2,21866,2754
2028,October,31,3,437,2755
2028,October,31,1,228,2756
2028,October,31,2,208,2757
2028,October,15,3,23424,2758
2028,October,15,1,12238,2759
2028,October,15,2,11186,2760
2028,October,17,3,13911,2761
2028,October,17,1,7419,2762
2028,October,17,2,6492,2763
2028,October,21,3,1321,2764
2028,October,21,1,647,2765
2028,October,21,2,674,2766
2028,October,9,3,9478,2767
2028,October,9,1,4906,2768
2028,October,9,2,4572,2769
2028,October,27,3,1261,2770
2028,October,27,1,661,2771
2028,October,27,2,600,2772
2028,October,18,3,731,2773
2028,October,18,1,366,2774
2028,October,18,2,365,2775
2028,October,22,3,734,2776
2028,October,22,1,367,2777
2028,October,22,2,367,2778
2028,October,6,3,1147,2779
2028,October,6,1,566,2780
2028,October,6,2,581,2781
2028,October,1,3,65790,2782
2028,October,1,1,34572,2783
2028,October,1,2,31218,2784
2028,October,3,3,27213,2785
2028,October,3,1,14188,2786
2028,October,3,2,13025,2787
2028,October,36,3,70,2788
2028,October,36,1,36,2789
2028,October,36,2,34,2790
2028,October,35,3,109,2791
2028,October,35,1,71,2792
2028,October,35,2,37,2793
2028,October,7,3,31395,2794
2028,October,7,1,15015,2795
2028,October,7,2,16381,2796
2028,October,10,3,32895,2797
2028,October,10,1,16758,2798
2028,October,10,2,16138,2799
2028,October,24,3,11428,2800
2028,October,24,1,5983,2801
2028,October,24,2,5445,2802
2028,October,32,3,4522,2803
2028,October,32,1,2448,2804
2028,October,32,2,2073,2805
2028,October,23,3,799,2806
2028,October,23,1,431,2807
2028,October,23,2,368,2808
2028,October,25,3,14577,2809
2028,October,25,1,7783,2810
2028,October,25,2,6794,2811
2028,October,11,3,39142,2812
2028,October,11,1,20820,2813
2028,October,11,2,18322,2814
2028,October,33,3,1318,2815
2028,October,33,1,674,2816
2028,October,33,2,644,2817
2028,October,29,3,23564,2818
2028,October,29,1,12614,2819
2028,October,29,2,10949,2820
2028,October,34,3,911,2821
2028,October,34,1,712,2822
2028,October,34,2,198,2823
2028,October,34,3,768,2824
2028,October,34,1,456,2825
2028,October,34,2,311,2826
2028,October,4,3,9245,2827
2028,October,4,1,4727,2828
2028,October,4,2,4519,2829
2028,October,19,3,1293,2830
2028,October,19,1,710,2831
2028,October,19,2,584,2832
2028,October,2,3,17397,2833
2028,October,2,1,9180,2834
2028,October,2,2,8216,2835
2028,October,5,3,6088,2836
2028,October,5,1,3128,2837
2028,October,5,2,2959,2838
2028,October,26,3,440,2839
2028,October,26,1,233,2840
2028,October,26,2,207,2841
2028,October,14,3,21536,2842
2028,October,14,1,10838,2843
2028,October,14,2,10698,2844
2028,October,30,3,193,2845
2028,October,30,1,103,2846
2028,October,30,2,90,2847
2028,October,37,3,534846,2848
2028,October,37,1,277251,2849
2028,October,37,2,257595,2850
2028,March,8,3,39359,2851
2028,March,8,1,20246,2852
2028,March,8,2,19113,2853
2028,March,12,3,4667,2854
2028,March,12,1,2477,2855
2028,March,12,2,2190,2856
2028,March,16,3,60991,2857
2028,March,16,1,32202,2858
2028,March,16,2,28789,2859
2028,March,28,3,1940,2860
2028,March,28,1,983,2861
2028,March,28,2,957,2862
2028,March,20,3,20041,2863
2028,March,20,1,10086,2864
2028,March,20,2,9955,2865
2028,March,13,3,43491,2866
2028,March,13,1,21746,2867
2028,March,13,2,21746,2868
2028,March,31,3,426,2869
2028,March,31,1,223,2870
2028,March,31,2,203,2871
2028,March,15,3,23240,2872
2028,March,15,1,12142,2873
2028,March,15,2,11098,2874
2028,March,17,3,13804,2875
2028,March,17,1,7362,2876
2028,March,17,2,6442,2877
2028,March,21,3,1303,2878
2028,March,21,1,638,2879
2028,March,21,2,665,2880
2028,March,9,3,9400,2881
2028,March,9,1,4865,2882
2028,March,9,2,4535,2883
2028,March,27,3,1236,2884
2028,March,27,1,648,2885
2028,March,27,2,588,2886
2028,March,18,3,726,2887
2028,March,18,1,363,2888
2028,March,18,2,363,2889
2028,March,22,3,730,2890
2028,March,22,1,365,2891
2028,March,22,2,365,2892
2028,March,6,3,1136,2893
2028,March,6,1,561,2894
2028,March,6,2,575,2895
2028,March,1,3,65339,2896
2028,March,1,1,34335,2897
2028,March,1,2,31004,2898
2028,March,3,3,27004,2899
2028,March,3,1,14079,2900
2028,March,3,2,12925,2901
2028,March,36,3,70,2902
2028,March,36,1,36,2903
2028,March,36,2,34,2904
2028,March,35,3,107,2905
2028,March,35,1,70,2906
2028,March,35,2,37,2907
2028,March,7,3,30976,2908
2028,March,7,1,14814,2909
2028,March,7,2,16162,2910
2028,March,10,3,32604,2911
2028,March,10,1,16609,2912
2028,March,10,2,15995,2913
2028,March,24,3,11315,2914
2028,March,24,1,5924,2915
2028,March,24,2,5391,2916
2028,March,32,3,4483,2917
2028,March,32,1,2427,2918
2028,March,32,2,2056,2919
2028,March,23,3,796,2920
2028,March,23,1,430,2921
2028,March,23,2,366,2922
2028,March,25,3,14382,2923
2028,March,25,1,7679,2924
2028,March,25,2,6703,2925
2028,March,11,3,38697,2926
2028,March,11,1,20584,2927
2028,March,11,2,18113,2928
2028,March,33,3,1305,2929
2028,March,33,1,667,2930
2028,March,33,2,638,2931
2028,March,29,3,23324,2932
2028,March,29,1,12486,2933
2028,March,29,2,10838,2934
2028,March,34,3,860,2935
2028,March,34,1,668,2936
2028,March,34,2,192,2937
2028,March,34,3,732,2938
2028,March,34,1,435,2939
2028,March,34,2,297,2940
2028,March,4,3,9135,2941
2028,March,4,1,4670,2942
2028,March,4,2,4465,2943
2028,March,19,3,1287,2944
2028,March,19,1,706,2945
2028,March,19,2,581,2946
2028,March,2,3,17205,2947
2028,March,2,1,9079,2948
2028,March,2,2,8126,2949
2028,March,5,3,6033,2950
2028,March,5,1,3100,2951
2028,March,5,2,2933,2952
2028,March,26,3,436,2953
2028,March,26,1,231,2954
2028,March,26,2,205,2955
2028,March,14,3,21316,2956
2028,March,14,1,10728,2957
2028,March,14,2,10588,2958
2028,March,30,3,191,2959
2028,March,30,1,102,2960
2028,March,30,2,89,2961
2028,March,37,3,530088,2962
2028,March,37,1,274766,2963
2028,March,37,2,255322,2964
2028,July,8,3,39547,2965
2028,July,8,1,20343,2966
2028,July,8,2,19204,2967
2028,July,12,3,4700,2968
2028,July,12,1,2495,2969
2028,July,12,2,2205,2970
2028,July,16,3,61260,2971
2028,July,16,1,32344,2972
2028,July,16,2,28916,2973
2028,July,28,3,1961,2974
2028,July,28,1,994,2975
2028,July,28,2,967,2976
2028,July,20,3,20041,2977
2028,July,20,1,10086,2978
2028,July,20,2,9955,2979
2028,July,13,3,43629,2980
2028,July,13,1,21815,2981
2028,July,13,2,21815,2982
2028,July,31,3,432,2983
2028,July,31,1,226,2984
2028,July,31,2,206,2985
2028,July,15,3,23345,2986
2028,July,15,1,12197,2987
2028,July,15,2,11148,2988
2028,July,17,3,13865,2989
2028,July,17,1,7395,2990
2028,July,17,2,6470,2991
2028,July,21,3,1313,2992
2028,July,21,1,643,2993
2028,July,21,2,670,2994
2028,July,9,3,9444,2995
2028,July,9,1,4888,2996
2028,July,9,2,4556,2997
2028,July,27,3,1250,2998
2028,July,27,1,655,2999
2028,July,27,2,595,3000
2028,July,18,3,729,3001
2028,July,18,1,365,3002
2028,July,18,2,364,3003
2028,July,22,3,732,3004
2028,July,22,1,366,3005
2028,July,22,2,366,3006
2028,July,6,3,1142,3007
2028,July,6,1,564,3008
2028,July,6,2,578,3009
2028,July,1,3,65597,3010
2028,July,1,1,34470,3011
2028,July,1,2,31127,3012
2028,July,3,3,27124,3013
2028,July,3,1,14142,3014
2028,July,3,2,12982,3015
2028,July,36,3,70,3016
2028,July,36,1,36,3017
2028,July,36,2,34,3018
2028,July,35,3,108,3019
2028,July,35,1,71,3020
2028,July,35,2,37,3021
2028,July,7,3,31216,3022
2028,July,7,1,14929,3023
2028,July,7,2,16287,3024
2028,July,10,3,32770,3025
2028,July,10,1,16694,3026
2028,July,10,2,16076,3027
2028,July,24,3,11379,3028
2028,July,24,1,5958,3029
2028,July,24,2,5422,3030
2028,July,32,3,4505,3031
2028,July,32,1,2439,3032
2028,July,32,2,2066,3033
2028,July,23,3,798,3034
2028,July,23,1,430,3035
2028,July,23,2,367,3036
2028,July,25,3,14494,3037
2028,July,25,1,7738,3038
2028,July,25,2,6755,3039
2028,July,11,3,38951,3040
2028,July,11,1,20719,3041
2028,July,11,2,18233,3042
2028,July,33,3,1312,3043
2028,July,33,1,671,3044
2028,July,33,2,641,3045
2028,July,29,3,23461,3046
2028,July,29,1,12559,3047
2028,July,29,2,10902,3048
2028,July,34,3,889,3049
2028,July,34,1,693,3050
2028,July,34,2,196,3051
2028,July,34,3,752,3052
2028,July,34,1,447,3053
2028,July,34,2,305,3054
2028,July,4,3,9198,3055
2028,July,4,1,4702,3056
2028,July,4,2,4496,3057
2028,July,19,3,1291,3058
2028,July,19,1,708,3059
2028,July,19,2,582,3060
2028,July,2,3,17315,3061
2028,July,2,1,9137,3062
2028,July,2,2,8178,3063
2028,July,5,3,6064,3064
2028,July,5,1,3116,3065
2028,July,5,2,2948,3066
2028,July,26,3,438,3067
2028,July,26,1,232,3068
2028,July,26,2,206,3069
2028,July,14,3,21442,3070
2028,July,14,1,10791,3071
2028,July,14,2,10651,3072
2028,July,30,3,192,3073
2028,July,30,1,102,3074
2028,July,30,2,90,3075
2028,July,37,3,532756,3076
2028,July,37,1,276160,3077
2028,July,37,2,256596,3078
2027,October,8,3,39127,3079
2027,October,8,1,20127,3080
2027,October,8,2,19000,3081
2027,October,12,3,4626,3082
2027,October,12,1,2456,3083
2027,October,12,2,2171,3084
2027,October,16,3,60657,3085
2027,October,16,1,32026,3086
2027,October,16,2,28631,3087
2027,October,28,3,1913,3088
2027,October,28,1,970,3089
2027,October,28,2,944,3090
2027,October,20,3,19780,3091
2027,October,20,1,9955,3092
2027,October,20,2,9826,3093
2027,October,13,3,43319,3094
2027,October,13,1,21660,3095
2027,October,13,2,21660,3096
2027,October,31,3,419,3097
2027,October,31,1,219,3098
2027,October,31,2,200,3099
2027,October,15,3,23109,3100
2027,October,15,1,12074,3101
2027,October,15,2,11035,3102
2027,October,17,3,13728,3103
2027,October,17,1,7322,3104
2027,October,17,2,6406,3105
2027,October,21,3,1290,3106
2027,October,21,1,632,3107
2027,October,21,2,658,3108
2027,October,9,3,9345,3109
2027,October,9,1,4837,3110
2027,October,9,2,4508,3111
2027,October,27,3,1218,3112
2027,October,27,1,638,3113
2027,October,27,2,580,3114
2027,October,18,3,723,3115
2027,October,18,1,362,3116
2027,October,18,2,361,3117
2027,October,22,3,727,3118
2027,October,22,1,363,3119
2027,October,22,2,364,3120
2027,October,6,3,1129,3121
2027,October,6,1,557,3122
2027,October,6,2,571,3123
2027,October,1,3,65019,3124
2027,October,1,1,34167,3125
2027,October,1,2,30853,3126
2027,October,3,3,26855,3127
2027,October,3,1,14002,3128
2027,October,3,2,12854,3129
2027,October,36,3,70,3130
2027,October,36,1,36,3131
2027,October,36,2,34,3132
2027,October,35,3,106,3133
2027,October,35,1,69,3134
2027,October,35,2,36,3135
2027,October,7,3,30666,3136
2027,October,7,1,14666,3137
2027,October,7,2,16000,3138
2027,October,10,3,32398,3139
2027,October,10,1,16504,3140
2027,October,10,2,15894,3141
2027,October,24,3,11235,3142
2027,October,24,1,5882,3143
2027,October,24,2,5353,3144
2027,October,32,3,4456,3145
2027,October,32,1,2412,3146
2027,October,32,2,2043,3147
2027,October,23,3,794,3148
2027,October,23,1,428,3149
2027,October,23,2,365,3150
2027,October,25,3,14244,3151
2027,October,25,1,7605,3152
2027,October,25,2,6639,3153
2027,October,11,3,38382,3154
2027,October,11,1,20416,3155
2027,October,11,2,17966,3156
2027,October,33,3,1296,3157
2027,October,33,1,662,3158
2027,October,33,2,633,3159
2027,October,29,3,23152,3160
2027,October,29,1,12394,3161
2027,October,29,2,10758,3162
2027,October,34,3,824,3163
2027,October,34,1,636,3164
2027,October,34,2,188,3165
2027,October,34,3,707,3166
2027,October,34,1,420,3167
2027,October,34,2,287,3168
2027,October,4,3,9057,3169
2027,October,4,1,4630,3170
2027,October,4,2,4427,3171
2027,October,19,3,1283,3172
2027,October,19,1,704,3173
2027,October,19,2,579,3174
2027,October,2,3,17069,3175
2027,October,2,1,9007,3176
2027,October,2,2,8061,3177
2027,October,5,3,5994,3178
2027,October,5,1,3080,3179
2027,October,5,2,2914,3180
2027,October,26,3,433,3181
2027,October,26,1,229,3182
2027,October,26,2,204,3183
2027,October,14,3,21161,3184
2027,October,14,1,10650,3185
2027,October,14,2,10511,3186
2027,October,30,3,190,3187
2027,October,30,1,101,3188
2027,October,30,2,89,3189
2027,October,37,3,526501,3190
2027,October,37,1,272898,3191
2027,October,37,2,253603,3192
2027,March,8,3,38801,3193
2027,March,8,1,19959,3194
2027,March,8,2,18842,3195
2027,March,12,3,4569,3196
2027,March,12,1,2425,3197
2027,March,12,2,2144,3198
2027,March,16,3,60189,3199
2027,March,16,1,31779,3200
2027,March,16,2,28410,3201
2027,March,28,3,1876,3202
2027,March,28,1,951,3203
2027,March,28,2,925,3204
2027,March,20,3,19694,3205
2027,March,20,1,9911,3206
2027,March,20,2,9782,3207
2027,March,13,3,43079,3208
2027,March,13,1,21540,3209
2027,March,13,2,21540,3210
2027,March,31,3,408,3211
2027,March,31,1,213,3212
2027,March,31,2,195,3213
2027,March,15,3,22926,3214
2027,March,15,1,11978,3215
2027,March,15,2,10948,3216
2027,March,17,3,13622,3217
2027,March,17,1,7265,3218
2027,March,17,2,6357,3219
2027,March,21,3,1272,3220
2027,March,21,1,623,3221
2027,March,21,2,649,3222
2027,March,9,3,9268,3223
2027,March,9,1,4797,3224
2027,March,9,2,4471,3225
2027,March,27,3,1193,3226
2027,March,27,1,625,3227
2027,March,27,2,568,3228
2027,March,18,3,718,3229
2027,March,18,1,359,3230
2027,March,18,2,359,3231
2027,March,22,3,723,3232
2027,March,22,1,361,3233
2027,March,22,2,362,3234
2027,March,6,3,1118,3235
2027,March,6,1,552,3236
2027,March,6,2,566,3237
2027,March,1,3,64572,3238
2027,March,1,1,33932,3239
2027,March,1,2,30640,3240
2027,March,3,3,26647,3241
2027,March,3,1,13893,3242
2027,March,3,2,12754,3243
2027,March,36,3,70,3244
2027,March,36,1,36,3245
2027,March,36,2,34,3246
2027,March,35,3,104,3247
2027,March,35,1,68,3248
2027,March,35,2,36,3249
2027,March,7,3,30232,3250
2027,March,7,1,14458,3251
2027,March,7,2,15774,3252
2027,March,10,3,32110,3253
2027,March,10,1,16358,3254
2027,March,10,2,15752,3255
2027,March,24,3,11122,3256
2027,March,24,1,5823,3257
2027,March,24,2,5299,3258
2027,March,32,3,4417,3259
2027,March,32,1,2391,3260
2027,March,32,2,2026,3261
2027,March,23,3,791,3262
2027,March,23,1,427,3263
2027,March,23,2,364,3264
2027,March,25,3,14051,3265
2027,March,25,1,7502,3266
2027,March,25,2,6549,3267
2027,March,11,3,37941,3268
2027,March,11,1,20181,3269
2027,March,11,2,17760,3270
2027,March,33,3,1283,3271
2027,March,33,1,656,3272
2027,March,33,2,627,3273
2027,March,29,3,22911,3274
2027,March,29,1,12265,3275
2027,March,29,2,10646,3276
2027,March,34,3,773,3277
2027,March,34,1,591,3278
2027,March,34,2,182,3279
2027,March,34,3,672,3280
2027,March,34,1,400,3281
2027,March,34,2,272,3282
2027,March,4,3,8948,3283
2027,March,4,1,4575,3284
2027,March,4,2,4373,3285
2027,March,19,3,1277,3286
2027,March,19,1,701,3287
2027,March,19,2,576,3288
2027,March,2,3,16878,3289
2027,March,2,1,8907,3290
2027,March,2,2,7971,3291
2027,March,5,3,5940,3292
2027,March,5,1,3052,3293
2027,March,5,2,2888,3294
2027,March,26,3,429,3295
2027,March,26,1,227,3296
2027,March,26,2,202,3297
2027,March,14,3,20943,3298
2027,March,14,1,10540,3299
2027,March,14,2,10403,3300
2027,March,30,3,189,3301
2027,March,30,1,101,3302
2027,March,30,2,88,3303
2027,March,37,3,521756,3304
2027,March,37,1,270422,3305
2027,March,37,2,251334,3306
2027,July,8,3,38987,3307
2027,July,8,1,20055,3308
2027,July,8,2,18932,3309
2027,July,12,3,4602,3310
2027,July,12,1,2442,3311
2027,July,12,2,2159,3312
2027,July,16,3,60456,3313
2027,July,16,1,31920,3314
2027,July,16,2,28536,3315
2027,July,28,3,1897,3316
2027,July,28,1,962,3317
2027,July,28,2,936,3318
2027,July,20,3,19694,3319
2027,July,20,1,9911,3320
2027,July,20,2,9782,3321
2027,July,13,3,43216,3322
2027,July,13,1,21608,3323
2027,July,13,2,21608,3324
2027,July,31,3,414,3325
2027,July,31,1,216,3326
2027,July,31,2,198,3327
2027,July,15,3,23031,3328
2027,July,15,1,12033,3329
2027,July,15,2,10998,3330
2027,July,17,3,13683,3331
2027,July,17,1,7297,3332
2027,July,17,2,6385,3333
2027,July,21,3,1282,3334
2027,July,21,1,628,3335
2027,July,21,2,654,3336
2027,July,9,3,9312,3337
2027,July,9,1,4820,3338
2027,July,9,2,4492,3339
2027,July,27,3,1207,3340
2027,July,27,1,633,3341
2027,July,27,2,575,3342
2027,July,18,3,721,3343
2027,July,18,1,361,3344
2027,July,18,2,360,3345
2027,July,22,3,725,3346
2027,July,22,1,362,3347
2027,July,22,2,363,3348
2027,July,6,3,1124,3349
2027,July,6,1,555,3350
2027,July,6,2,569,3351
2027,July,1,3,64828,3352
2027,July,1,1,34066,3353
2027,July,1,2,30762,3354
2027,July,3,3,26766,3355
2027,July,3,1,13955,3356
2027,July,3,2,12811,3357
2027,July,36,3,70,3358
2027,July,36,1,36,3359
2027,July,36,2,34,3360
2027,July,35,3,105,3361
2027,July,35,1,69,3362
2027,July,35,2,36,3363
2027,July,7,3,30480,3364
2027,July,7,1,14577,3365
2027,July,7,2,15903,3366
2027,July,10,3,32275,3367
2027,July,10,1,16442,3368
2027,July,10,2,15833,3369
2027,July,24,3,11186,3370
2027,July,24,1,5857,3371
2027,July,24,2,5330,3372
2027,July,32,3,4439,3373
2027,July,32,1,2403,3374
2027,July,32,2,2036,3375
2027,July,23,3,793,3376
2027,July,23,1,428,3377
2027,July,23,2,365,3378
2027,July,25,3,14161,3379
2027,July,25,1,7561,3380
2027,July,25,2,6601,3381
2027,July,11,3,38193,3382
2027,July,11,1,20315,3383
2027,July,11,2,17878,3384
2027,July,33,3,1290,3385
2027,July,33,1,660,3386
2027,July,33,2,631,3387
2027,July,29,3,23049,3388
2027,July,29,1,12339,3389
2027,July,29,2,10710,3390
2027,July,34,3,802,3391
2027,July,34,1,617,3392
2027,July,34,2,185,3393
2027,July,34,3,692,3394
2027,July,34,1,411,3395
2027,July,34,2,281,3396
2027,July,4,3,9010,3397
2027,July,4,1,4607,3398
2027,July,4,2,4404,3399
2027,July,19,3,1280,3400
2027,July,19,1,703,3401
2027,July,19,2,578,3402
2027,July,2,3,16987,3403
2027,July,2,1,8964,3404
2027,July,2,2,8023,3405
2027,July,5,3,5971,3406
2027,July,5,1,3068,3407
2027,July,5,2,2903,3408
2027,July,26,3,431,3409
2027,July,26,1,228,3410
2027,July,26,2,203,3411
2027,July,14,3,21067,3412
2027,July,14,1,10603,3413
2027,July,14,2,10465,3414
2027,July,30,3,190,3415
2027,July,30,1,101,3416
2027,July,30,2,88,3417
2027,July,37,3,524420,3418
2027,July,37,1,271813,3419
2027,July,37,2,252607,3420
2026,October,8,3,38570,3421
2026,October,8,1,19841,3422
2026,October,8,2,18730,3423
2026,October,12,3,4529,3424
2026,October,12,1,2404,3425
2026,October,12,2,2125,3426
2026,October,16,3,59858,3427
2026,October,16,1,31604,3428
2026,October,16,2,28254,3429
2026,October,28,3,1850,3430
2026,October,28,1,938,3431
2026,October,28,2,912,3432
2026,October,20,3,19435,3433
2026,October,20,1,9781,3434
2026,October,20,2,9654,3435
2026,October,13,3,42908,3436
2026,October,13,1,21454,3437
2026,October,13,2,21454,3438
2026,October,31,3,401,3439
2026,October,31,1,210,3440
2026,October,31,2,191,3441
2026,October,15,3,22796,3442
2026,October,15,1,11910,3443
2026,October,15,2,10886,3444
2026,October,17,3,13547,3445
2026,October,17,1,7225,3446
2026,October,17,2,6322,3447
2026,October,21,3,1259,3448
2026,October,21,1,617,3449
2026,October,21,2,642,3450
2026,October,9,3,9213,3451
2026,October,9,1,4769,3452
2026,October,9,2,4445,3453
2026,October,27,3,1175,3454
2026,October,27,1,616,3455
2026,October,27,2,559,3456
2026,October,18,3,714,3457
2026,October,18,1,357,3458
2026,October,18,2,357,3459
2026,October,22,3,720,3460
2026,October,22,1,360,3461
2026,October,22,2,360,3462
2026,October,6,3,1111,3463
2026,October,6,1,548,3464
2026,October,6,2,562,3465
2026,October,1,3,64254,3466
2026,October,1,1,33765,3467
2026,October,1,2,30489,3468
2026,October,3,3,26499,3469
2026,October,3,1,13816,3470
2026,October,3,2,12683,3471
2026,October,36,3,70,3472
2026,October,36,1,36,3473
2026,October,36,2,34,3474
2026,October,35,3,103,3475
2026,October,35,1,67,3476
2026,October,35,2,35,3477
2026,October,7,3,29912,3478
2026,October,7,1,14305,3479
2026,October,7,2,15607,3480
2026,October,10,3,31906,3481
2026,October,10,1,16254,3482
2026,October,10,2,15652,3483
2026,October,24,3,11043,3484
2026,October,24,1,5782,3485
2026,October,24,2,5261,3486
2026,October,32,3,4390,3487
2026,October,32,1,2377,3488
2026,October,32,2,2013,3489
2026,October,23,3,789,3490
2026,October,23,1,426,3491
2026,October,23,2,363,3492
2026,October,25,3,13914,3493
2026,October,25,1,7429,3494
2026,October,25,2,6485,3495
2026,October,11,3,37629,3496
2026,October,11,1,20015,3497
2026,October,11,2,17614,3498
2026,October,33,3,1274,3499
2026,October,33,1,651,3500
2026,October,33,2,623,3501
2026,October,29,3,22738,3502
2026,October,29,1,12172,3503
2026,October,29,2,10565,3504
2026,October,34,3,737,3505
2026,October,34,1,559,3506
2026,October,34,2,177,3507
2026,October,34,3,647,3508
2026,October,34,1,385,3509
2026,October,34,2,263,3510
2026,October,4,3,8871,3511
2026,October,4,1,4535,3512
2026,October,4,2,4336,3513
2026,October,19,3,1273,3514
2026,October,19,1,699,3515
2026,October,19,2,574,3516
2026,October,2,3,16743,3517
2026,October,2,1,8835,3518
2026,October,2,2,7908,3519
2026,October,5,3,5902,3520
2026,October,5,1,3033,3521
2026,October,5,2,2869,3522
2026,October,26,3,426,3523
2026,October,26,1,225,3524
2026,October,26,2,201,3525
2026,October,14,3,20789,3526
2026,October,14,1,10462,3527
2026,October,14,2,10326,3528
2026,October,30,3,188,3529
2026,October,30,1,100,3530
2026,October,30,2,88,3531
2026,October,37,3,518180,3532
2026,October,37,1,268562,3533
2026,October,37,2,249619,3534
2026,March,8,3,38247,3535
2026,March,8,1,19674,3536
2026,March,8,2,18573,3537
2026,March,12,3,4473,3538
2026,March,12,1,2374,3539
2026,March,12,2,2099,3540
2026,March,16,3,59394,3541
2026,March,16,1,31359,3542
2026,March,16,2,28035,3543
2026,March,28,3,1813,3544
2026,March,28,1,919,3545
2026,March,28,2,894,3546
2026,March,20,3,19349,3547
2026,March,20,1,9738,3548
2026,March,20,2,9611,3549
2026,March,13,3,42669,3550
2026,March,13,1,21335,3551
2026,March,13,2,21335,3552
2026,March,31,3,391,3553
2026,March,31,1,204,3554
2026,March,31,2,187,3555
2026,March,15,3,22615,3556
2026,March,15,1,11816,3557
2026,March,15,2,10799,3558
2026,March,17,3,13441,3559
2026,March,17,1,7169,3560
2026,March,17,2,6272,3561
2026,March,21,3,1241,3562
2026,March,21,1,608,3563
2026,March,21,2,633,3564
2026,March,9,3,9137,3565
2026,March,9,1,4729,3566
2026,March,9,2,4408,3567
2026,March,27,3,1150,3568
2026,March,27,1,603,3569
2026,March,27,2,547,3570
2026,March,18,3,709,3571
2026,March,18,1,355,3572
2026,March,18,2,354,3573
2026,March,22,3,715,3574
2026,March,22,1,357,3575
2026,March,22,2,358,3576
2026,March,6,3,1100,3577
2026,March,6,1,543,3578
2026,March,6,2,557,3579
2026,March,1,3,63809,3580
2026,March,1,1,33531,3581
2026,March,1,2,30278,3582
2026,March,3,3,26292,3583
2026,March,3,1,13708,3584
2026,March,3,2,12584,3585
2026,March,36,3,70,3586
2026,March,36,1,36,3587
2026,March,36,2,34,3588
2026,March,35,3,101,3589
2026,March,35,1,66,3590
2026,March,35,2,35,3591
2026,March,7,3,29465,3592
2026,March,7,1,14091,3593
2026,March,7,2,15374,3594
2026,March,10,3,31620,3595
2026,March,10,1,16108,3596
2026,March,10,2,15512,3597
2026,March,24,3,10932,3598
2026,March,24,1,5724,3599
2026,March,24,2,5208,3600
2026,March,32,3,4351,3601
2026,March,32,1,2356,3602
2026,March,32,2,1995,3603
2026,March,23,3,787,3604
2026,March,23,1,425,3605
2026,March,23,2,362,3606
2026,March,25,3,13723,3607
2026,March,25,1,7327,3608
2026,March,25,2,6396,3609
2026,March,11,3,37192,3610
2026,March,11,1,19783,3611
2026,March,11,2,17409,3612
2026,March,33,3,1262,3613
2026,March,33,1,645,3614
2026,March,33,2,617,3615
2026,March,29,3,22495,3616
2026,March,29,1,12042,3617
2026,March,29,2,10453,3618
2026,March,34,3,686,3619
2026,March,34,1,515,3620
2026,March,34,2,171,3621
2026,March,34,3,613,3622
2026,March,34,1,364,3623
2026,March,34,2,249,3624
2026,March,4,3,8763,3625
2026,March,4,1,4480,3626
2026,March,4,2,4283,3627
2026,March,19,3,1267,3628
2026,March,19,1,695,3629
2026,March,19,2,572,3630
2026,March,2,3,16554,3631
2026,March,2,1,8736,3632
2026,March,2,2,7818,3633
2026,March,5,3,5848,3634
2026,March,5,1,3005,3635
2026,March,5,2,2843,3636
2026,March,26,3,422,3637
2026,March,26,1,223,3638
2026,March,26,2,199,3639
2026,March,14,3,20573,3640
2026,March,14,1,10354,3641
2026,March,14,2,10219,3642
2026,March,30,3,186,3643
2026,March,30,1,99,3644
2026,March,30,2,87,3645
2026,March,37,3,513456,3646
2026,March,37,1,266096,3647
2026,March,37,2,247360,3648
2026,July,8,3,38432,3649
2026,July,8,1,19769,3650
2026,July,8,2,18662,3651
2026,July,12,3,4505,3652
2026,July,12,1,2391,3653
2026,July,12,2,2114,3654
2026,July,16,3,59659,3655
2026,July,16,1,31499,3656
2026,July,16,2,28160,3657
2026,July,28,3,1834,3658
2026,July,28,1,930,3659
2026,July,28,2,904,3660
2026,July,20,3,19349,3661
2026,July,20,1,9738,3662
2026,July,20,2,9611,3663
2026,July,13,3,42806,3664
2026,July,13,1,21403,3665
2026,July,13,2,21403,3666
2026,July,31,3,397,3667
2026,July,31,1,207,3668
2026,July,31,2,189,3669
2026,July,15,3,22719,3670
2026,July,15,1,11870,3671
2026,July,15,2,10849,3672
2026,July,17,3,13501,3673
2026,July,17,1,7201,3674
2026,July,17,2,6301,3675
2026,July,21,3,1251,3676
2026,July,21,1,613,3677
2026,July,21,2,639,3678
2026,July,9,3,9181,3679
2026,July,9,1,4752,3680
2026,July,9,2,4429,3681
2026,July,27,3,1164,3682
2026,July,27,1,610,3683
2026,July,27,2,554,3684
2026,July,18,3,712,3685
2026,July,18,1,356,3686
2026,July,18,2,356,3687
2026,July,22,3,718,3688
2026,July,22,1,359,3689
2026,July,22,2,359,3690
2026,July,6,3,1106,3691
2026,July,6,1,546,3692
2026,July,6,2,560,3693
2026,July,1,3,64063,3694
2026,July,1,1,33664,3695
2026,July,1,2,30399,3696
2026,July,3,3,26410,3697
2026,July,3,1,13770,3698
2026,July,3,2,12641,3699
2026,July,36,3,70,3700
2026,July,36,1,36,3701
2026,July,36,2,34,3702
2026,July,35,3,102,3703
2026,July,35,1,67,3704
2026,July,35,2,35,3705
2026,July,7,3,29721,3706
2026,July,7,1,14214,3707
2026,July,7,2,15507,3708
2026,July,10,3,31783,3709
2026,July,10,1,16191,3710
2026,July,10,2,15592,3711
2026,July,24,3,10995,3712
2026,July,24,1,5757,3713
2026,July,24,2,5239,3714
2026,July,32,3,4373,3715
2026,July,32,1,2368,3716
2026,July,32,2,2005,3717
2026,July,23,3,788,3718
2026,July,23,1,425,3719
2026,July,23,2,363,3720
2026,July,25,3,13832,3721
2026,July,25,1,7385,3722
2026,July,25,2,6447,3723
2026,July,11,3,37442,3724
2026,July,11,1,19916,3725
2026,July,11,2,17526,3726
2026,July,33,3,1269,3727
2026,July,33,1,649,3728
2026,July,33,2,620,3729
2026,July,29,3,22634,3730
2026,July,29,1,12117,3731
2026,July,29,2,10517,3732
2026,July,34,3,715,3733
2026,July,34,1,540,3734
2026,July,34,2,175,3735
2026,July,34,3,633,3736
2026,July,34,1,376,3737
2026,July,34,2,257,3738
2026,July,4,3,8825,3739
2026,July,4,1,4512,3740
2026,July,4,2,4313,3741
2026,July,19,3,1270,3742
2026,July,19,1,697,3743
2026,July,19,2,573,3744
2026,July,2,3,16662,3745
2026,July,2,1,8793,3746
2026,July,2,2,7869,3747
2026,July,5,3,5879,3748
2026,July,5,1,3021,3749
2026,July,5,2,2858,3750
2026,July,26,3,424,3751
2026,July,26,1,225,3752
2026,July,26,2,200,3753
2026,July,14,3,20696,3754
2026,July,14,1,10416,3755
2026,July,14,2,10280,3756
2026,July,30,3,187,3757
2026,July,30,1,100,3758
2026,July,30,2,87,3759
2026,July,37,3,516110,3760
2026,July,37,1,267483,3761
2026,July,37,2,248627,3762
2025,October,8,3,37995,3763
2025,October,8,1,19545,3764
2025,October,8,2,18450,3765
2025,October,12,3,4431,3766
2025,October,12,1,2352,3767
2025,October,12,2,2079,3768
2025,October,16,3,59007,3769
2025,October,16,1,31155,3770
2025,October,16,2,27852,3771
2025,October,28,3,1787,3772
2025,October,28,1,906,3773
2025,October,28,2,881,3774
2025,October,20,3,19078,3775
2025,October,20,1,9601,3776
2025,October,20,2,9476,3777
2025,October,13,3,42472,3778
2025,October,13,1,21236,3779
2025,October,13,2,21236,3780
2025,October,31,3,384,3781
2025,October,31,1,200,3782
2025,October,31,2,183,3783
2025,October,15,3,22468,3784
2025,October,15,1,11739,3785
2025,October,15,2,10729,3786
2025,October,17,3,13359,3787
2025,October,17,1,7125,3788
2025,October,17,2,6234,3789
2025,October,21,3,1229,3790
2025,October,21,1,602,3791
2025,October,21,2,627,3792
2025,October,9,3,9077,3793
2025,October,9,1,4698,3794
2025,October,9,2,4379,3795
2025,October,27,3,1132,3796
2025,October,27,1,593,3797
2025,October,27,2,539,3798
2025,October,18,3,705,3799
2025,October,18,1,353,3800
2025,October,18,2,352,3801
2025,October,22,3,712,3802
2025,October,22,1,356,3803
2025,October,22,2,356,3804
2025,October,6,3,1093,3805
2025,October,6,1,539,3806
2025,October,6,2,553,3807
2025,October,1,3,63463,3808
2025,October,1,1,33349,3809
2025,October,1,2,30114,3810
2025,October,3,3,26126,3811
2025,October,3,1,13622,3812
2025,October,3,2,12505,3813
2025,October,36,3,70,3814
2025,October,36,1,36,3815
2025,October,36,2,34,3816
2025,October,35,3,100,3817
2025,October,35,1,65,3818
2025,October,35,2,34,3819
2025,October,7,3,29122,3820
2025,October,7,1,13927,3821
2025,October,7,2,15195,3822
2025,October,10,3,31402,3823
2025,October,10,1,15997,3824
2025,October,10,2,15405,3825
2025,October,24,3,10848,3826
2025,October,24,1,5679,3827
2025,October,24,2,5168,3828
2025,October,32,3,4324,3829
2025,October,32,1,2341,3830
2025,October,32,2,1983,3831
2025,October,23,3,785,3832
2025,October,23,1,423,3833
2025,October,23,2,361,3834
2025,October,25,3,13582,3835
2025,October,25,1,7251,3836
2025,October,25,2,6330,3837
2025,October,11,3,36863,3838
2025,October,11,1,19608,3839
2025,October,11,2,17255,3840
2025,October,33,3,1252,3841
2025,October,33,1,640,3842
2025,October,33,2,612,3843
2025,October,29,3,22325,3844
2025,October,29,1,11951,3845
2025,October,29,2,10374,3846
2025,October,34,3,665,3847
2025,October,34,1,497,3848
2025,October,34,2,168,3849
2025,October,34,3,596,3850
2025,October,34,1,354,3851
2025,October,34,2,241,3852
2025,October,4,3,8682,3853
2025,October,4,1,4439,3854
2025,October,4,2,4243,3855
2025,October,19,3,1262,3856
2025,October,19,1,693,3857
2025,October,19,2,569,3858
2025,October,2,3,16415,3859
2025,October,2,1,8662,3860
2025,October,2,2,7753,3861
2025,October,5,3,5807,3862
2025,October,5,1,2984,3863
2025,October,5,2,2823,3864
2025,October,26,3,419,3865
2025,October,26,1,222,3866
2025,October,26,2,197,3867
2025,October,14,3,20407,3868
2025,October,14,1,10270,3869
2025,October,14,2,10137,3870
2025,October,30,3,185,3871
2025,October,30,1,99,3872
2025,October,30,2,86,3873
2025,October,37,3,509622,3874
2025,October,37,1,264109,3875
2025,October,37,2,245513,3876
2025,March,8,3,37642,3877
2025,March,8,1,19363,3878
2025,March,8,2,18279,3879
2025,March,12,3,4373,3880
2025,March,12,1,2321,3881
2025,March,12,2,2052,3882
2025,March,16,3,58465,3883
2025,March,16,1,30869,3884
2025,March,16,2,27596,3885
2025,March,28,3,1750,3886
2025,March,28,1,887,3887
2025,March,28,2,863,3888
2025,March,20,3,18984,3889
2025,March,20,1,9554,3890
2025,March,20,2,9430,3891
2025,March,13,3,42196,3892
2025,March,13,1,21098,3893
2025,March,13,2,21098,3894
2025,March,31,3,373,3895
2025,March,31,1,195,3896
2025,March,31,2,178,3897
2025,March,15,3,22262,3898
2025,March,15,1,11631,3899
2025,March,15,2,10631,3900
2025,March,17,3,13243,3901
2025,March,17,1,7063,3902
2025,March,17,2,6180,3903
2025,March,21,3,1212,3904
2025,March,21,1,594,3905
2025,March,21,2,618,3906
2025,March,9,3,8994,3907
2025,March,9,1,4655,3908
2025,March,9,2,4339,3909
2025,March,27,3,1107,3910
2025,March,27,1,580,3911
2025,March,27,2,527,3912
2025,March,18,3,700,3913
2025,March,18,1,350,3914
2025,March,18,2,350,3915
2025,March,22,3,707,3916
2025,March,22,1,353,3917
2025,March,22,2,354,3918
2025,March,6,3,1082,3919
2025,March,6,1,534,3920
2025,March,6,2,548,3921
2025,March,1,3,62979,3922
2025,March,1,1,33095,3923
2025,March,1,2,29884,3924
2025,March,3,3,25894,3925
2025,March,3,1,13501,3926
2025,March,3,2,12393,3927
2025,March,36,3,69,3928
2025,March,36,1,35,3929
2025,March,36,2,34,3930
2025,March,35,3,98,3931
2025,March,35,1,64,3932
2025,March,35,2,34,3933
2025,March,7,3,28642,3934
2025,March,7,1,13698,3935
2025,March,7,2,14944,3936
2025,March,10,3,31096,3937
2025,March,10,1,15841,3938
2025,March,10,2,15255,3939
2025,March,24,3,10730,3940
2025,March,24,1,5618,3941
2025,March,24,2,5112,3942
2025,March,32,3,4285,3943
2025,March,32,1,2320,3944
2025,March,32,2,1965,3945
2025,March,23,3,781,3946
2025,March,23,1,421,3947
2025,March,23,2,360,3948
2025,March,25,3,13384,3949
2025,March,25,1,7146,3950
2025,March,25,2,6238,3951
2025,March,11,3,36403,3952
2025,March,11,1,19363,3953
2025,March,11,2,17040,3954
2025,March,33,3,1239,3955
2025,March,33,1,633,3956
2025,March,33,2,606,3957
2025,March,29,3,22087,3958
2025,March,29,1,11824,3959
2025,March,29,2,10263,3960
2025,March,34,3,636,3961
2025,March,34,1,473,3962
2025,March,34,2,163,3963
2025,March,34,3,571,3964
2025,March,34,1,339,3965
2025,March,34,2,232,3966
2025,March,4,3,8568,3967
2025,March,4,1,4380,3968
2025,March,4,2,4188,3969
2025,March,19,3,1255,3970
2025,March,19,1,689,3971
2025,March,19,2,566,3972
2025,March,2,3,16221,3973
2025,March,2,1,8560,3974
2025,March,2,2,7661,3975
2025,March,5,3,5750,3976
2025,March,5,1,2955,3977
2025,March,5,2,2795,3978
2025,March,26,3,415,3979
2025,March,26,1,220,3980
2025,March,26,2,195,3981
2025,March,14,3,20174,3982
2025,March,14,1,10153,3983
2025,March,14,2,10021,3984
2025,March,30,3,183,3985
2025,March,30,1,98,3986
2025,March,30,2,85,3987
2025,March,37,3,504550,3988
2025,March,37,1,261473,3989
2025,March,37,2,243077,3990
2025,July,8,3,37844,3991
2025,July,8,1,19467,3992
2025,July,8,2,18377,3993
2025,July,12,3,4406,3994
2025,July,12,1,2339,3995
2025,July,12,2,2068,3996
2025,July,16,3,58775,3997
2025,July,16,1,31032,3998
2025,July,16,2,27743,3999
2025,July,28,3,1771,4000
2025,July,28,1,898,4001
2025,July,28,2,873,4002
2025,July,20,3,18984,4003
2025,July,20,1,9554,4004
2025,July,20,2,9430,4005
2025,July,13,3,42354,4006
2025,July,13,1,21177,4007
2025,July,13,2,21177,4008
2025,July,31,3,379,4009
2025,July,31,1,198,4010
2025,July,31,2,181,4011
2025,July,15,3,22380,4012
2025,July,15,1,11693,4013
2025,July,15,2,10687,4014
2025,July,17,3,13309,4015
2025,July,17,1,7098,4016
2025,July,17,2,6211,4017
2025,July,21,3,1222,4018
2025,July,21,1,598,4019
2025,July,21,2,623,4020
2025,July,9,3,9042,4021
2025,July,9,1,4680,4022
2025,July,9,2,4362,4023
2025,July,27,3,1121,4024
2025,July,27,1,588,4025
2025,July,27,2,534,4026
2025,July,18,3,703,4027
2025,July,18,1,352,4028
2025,July,18,2,351,4029
2025,July,22,3,710,4030
2025,July,22,1,355,4031
2025,July,22,2,355,4032
2025,July,6,3,1088,4033
2025,July,6,1,537,4034
2025,July,6,2,551,4035
2025,July,1,3,63256,4036
2025,July,1,1,33240,4037
2025,July,1,2,30016,4038
2025,July,3,3,26027,4039
2025,July,3,1,13570,4040
2025,July,3,2,12457,4041
2025,July,36,3,69,4042
2025,July,36,1,36,4043
2025,July,36,2,34,4044
2025,July,35,3,99,4045
2025,July,35,1,65,4046
2025,July,35,2,34,4047
2025,July,7,3,28916,4048
2025,July,7,1,13829,4049
2025,July,7,2,15087,4050
2025,July,10,3,31271,4051
2025,July,10,1,15930,4052
2025,July,10,2,15341,4053
2025,July,24,3,10797,4054
2025,July,24,1,5653,4055
2025,July,24,2,5144,4056
2025,July,32,3,4307,4057
2025,July,32,1,2332,4058
2025,July,32,2,1975,4059
2025,July,23,3,783,4060
2025,July,23,1,423,4061
2025,July,23,2,360,4062
2025,July,25,3,13497,4063
2025,July,25,1,7206,4064
2025,July,25,2,6291,4065
2025,July,11,3,36666,4066
2025,July,11,1,19503,4067
2025,July,11,2,17163,4068
2025,July,33,3,1247,4069
2025,July,33,1,637,4070
2025,July,33,2,609,4071
2025,July,29,3,22223,4072
2025,July,29,1,11897,4073
2025,July,29,2,10326,4074
2025,July,34,3,653,4075
2025,July,34,1,487,4076
2025,July,34,2,166,4077
2025,July,34,3,585,4078
2025,July,34,1,348,4079
2025,July,34,2,237,4080
2025,July,4,3,8633,4081
2025,July,4,1,4414,4082
2025,July,4,2,4219,4083
2025,July,19,3,1259,4084
2025,July,19,1,691,4085
2025,July,19,2,568,4086
2025,July,2,3,16332,4087
2025,July,2,1,8618,4088
2025,July,2,2,7714,4089
2025,July,5,3,5783,4090
2025,July,5,1,2972,4091
2025,July,5,2,2811,4092
2025,July,26,3,417,4093
2025,July,26,1,221,4094
2025,July,26,2,197,4095
2025,July,14,3,20307,4096
2025,July,14,1,10220,4097
2025,July,14,2,10087,4098
2025,July,30,3,184,4099
2025,July,30,1,98,4100
2025,July,30,2,86,4101
2025,July,37,3,507401,4102
2025,July,37,1,262956,4103
2025,July,37,2,244445,4104
2024,October,8,3,37392,4105
2024,October,8,1,19235,4106
2024,October,8,2,18158,4107
2024,October,12,3,4332,4108
2024,October,12,1,2299,4109
2024,October,12,2,2033,4110
2024,October,16,3,58081,4111
2024,October,16,1,30666,4112
2024,October,16,2,27415,4113
2024,October,28,3,1724,4114
2024,October,28,1,874,4115
2024,October,28,2,850,4116
2024,October,20,3,18704,4117
2024,October,20,1,9413,4118
2024,October,20,2,9291,4119
2024,October,13,3,42000,4120
2024,October,13,1,21000,4121
2024,October,13,2,21000,4122
2024,October,31,3,366,4123
2024,October,31,1,191,4124
2024,October,31,2,174,4125
2024,October,15,3,22116,4126
2024,October,15,1,11555,4127
2024,October,15,2,10561,4128
2024,October,17,3,13161,4129
2024,October,17,1,7019,4130
2024,October,17,2,6142,4131
2024,October,21,3,1200,4132
2024,October,21,1,588,4133
2024,October,21,2,613,4134
2024,October,9,3,8935,4135
2024,October,9,1,4625,4136
2024,October,9,2,4310,4137
2024,October,27,3,1090,4138
2024,October,27,1,571,4139
2024,October,27,2,518,4140
2024,October,18,3,696,4141
2024,October,18,1,348,4142
2024,October,18,2,348,4143
2024,October,22,3,704,4144
2024,October,22,1,352,4145
2024,October,22,2,352,4146
2024,October,6,3,1074,4147
2024,October,6,1,530,4148
2024,October,6,2,544,4149
2024,October,1,3,62635,4150
2024,October,1,1,32914,4151
2024,October,1,2,29721,4152
2024,October,3,3,25729,4153
2024,October,3,1,13414,4154
2024,October,3,2,12314,4155
2024,October,36,3,69,4156
2024,October,36,1,35,4157
2024,October,36,2,34,4158
2024,October,35,3,97,4159
2024,October,35,1,64,4160
2024,October,35,2,33,4161
2024,October,7,3,28292,4162
2024,October,7,1,13530,4163
2024,October,7,2,14762,4164
2024,October,10,3,30879,4165
2024,October,10,1,15731,4166
2024,October,10,2,15149,4167
2024,October,24,3,10647,4168
2024,October,24,1,5574,4169
2024,October,24,2,5072,4170
2024,October,32,3,4258,4171
2024,October,32,1,2305,4172
2024,October,32,2,1953,4173
2024,October,23,3,779,4174
2024,October,23,1,420,4175
2024,October,23,2,359,4176
2024,October,25,3,13244,4177
2024,October,25,1,7071,4178
2024,October,25,2,6173,4179
2024,October,11,3,36077,4180
2024,October,11,1,19190,4181
2024,October,11,2,16887,4182
2024,October,33,3,1229,4183
2024,October,33,1,629,4184
2024,October,33,2,601,4185
2024,October,29,3,21917,4186
2024,October,29,1,11733,4187
2024,October,29,2,10184,4188
2024,October,34,3,616,4189
2024,October,34,1,456,4190
2024,October,34,2,160,4191
2024,October,34,3,554,4192
2024,October,34,1,329,4193
2024,October,34,2,224,4194
2024,October,4,3,8488,4195
2024,October,4,1,4339,4196
2024,October,4,2,4148,4197
2024,October,19,3,1250,4198
2024,October,19,1,686,4199
2024,October,19,2,564,4200
2024,October,2,3,16084,4201
2024,October,2,1,8488,4202
2024,October,2,2,7596,4203
2024,October,5,3,5710,4204
2024,October,5,1,2934,4205
2024,October,5,2,2776,4206
2024,October,26,3,412,4207
2024,October,26,1,218,4208
2024,October,26,2,194,4209
2024,October,14,3,20009,4210
2024,October,14,1,10070,4211
2024,October,14,2,9939,4212
2024,October,30,3,182,4213
2024,October,30,1,97,4214
2024,October,30,2,85,4215
2024,October,37,3,500730,4216
2024,October,37,1,259493,4217
2024,October,37,2,241237,4218
2024,March,8,3,37043,4219
2024,March,8,1,19055,4220
2024,March,8,2,17988,4221
2024,March,12,3,4274,4222
2024,March,12,1,2269,4223
2024,March,12,2,2005,4224
2024,March,16,3,57543,4225
2024,March,16,1,30382,4226
2024,March,16,2,27161,4227
2024,March,28,3,1687,4228
2024,March,28,1,855,4229
2024,March,28,2,832,4230
2024,March,20,3,18612,4231
2024,March,20,1,9367,4232
2024,March,20,2,9245,4233
2024,March,13,3,41726,4234
2024,March,13,1,20863,4235
2024,March,13,2,20863,4236
2024,March,31,3,355,4237
2024,March,31,1,186,4238
2024,March,31,2,169,4239
2024,March,15,3,21912,4240
2024,March,15,1,11448,4241
2024,March,15,2,10464,4242
2024,March,17,3,13047,4243
2024,March,17,1,6958,4244
2024,March,17,2,6089,4245
2024,March,21,3,1184,4246
2024,March,21,1,580,4247
2024,March,21,2,604,4248
2024,March,9,3,8853,4249
2024,March,9,1,4582,4250
2024,March,9,2,4271,4251
2024,March,27,3,1065,4252
2024,March,27,1,558,4253
2024,March,27,2,507,4254
2024,March,18,3,690,4255
2024,March,18,1,345,4256
2024,March,18,2,345,4257
2024,March,22,3,699,4258
2024,March,22,1,349,4259
2024,March,22,2,350,4260
2024,March,6,3,1063,4261
2024,March,6,1,525,4262
2024,March,6,2,538,4263
2024,March,1,3,62154,4264
2024,March,1,1,32661,4265
2024,March,1,2,29493,4266
2024,March,3,3,25497,4267
2024,March,3,1,13294,4268
2024,March,3,2,12203,4269
2024,March,36,3,69,4270
2024,March,36,1,35,4271
2024,March,36,2,34,4272
2024,March,35,3,96,4273
2024,March,35,1,63,4274
2024,March,35,2,33,4275
2024,March,7,3,27802,4276
2024,March,7,1,13296,4277
2024,March,7,2,14506,4278
2024,March,10,3,30576,4279
2024,March,10,1,15576,4280
2024,March,10,2,15000,4281
2024,March,24,3,10530,4282
2024,March,24,1,5513,4283
2024,March,24,2,5017,4284
2024,March,32,3,4220,4285
2024,March,32,1,2285,4286
2024,March,32,2,1935,4287
2024,March,23,3,776,4288
2024,March,23,1,419,4289
2024,March,23,2,357,4290
2024,March,25,3,13048,4291
2024,March,25,1,6966,4292
2024,March,25,2,6082,4293
2024,March,11,3,35621,4294
2024,March,11,1,18947,4295
2024,March,11,2,16674,4296
2024,March,33,3,1216,4297
2024,March,33,1,622,4298
2024,March,33,2,594,4299
2024,March,29,3,21678,4300
2024,March,29,1,11605,4301
2024,March,29,2,10073,4302
2024,March,34,3,587,4303
2024,March,34,1,432,4304
2024,March,34,2,155,4305
2024,March,34,3,529,4306
2024,March,34,1,315,4307
2024,March,34,2,214,4308
2024,March,4,3,8375,4309
2024,March,4,1,4282,4310
2024,March,4,2,4093,4311
2024,March,19,3,1243,4312
2024,March,19,1,682,4313
2024,March,19,2,561,4314
2024,March,2,3,15892,4315
2024,March,2,1,8386,4316
2024,March,2,2,7506,4317
2024,March,5,3,5653,4318
2024,March,5,1,2905,4319
2024,March,5,2,2748,4320
2024,March,26,3,408,4321
2024,March,26,1,216,4322
2024,March,26,2,192,4323
2024,March,14,3,19778,4324
2024,March,14,1,9954,4325
2024,March,14,2,9824,4326
2024,March,30,3,180,4327
2024,March,30,1,96,4328
2024,March,30,2,84,4329
2024,March,37,3,495681,4330
2024,March,37,1,256872,4331
2024,March,37,2,238809,4332
2024,July,8,3,37243,4333
2024,July,8,1,19158,4334
2024,July,8,2,18085,4335
2024,July,12,3,4307,4336
2024,July,12,1,2286,4337
2024,July,12,2,2021,4338
2024,July,16,3,57850,4339
2024,July,16,1,30544,4340
2024,July,16,2,27306,4341
2024,July,28,3,1708,4342
2024,July,28,1,866,4343
2024,July,28,2,842,4344
2024,July,20,3,18612,4345
2024,July,20,1,9367,4346
2024,July,20,2,9245,4347
2024,July,13,3,41883,4348
2024,July,13,1,20941,4349
2024,July,13,2,20941,4350
2024,July,31,3,361,4351
2024,July,31,1,189,4352
2024,July,31,2,172,4353
2024,July,15,3,22029,4354
2024,July,15,1,11509,4355
2024,July,15,2,10519,4356
2024,July,17,3,13112,4357
2024,July,17,1,6993,4358
2024,July,17,2,6119,4359
2024,July,21,3,1193,4360
2024,July,21,1,584,4361
2024,July,21,2,609,4362
2024,July,9,3,8900,4363
2024,July,9,1,4607,4364
2024,July,9,2,4293,4365
2024,July,27,3,1079,4366
2024,July,27,1,566,4367
2024,July,27,2,513,4368
2024,July,18,3,693,4369
2024,July,18,1,347,4370
2024,July,18,2,346,4371
2024,July,22,3,702,4372
2024,July,22,1,351,4373
2024,July,22,2,351,4374
2024,July,6,3,1069,4375
2024,July,6,1,528,4376
2024,July,6,2,542,4377
2024,July,1,3,62429,4378
2024,July,1,1,32806,4379
2024,July,1,2,29623,4380
2024,July,3,3,25629,4381
2024,July,3,1,13363,4382
2024,July,3,2,12267,4383
2024,July,36,3,69,4384
2024,July,36,1,35,4385
2024,July,36,2,34,4386
2024,July,35,3,97,4387
2024,July,35,1,63,4388
2024,July,35,2,33,4389
2024,July,7,3,28082,4390
2024,July,7,1,13430,4391
2024,July,7,2,14652,4392
2024,July,10,3,30749,4393
2024,July,10,1,15664,4394
2024,July,10,2,15085,4395
2024,July,24,3,10597,4396
2024,July,24,1,5548,4397
2024,July,24,2,5049,4398
2024,July,32,3,4242,4399
2024,July,32,1,2297,4400
2024,July,32,2,1945,4401
2024,July,23,3,778,4402
2024,July,23,1,420,4403
2024,July,23,2,358,4404
2024,July,25,3,13160,4405
2024,July,25,1,7026,4406
2024,July,25,2,6134,4407
2024,July,11,3,35882,4408
2024,July,11,1,19086,4409
2024,July,11,2,16796,4410
2024,July,33,3,1224,4411
2024,July,33,1,626,4412
2024,July,33,2,598,4413
2024,July,29,3,21814,4414
2024,July,29,1,11678,4415
2024,July,29,2,10136,4416
2024,July,34,3,603,4417
2024,July,34,1,446,4418
2024,July,34,2,158,4419
2024,July,34,3,543,4420
2024,July,34,1,323,4421
2024,July,34,2,220,4422
2024,July,4,3,8439,4423
2024,July,4,1,4315,4424
2024,July,4,2,4125,4425
2024,July,19,3,1247,4426
2024,July,19,1,684,4427
2024,July,19,2,563,4428
2024,July,2,3,16002,4429
2024,July,2,1,8444,4430
2024,July,2,2,7558,4431
2024,July,5,3,5685,4432
2024,July,5,1,2922,4433
2024,July,5,2,2764,4434
2024,July,26,3,410,4435
2024,July,26,1,217,4436
2024,July,26,2,193,4437
2024,July,14,3,19910,4438
2024,July,14,1,10020,4439
2024,July,14,2,9890,4440
2024,July,30,3,181,4441
2024,July,30,1,97,4442
2024,July,30,2,84,4443
2024,July,37,3,498515,4444
2024,July,37,1,258346,4445
2024,July,37,2,240169,4446
2023,October,8,3,36796,4447
2023,October,8,1,18928,4448
2023,October,8,2,17868,4449
2023,October,12,3,4234,4450
2023,October,12,1,2247,4451
2023,October,12,2,1986,4452
2023,October,16,3,57161,4453
2023,October,16,1,30180,4454
2023,October,16,2,26981,4455
2023,October,28,3,1661,4456
2023,October,28,1,842,4457
2023,October,28,2,819,4458
2023,October,20,3,18335,4459
2023,October,20,1,9227,4460
2023,October,20,2,9107,4461
2023,October,13,3,41531,4462
2023,October,13,1,20766,4463
2023,October,13,2,20766,4464
2023,October,31,3,348,4465
2023,October,31,1,182,4466
2023,October,31,2,166,4467
2023,October,15,3,21767,4468
2023,October,15,1,11373,4469
2023,October,15,2,10394,4470
2023,October,17,3,12966,4471
2023,October,17,1,6915,4472
2023,October,17,2,6051,4473
2023,October,21,3,1172,4474
2023,October,21,1,574,4475
2023,October,21,2,598,4476
2023,October,9,3,8795,4477
2023,October,9,1,4552,4478
2023,October,9,2,4243,4479
2023,October,27,3,1048,4480
2023,October,27,1,549,4481
2023,October,27,2,498,4482
2023,October,18,3,686,4483
2023,October,18,1,343,4484
2023,October,18,2,343,4485
2023,October,22,3,696,4486
2023,October,22,1,348,4487
2023,October,22,2,348,4488
2023,October,6,3,1056,4489
2023,October,6,1,521,4490
2023,October,6,2,535,4491
2023,October,1,3,61812,4492
2023,October,1,1,32482,4493
2023,October,1,2,29331,4494
2023,October,3,3,25332,4495
2023,October,3,1,13208,4496
2023,October,3,2,12125,4497
2023,October,36,3,69,4498
2023,October,36,1,35,4499
2023,October,36,2,33,4500
2023,October,35,3,95,4501
2023,October,35,1,62,4502
2023,October,35,2,33,4503
2023,October,7,3,27446,4504
2023,October,7,1,13126,4505
2023,October,7,2,14320,4506
2023,October,10,3,30361,4507
2023,October,10,1,15467,4508
2023,October,10,2,14895,4509
2023,October,24,3,10447,4510
2023,October,24,1,5470,4511
2023,October,24,2,4977,4512
2023,October,32,3,4193,4513
2023,October,32,1,2270,4514
2023,October,32,2,1923,4515
2023,October,23,3,774,4516
2023,October,23,1,417,4517
2023,October,23,2,356,4518
2023,October,25,3,12910,4519
2023,October,25,1,6893,4520
2023,October,25,2,6017,4521
2023,October,11,3,35298,4522
2023,October,11,1,18776,4523
2023,October,11,2,16523,4524
2023,October,33,3,1207,4525
2023,October,33,1,617,4526
2023,October,33,2,590,4527
2023,October,29,3,21506,4528
2023,October,29,1,11513,4529
2023,October,29,2,9993,4530
2023,October,34,3,567,4531
2023,October,34,1,415,4532
2023,October,34,2,152,4533
2023,October,34,3,512,4534
2023,October,34,1,304,4535
2023,October,34,2,208,4536
2023,October,4,3,8296,4537
2023,October,4,1,4241,4538
2023,October,4,2,4055,4539
2023,October,19,3,1238,4540
2023,October,19,1,679,4541
2023,October,19,2,558,4542
2023,October,2,3,15756,4543
2023,October,2,1,8314,4544
2023,October,2,2,7441,4545
2023,October,5,3,5613,4546
2023,October,5,1,2884,4547
2023,October,5,2,2729,4548
2023,October,26,3,405,4549
2023,October,26,1,214,4550
2023,October,26,2,191,4551
2023,October,14,3,19615,4552
2023,October,14,1,9872,4553
2023,October,14,2,9743,4554
2023,October,30,3,179,4555
2023,October,30,1,96,4556
2023,October,30,2,84,4557
2023,October,37,3,491882,4558
2023,October,37,1,254902,4559
2023,October,37,2,236980,4560
2023,March,8,3,36449,4561
2023,March,8,1,18749,4562
2023,March,8,2,17700,4563
2023,March,12,3,4177,4564
2023,March,12,1,2217,4565
2023,March,12,2,1960,4566
2023,March,16,3,56627,4567
2023,March,16,1,29898,4568
2023,March,16,2,26729,4569
2023,March,28,3,1625,4570
2023,March,28,1,824,4571
2023,March,28,2,801,4572
2023,March,20,3,18243,4573
2023,March,20,1,9181,4574
2023,March,20,2,9062,4575
2023,March,13,3,41259,4576
2023,March,13,1,20630,4577
2023,March,13,2,20630,4578
2023,March,31,3,338,4579
2023,March,31,1,177,4580
2023,March,31,2,161,4581
2023,March,15,3,21564,4582
2023,March,15,1,11266,4583
2023,March,15,2,10298,4584
2023,March,17,3,12853,4585
2023,March,17,1,6855,4586
2023,March,17,2,5998,4587
2023,March,21,3,1155,4588
2023,March,21,1,566,4589
2023,March,21,2,589,4590
2023,March,9,3,8714,4591
2023,March,9,1,4510,4592
2023,March,9,2,4204,4593
2023,March,27,3,1023,4594
2023,March,27,1,536,4595
2023,March,27,2,487,4596
2023,March,18,3,681,4597
2023,March,18,1,341,4598
2023,March,18,2,340,4599
2023,March,22,3,691,4600
2023,March,22,1,345,4601
2023,March,22,2,346,4602
2023,March,6,3,1045,4603
2023,March,6,1,516,4604
2023,March,6,2,529,4605
2023,March,1,3,61334,4606
2023,March,1,1,32230,4607
2023,March,1,2,29104,4608
2023,March,3,3,25102,4609
2023,March,3,1,13088,4610
2023,March,3,2,12014,4611
2023,March,36,3,68,4612
2023,March,36,1,35,4613
2023,March,36,2,33,4614
2023,March,35,3,93,4615
2023,March,35,1,61,4616
2023,March,35,2,32,4617
2023,March,7,3,26947,4618
2023,March,7,1,12887,4619
2023,March,7,2,14060,4620
2023,March,10,3,30061,4621
2023,March,10,1,15314,4622
2023,March,10,2,14747,4623
2023,March,24,3,10331,4624
2023,March,24,1,5409,4625
2023,March,24,2,4922,4626
2023,March,32,3,4154,4627
2023,March,32,1,2249,4628
2023,March,32,2,1905,4629
2023,March,23,3,770,4630
2023,March,23,1,416,4631
2023,March,23,2,354,4632
2023,March,25,3,12717,4633
2023,March,25,1,6790,4634
2023,March,25,2,5927,4635
2023,March,11,3,34846,4636
2023,March,11,1,18535,4637
2023,March,11,2,16311,4638
2023,March,33,3,1194,4639
2023,March,33,1,610,4640
2023,March,33,2,584,4641
2023,March,29,3,21266,4642
2023,March,29,1,11384,4643
2023,March,29,2,9882,4644
2023,March,34,3,538,4645
2023,March,34,1,391,4646
2023,March,34,2,147,4647
2023,March,34,3,488,4648
2023,March,34,1,290,4649
2023,March,34,2,198,4650
2023,March,4,3,8185,4651
2023,March,4,1,4185,4652
2023,March,4,2,4000,4653
2023,March,19,3,1230,4654
2023,March,19,1,675,4655
2023,March,19,2,555,4656
2023,March,2,3,15565,4657
2023,March,2,1,8214,4658
2023,March,2,2,7351,4659
2023,March,5,3,5557,4660
2023,March,5,1,2856,4661
2023,March,5,2,2701,4662
2023,March,26,3,400,4663
2023,March,26,1,212,4664
2023,March,26,2,188,4665
2023,March,14,3,19387,4666
2023,March,14,1,9757,4667
2023,March,14,2,9630,4668
2023,March,30,3,178,4669
2023,March,30,1,95,4670
2023,March,30,2,83,4671
2023,March,37,3,486856,4672
2023,March,37,1,252294,4673
2023,March,37,2,234562,4674
2023,July,8,3,36647,4675
2023,July,8,1,18851,4676
2023,July,8,2,17796,4677
2023,July,12,3,4209,4678
2023,July,12,1,2234,4679
2023,July,12,2,1975,4680
2023,July,16,3,56932,4681
2023,July,16,1,30059,4682
2023,July,16,2,26873,4683
2023,July,28,3,1646,4684
2023,July,28,1,834,4685
2023,July,28,2,812,4686
2023,July,20,3,18243,4687
2023,July,20,1,9181,4688
2023,July,20,2,9062,4689
2023,July,13,3,41415,4690
2023,July,13,1,20707,4691
2023,July,13,2,20707,4692
2023,July,31,3,344,4693
2023,July,31,1,180,4694
2023,July,31,2,164,4695
2023,July,15,3,21680,4696
2023,July,15,1,11327,4697
2023,July,15,2,10353,4698
2023,July,17,3,12918,4699
2023,July,17,1,6889,4700
2023,July,17,2,6028,4701
2023,July,21,3,1165,4702
2023,July,21,1,570,4703
2023,July,21,2,594,4704
2023,July,9,3,8760,4705
2023,July,9,1,4534,4706
2023,July,9,2,4226,4707
2023,July,27,3,1037,4708
2023,July,27,1,544,4709
2023,July,27,2,493,4710
2023,July,18,3,684,4711
2023,July,18,1,342,4712
2023,July,18,2,342,4713
2023,July,22,3,694,4714
2023,July,22,1,347,4715
2023,July,22,2,347,4716
2023,July,6,3,1051,4717
2023,July,6,1,519,4718
2023,July,6,2,532,4719
2023,July,1,3,61607,4720
2023,July,1,1,32374,4721
2023,July,1,2,29234,4722
2023,July,3,3,25234,4723
2023,July,3,1,13156,4724
2023,July,3,2,12077,4725
2023,July,36,3,68,4726
2023,July,36,1,35,4727
2023,July,36,2,33,4728
2023,July,35,3,94,4729
2023,July,35,1,62,4730
2023,July,35,2,32,4731
2023,July,7,3,27232,4732
2023,July,7,1,13023,4733
2023,July,7,2,14209,4734
2023,July,10,3,30233,4735
2023,July,10,1,15401,4736
2023,July,10,2,14831,4737
2023,July,24,3,10397,4738
2023,July,24,1,5444,4739
2023,July,24,2,4954,4740
2023,July,32,3,4176,4741
2023,July,32,1,2261,4742
2023,July,32,2,1915,4743
2023,July,23,3,772,4744
2023,July,23,1,417,4745
2023,July,23,2,355,4746
2023,July,25,3,12827,4747
2023,July,25,1,6849,4748
2023,July,25,2,5979,4749
2023,July,11,3,35104,4750
2023,July,11,1,18673,4751
2023,July,11,2,16432,4752
2023,July,33,3,1201,4753
2023,July,33,1,614,4754
2023,July,33,2,587,4755
2023,July,29,3,21403,4756
2023,July,29,1,11458,4757
2023,July,29,2,9945,4758
2023,July,34,3,554,4759
2023,July,34,1,405,4760
2023,July,34,2,150,4761
2023,July,34,3,502,4762
2023,July,34,1,298,4763
2023,July,34,2,203,4764
2023,July,4,3,8248,4765
2023,July,4,1,4217,4766
2023,July,4,2,4031,4767
2023,July,19,3,1234,4768
2023,July,19,1,677,4769
2023,July,19,2,557,4770
2023,July,2,3,15674,4771
2023,July,2,1,8271,4772
2023,July,2,2,7403,4773
2023,July,5,3,5589,4774
2023,July,5,1,2872,4775
2023,July,5,2,2717,4776
2023,July,26,3,403,4777
2023,July,26,1,213,4778
2023,July,26,2,190,4779
2023,July,14,3,19517,4780
2023,July,14,1,9823,4781
2023,July,14,2,9695,4782
2023,July,30,3,179,4783
2023,July,30,1,95,4784
2023,July,30,2,83,4785
2023,July,37,3,489672,4786
2023,July,37,1,253756,4787
2023,July,37,2,235916,4788
2022,October,8,3,36204,4789
2022,October,8,1,18623,4790
2022,October,8,2,17581,4791
2022,October,12,3,4137,4792
2022,October,12,1,2196,4793
2022,October,12,2,1941,4794
2022,October,16,3,56248,4795
2022,October,16,1,29698,4796
2022,October,16,2,26550,4797
2022,October,28,3,1600,4798
2022,October,28,1,811,4799
2022,October,28,2,789,4800
2022,October,20,3,17968,4801
2022,October,20,1,9043,4802
2022,October,20,2,8925,4803
2022,October,13,3,41066,4804
2022,October,13,1,20533,4805
2022,October,13,2,20533,4806
2022,October,31,3,331,4807
2022,October,31,1,173,4808
2022,October,31,2,158,4809
2022,October,15,3,21420,4810
2022,October,15,1,11191,4811
2022,October,15,2,10229,4812
2022,October,17,3,12773,4813
2022,October,17,1,6812,4814
2022,October,17,2,5961,4815
2022,October,21,3,1143,4816
2022,October,21,1,560,4817
2022,October,21,2,583,4818
2022,October,9,3,8657,4819
2022,October,9,1,4481,4820
2022,October,9,2,4176,4821
2022,October,27,3,1006,4822
2022,October,27,1,527,4823
2022,October,27,2,479,4824
2022,October,18,3,677,4825
2022,October,18,1,339,4826
2022,October,18,2,338,4827
2022,October,22,3,688,4828
2022,October,22,1,344,4829
2022,October,22,2,344,4830
2022,October,6,3,1038,4831
2022,October,6,1,512,4832
2022,October,6,2,525,4833
2022,October,1,3,60995,4834
2022,October,1,1,32052,4835
2022,October,1,2,28943,4836
2022,October,3,3,24938,4837
2022,October,3,1,13002,4838
2022,October,3,2,11936,4839
2022,October,36,3,68,4840
2022,October,36,1,35,4841
2022,October,36,2,33,4842
2022,October,35,3,92,4843
2022,October,35,1,60,4844
2022,October,35,2,32,4845
2022,October,7,3,26585,4846
2022,October,7,1,12714,4847
2022,October,7,2,13871,4848
2022,October,10,3,29848,4849
2022,October,10,1,15205,4850
2022,October,10,2,14643,4851
2022,October,24,3,10249,4852
2022,October,24,1,5366,4853
2022,October,24,2,4883,4854
2022,October,32,3,4127,4855
2022,October,32,1,2235,4856
2022,October,32,2,1893,4857
2022,October,23,3,768,4858
2022,October,23,1,414,4859
2022,October,23,2,353,4860
2022,October,25,3,12580,4861
2022,October,25,1,6716,4862
2022,October,25,2,5863,4863
2022,October,11,3,34526,4864
2022,October,11,1,18365,4865
2022,October,11,2,16161,4866
2022,October,33,3,1184,4867
2022,October,33,1,606,4868
2022,October,33,2,579,4869
2022,October,29,3,21094,4870
2022,October,29,1,11292,4871
2022,October,29,2,9802,4872
2022,October,34,3,518,4873
2022,October,34,1,374,4874
2022,October,34,2,144,4875
2022,October,34,3,471,4876
2022,October,34,1,280,4877
2022,October,34,2,191,4878
2022,October,4,3,8106,4879
2022,October,4,1,4144,4880
2022,October,4,2,3962,4881
2022,October,19,3,1225,4882
2022,October,19,1,672,4883
2022,October,19,2,553,4884
2022,October,2,3,15430,4885
2022,October,2,1,8142,4886
2022,October,2,2,7287,4887
2022,October,5,3,5517,4888
2022,October,5,1,2835,4889
2022,October,5,2,2682,4890
2022,October,26,3,397,4891
2022,October,26,1,210,4892
2022,October,26,2,187,4893
2022,October,14,3,19226,4894
2022,October,14,1,9676,4895
2022,October,14,2,9550,4896
2022,October,30,3,177,4897
2022,October,30,1,94,4898
2022,October,30,2,82,4899
2022,October,37,3,483074,4900
2022,October,37,1,250332,4901
2022,October,37,2,232742,4902
2022,March,8,3,35861,4903
2022,March,8,1,18447,4904
2022,March,8,2,17414,4905
2022,March,12,3,4080,4906
2022,March,12,1,2166,4907
2022,March,12,2,1914,4908
2022,March,16,3,55718,4909
2022,March,16,1,29418,4910
2022,March,16,2,26300,4911
2022,March,28,3,1565,4912
2022,March,28,1,793,4913
2022,March,28,2,772,4914
2022,March,20,3,17877,4915
2022,March,20,1,8997,4916
2022,March,20,2,8880,4917
2022,March,13,3,40795,4918
2022,March,13,1,20398,4919
2022,March,13,2,20398,4920
2022,March,31,3,321,4921
2022,March,31,1,168,4922
2022,March,31,2,153,4923
2022,March,15,3,21218,4924
2022,March,15,1,11086,4925
2022,March,15,2,10132,4926
2022,March,17,3,12660,4927
2022,March,17,1,6752,4928
2022,March,17,2,5908,4929
2022,March,21,3,1127,4930
2022,March,21,1,552,4931
2022,March,21,2,575,4932
2022,March,9,3,8576,4933
2022,March,9,1,4439,4934
2022,March,9,2,4137,4935
2022,March,27,3,982,4936
2022,March,27,1,515,4937
2022,March,27,2,467,4938
2022,March,18,3,672,4939
2022,March,18,1,336,4940
2022,March,18,2,336,4941
2022,March,22,3,684,4942
2022,March,22,1,342,4943
2022,March,22,2,342,4944
2022,March,6,3,1027,4945
2022,March,6,1,507,4946
2022,March,6,2,520,4947
2022,March,1,3,60520,4948
2022,March,1,1,31802,4949
2022,March,1,2,28718,4950
2022,March,3,3,24709,4951
2022,March,3,1,12883,4952
2022,March,3,2,11826,4953
2022,March,36,3,67,4954
2022,March,36,1,34,4955
2022,March,36,2,33,4956
2022,March,35,3,90,4957
2022,March,35,1,59,4958
2022,March,35,2,31,4959
2022,March,7,3,26079,4960
2022,March,7,1,12472,4961
2022,March,7,2,13607,4962
2022,March,10,3,29550,4963
2022,March,10,1,15053,4964
2022,March,10,2,14497,4965
2022,March,24,3,10133,4966
2022,March,24,1,5305,4967
2022,March,24,2,4828,4968
2022,March,32,3,4090,4969
2022,March,32,1,2214,4970
2022,March,32,2,1876,4971
2022,March,23,3,764,4972
2022,March,23,1,412,4973
2022,March,23,2,352,4974
2022,March,25,3,12388,4975
2022,March,25,1,6614,4976
2022,March,25,2,5774,4977
2022,March,11,3,34077,4978
2022,March,11,1,18126,4979
2022,March,11,2,15951,4980
2022,March,33,3,1171,4981
2022,March,33,1,599,4982
2022,March,33,2,572,4983
2022,March,29,3,20853,4984
2022,March,29,1,11163,4985
2022,March,29,2,9690,4986
2022,March,34,3,489,4987
2022,March,34,1,350,4988
2022,March,34,2,139,4989
2022,March,34,3,448,4990
2022,March,34,1,266,4991
2022,March,34,2,182,4992
2022,March,4,3,7996,4993
2022,March,4,1,4088,4994
2022,March,4,2,3908,4995
2022,March,19,3,1218,4996
2022,March,19,1,668,4997
2022,March,19,2,550,4998
2022,March,2,3,15240,4999
2022,March,2,1,8042,5000
2022,March,2,2,7198,5001
2022,March,5,3,5462,5002
2022,March,5,1,2807,5003
2022,March,5,2,2655,5004
2022,March,26,3,393,5005
2022,March,26,1,208,5006
2022,March,26,2,185,5007
2022,March,14,3,19000,5008
2022,March,14,1,9562,5009
2022,March,14,2,9438,5010
2022,March,30,3,175,5011
2022,March,30,1,93,5012
2022,March,30,2,82,5013
2022,March,37,3,478076,5014
2022,March,37,1,247736,5015
2022,March,37,2,230340,5016
2022,July,8,3,36057,5017
2022,July,8,1,18548,5018
2022,July,8,2,17509,5019
2022,July,12,3,4112,5020
2022,July,12,1,2183,5021
2022,July,12,2,1930,5022
2022,July,16,3,56021,5023
2022,July,16,1,29578,5024
2022,July,16,2,26443,5025
2022,July,28,3,1585,5026
2022,July,28,1,803,5027
2022,July,28,2,782,5028
2022,July,20,3,17877,5029
2022,July,20,1,8997,5030
2022,July,20,2,8880,5031
2022,July,13,3,40950,5032
2022,July,13,1,20475,5033
2022,July,13,2,20475,5034
2022,July,31,3,327,5035
2022,July,31,1,171,5036
2022,July,31,2,156,5037
2022,July,15,3,21333,5038
2022,July,15,1,11146,5039
2022,July,15,2,10187,5040
2022,July,17,3,12724,5041
2022,July,17,1,6786,5042
2022,July,17,2,5938,5043
2022,July,21,3,1136,5044
2022,July,21,1,556,5045
2022,July,21,2,580,5046
2022,July,9,3,8622,5047
2022,July,9,1,4463,5048
2022,July,9,2,4159,5049
2022,July,27,3,996,5050
2022,July,27,1,522,5051
2022,July,27,2,474,5052
2022,July,18,3,675,5053
2022,July,18,1,338,5054
2022,July,18,2,337,5055
2022,July,22,3,686,5056
2022,July,22,1,343,5057
2022,July,22,2,343,5058
2022,July,6,3,1033,5059
2022,July,6,1,510,5060
2022,July,6,2,523,5061
2022,July,1,3,60791,5062
2022,July,1,1,31945,5063
2022,July,1,2,28846,5064
2022,July,3,3,24840,5065
2022,July,3,1,12951,5066
2022,July,3,2,11889,5067
2022,July,36,3,67,5068
2022,July,36,1,35,5069
2022,July,36,2,33,5070
2022,July,35,3,91,5071
2022,July,35,1,60,5072
2022,July,35,2,31,5073
2022,July,7,3,26368,5074
2022,July,7,1,12610,5075
2022,July,7,2,13758,5076
2022,July,10,3,29720,5077
2022,July,10,1,15140,5078
2022,July,10,2,14580,5079
2022,July,24,3,10199,5080
2022,July,24,1,5340,5081
2022,July,24,2,4859,5082
2022,July,32,3,4111,5083
2022,July,32,1,2226,5084
2022,July,32,2,1885,5085
2022,July,23,3,766,5086
2022,July,23,1,413,5087
2022,July,23,2,353,5088
2022,July,25,3,12498,5089
2022,July,25,1,6673,5090
2022,July,25,2,5825,5091
2022,July,11,3,34333,5092
2022,July,11,1,18262,5093
2022,July,11,2,16071,5094
2022,July,33,3,1179,5095
2022,July,33,1,603,5096
2022,July,33,2,576,5097
2022,July,29,3,20991,5098
2022,July,29,1,11237,5099
2022,July,29,2,9754,5100
2022,July,34,3,505,5101
2022,July,34,1,364,5102
2022,July,34,2,142,5103
2022,July,34,3,461,5104
2022,July,34,1,274,5105
2022,July,34,2,187,5106
2022,July,4,3,8059,5107
2022,July,4,1,4120,5108
2022,July,4,2,3939,5109
2022,July,19,3,1222,5110
2022,July,19,1,671,5111
2022,July,19,2,551,5112
2022,July,2,3,15348,5113
2022,July,2,1,8099,5114
2022,July,2,2,7249,5115
2022,July,5,3,5494,5116
2022,July,5,1,2823,5117
2022,July,5,2,2671,5118
2022,July,26,3,395,5119
2022,July,26,1,209,5120
2022,July,26,2,186,5121
2022,July,14,3,19129,5122
2022,July,14,1,9627,5123
2022,July,14,2,9502,5124
2022,July,30,3,176,5125
2022,July,30,1,94,5126
2022,July,30,2,82,5127
2022,July,37,3,480880,5128
2022,July,37,1,249195,5129
2022,July,37,2,231685,5130
2021,October,8,3,35619,5131
2021,October,8,1,18322,5132
2021,October,8,2,17296,5133
2021,October,12,3,4040,5134
2021,October,12,1,2145,5135
2021,October,12,2,1896,5136
2021,October,16,3,55342,5137
2021,October,16,1,29220,5138
2021,October,16,2,26122,5139
2021,October,28,3,1540,5140
2021,October,28,1,781,5141
2021,October,28,2,759,5142
2021,October,20,3,17605,5143
2021,October,20,1,8860,5144
2021,October,20,2,8745,5145
2021,October,13,3,40603,5146
2021,October,13,1,20301,5147
2021,October,13,2,20301,5148
2021,October,31,3,314,5149
2021,October,31,1,164,5150
2021,October,31,2,150,5151
2021,October,15,3,21075,5152
2021,October,15,1,11011,5153
2021,October,15,2,10064,5154
2021,October,17,3,12580,5155
2021,October,17,1,6710,5156
2021,October,17,2,5871,5157
2021,October,21,3,1115,5158
2021,October,21,1,546,5159
2021,October,21,2,569,5160
2021,October,9,3,8519,5161
2021,October,9,1,4409,5162
2021,October,9,2,4110,5163
2021,October,27,3,965,5164
2021,October,27,1,506,5165
2021,October,27,2,459,5166
2021,October,18,3,668,5167
2021,October,18,1,334,5168
2021,October,18,2,334,5169
2021,October,22,3,681,5170
2021,October,22,1,340,5171
2021,October,22,2,341,5172
2021,October,6,3,1020,5173
2021,October,6,1,503,5174
2021,October,6,2,516,5175
2021,October,1,3,60183,5176
2021,October,1,1,31625,5177
2021,October,1,2,28557,5178
2021,October,3,3,24546,5179
2021,October,3,1,12798,5180
2021,October,3,2,11748,5181
2021,October,36,3,67,5182
2021,October,36,1,34,5183
2021,October,36,2,32,5184
2021,October,35,3,89,5185
2021,October,35,1,58,5186
2021,October,35,2,31,5187
2021,October,7,3,25713,5188
2021,October,7,1,12297,5189
2021,October,7,2,13416,5190
2021,October,10,3,29339,5191
2021,October,10,1,14946,5192
2021,October,10,2,14393,5193
2021,October,24,3,10052,5194
2021,October,24,1,5263,5195
2021,October,24,2,4789,5196
2021,October,32,3,4063,5197
2021,October,32,1,2200,5198
2021,October,32,2,1863,5199
2021,October,23,3,762,5200
2021,October,23,1,411,5201
2021,October,23,2,351,5202
2021,October,25,3,12253,5203
2021,October,25,1,6542,5204
2021,October,25,2,5711,5205
2021,October,11,3,33760,5206
2021,October,11,1,17957,5207
2021,October,11,2,15802,5208
2021,October,33,3,1161,5209
2021,October,33,1,594,5210
2021,October,33,2,568,5211
2021,October,29,3,20680,5212
2021,October,29,1,11071,5213
2021,October,29,2,9609,5214
2021,October,34,3,469,5215
2021,October,34,1,333,5216
2021,October,34,2,136,5217
2021,October,34,3,431,5218
2021,October,34,1,256,5219
2021,October,34,2,175,5220
2021,October,4,3,7919,5221
2021,October,4,1,4048,5222
2021,October,4,2,3870,5223
2021,October,19,3,1212,5224
2021,October,19,1,665,5225
2021,October,19,2,547,5226
2021,October,2,3,15105,5227
2021,October,2,1,7971,5228
2021,October,2,2,7134,5229
2021,October,5,3,5423,5230
2021,October,5,1,2787,5231
2021,October,5,2,2636,5232
2021,October,26,3,390,5233
2021,October,26,1,206,5234
2021,October,26,2,184,5235
2021,October,14,3,18841,5236
2021,October,14,1,9482,5237
2021,October,14,2,9359,5238
2021,October,30,3,174,5239
2021,October,30,1,93,5240
2021,October,30,2,81,5241
2021,October,37,3,474314,5242
2021,October,37,1,245789,5243
2021,October,37,2,228525,5244
2021,March,8,3,35280,5245
2021,March,8,1,18148,5246
2021,March,8,2,17132,5247
2021,March,12,3,3985,5248
2021,March,12,1,2115,5249
2021,March,12,2,1870,5250
2021,March,16,3,54815,5251
2021,March,16,1,28941,5252
2021,March,16,2,25874,5253
2021,March,28,3,1505,5254
2021,March,28,1,763,5255
2021,March,28,2,742,5256
2021,March,20,3,17514,5257
2021,March,20,1,8814,5258
2021,March,20,2,8700,5259
2021,March,13,3,40334,5260
2021,March,13,1,20167,5261
2021,March,13,2,20167,5262
2021,March,31,3,304,5263
2021,March,31,1,159,5264
2021,March,31,2,145,5265
2021,March,15,3,20874,5266
2021,March,15,1,10906,5267
2021,March,15,2,9968,5268
2021,March,17,3,12469,5269
2021,March,17,1,6650,5270
2021,March,17,2,5819,5271
2021,March,21,3,1098,5272
2021,March,21,1,538,5273
2021,March,21,2,560,5274
2021,March,9,3,8439,5275
2021,March,9,1,4368,5276
2021,March,9,2,4071,5277
2021,March,27,3,941,5278
2021,March,27,1,493,5279
2021,March,27,2,448,5280
2021,March,18,3,663,5281
2021,March,18,1,332,5282
2021,March,18,2,331,5283
2021,March,22,3,676,5284
2021,March,22,1,338,5285
2021,March,22,2,338,5286
2021,March,6,3,1009,5287
2021,March,6,1,498,5288
2021,March,6,2,511,5289
2021,March,1,3,59710,5290
2021,March,1,1,31377,5291
2021,March,1,2,28333,5292
2021,March,3,3,24318,5293
2021,March,3,1,12679,5294
2021,March,3,2,11639,5295
2021,March,36,3,66,5296
2021,March,36,1,34,5297
2021,March,36,2,32,5298
2021,March,35,3,88,5299
2021,March,35,1,58,5300
2021,March,35,2,30,5301
2021,March,7,3,25200,5302
2021,March,7,1,12052,5303
2021,March,7,2,13148,5304
2021,March,10,3,29044,5305
2021,March,10,1,14796,5306
2021,March,10,2,14248,5307
2021,March,24,3,9938,5308
2021,March,24,1,5203,5309
2021,March,24,2,4735,5310
2021,March,32,3,4026,5311
2021,March,32,1,2180,5312
2021,March,32,2,1846,5313
2021,March,23,3,759,5314
2021,March,23,1,410,5315
2021,March,23,2,349,5316
2021,March,25,3,12064,5317
2021,March,25,1,6441,5318
2021,March,25,2,5623,5319
2021,March,11,3,33315,5320
2021,March,11,1,17721,5321
2021,March,11,2,15594,5322
2021,March,33,3,1148,5323
2021,March,33,1,587,5324
2021,March,33,2,561,5325
2021,March,29,3,20438,5326
2021,March,29,1,10941,5327
2021,March,29,2,9497,5328
2021,March,34,3,441,5329
2021,March,34,1,310,5330
2021,March,34,2,131,5331
2021,March,34,3,408,5332
2021,March,34,1,243,5333
2021,March,34,2,165,5334
2021,March,4,3,7810,5335
2021,March,4,1,3993,5336
2021,March,4,2,3817,5337
2021,March,19,3,1204,5338
2021,March,19,1,661,5339
2021,March,19,2,543,5340
2021,March,2,3,14917,5341
2021,March,2,1,7872,5342
2021,March,2,2,7045,5343
2021,March,5,3,5368,5344
2021,March,5,1,2758,5345
2021,March,5,2,2610,5346
2021,March,26,3,386,5347
2021,March,26,1,204,5348
2021,March,26,2,182,5349
2021,March,14,3,18618,5350
2021,March,14,1,9370,5351
2021,March,14,2,9248,5352
2021,March,30,3,172,5353
2021,March,30,1,92,5354
2021,March,30,2,80,5355
2021,March,37,3,469344,5356
2021,March,37,1,243212,5357
2021,March,37,2,226132,5358
2021,July,8,3,35474,5359
2021,July,8,1,18248,5360
2021,July,8,2,17226,5361
2021,July,12,3,4017,5362
2021,July,12,1,2132,5363
2021,July,12,2,1885,5364
2021,July,16,3,55116,5365
2021,July,16,1,29100,5366
2021,July,16,2,26016,5367
2021,July,28,3,1525,5368
2021,July,28,1,773,5369
2021,July,28,2,752,5370
2021,July,20,3,17514,5371
2021,July,20,1,8814,5372
2021,July,20,2,8700,5373
2021,July,13,3,40488,5374
2021,July,13,1,20244,5375
2021,July,13,2,20244,5376
2021,July,31,3,310,5377
2021,July,31,1,162,5378
2021,July,31,2,148,5379
2021,July,15,3,20989,5380
2021,July,15,1,10966,5381
2021,July,15,2,10023,5382
2021,July,17,3,12533,5383
2021,July,17,1,6684,5384
2021,July,17,2,5849,5385
2021,July,21,3,1108,5386
2021,July,21,1,542,5387
2021,July,21,2,565,5388
2021,July,9,3,8485,5389
2021,July,9,1,4392,5390
2021,July,9,2,4093,5391
2021,July,27,3,955,5392
2021,July,27,1,500,5393
2021,July,27,2,454,5394
2021,July,18,3,666,5395
2021,July,18,1,333,5396
2021,July,18,2,333,5397
2021,July,22,3,679,5398
2021,July,22,1,339,5399
2021,July,22,2,340,5400
2021,July,6,3,1015,5401
2021,July,6,1,501,5402
2021,July,6,2,514,5403
2021,July,1,3,59980,5404
2021,July,1,1,31519,5405
2021,July,1,2,28461,5406
2021,July,3,3,24448,5407
2021,July,3,1,12747,5408
2021,July,3,2,11702,5409
2021,July,36,3,66,5410
2021,July,36,1,34,5411
2021,July,36,2,32,5412
2021,July,35,3,89,5413
2021,July,35,1,58,5414
2021,July,35,2,31,5415
2021,July,7,3,25493,5416
2021,July,7,1,12192,5417
2021,July,7,2,13301,5418
2021,July,10,3,29213,5419
2021,July,10,1,14882,5420
2021,July,10,2,14331,5421
2021,July,24,3,10003,5422
2021,July,24,1,5237,5423
2021,July,24,2,4766,5424
2021,July,32,3,4047,5425
2021,July,32,1,2191,5426
2021,July,32,2,1856,5427
2021,July,23,3,761,5428
2021,July,23,1,411,5429
2021,July,23,2,350,5430
2021,July,25,3,12172,5431
2021,July,25,1,6499,5432
2021,July,25,2,5673,5433
2021,July,11,3,33569,5434
2021,July,11,1,17856,5435
2021,July,11,2,15713,5436
2021,July,33,3,1156,5437
2021,July,33,1,591,5438
2021,July,33,2,565,5439
2021,July,29,3,20576,5440
2021,July,29,1,11015,5441
2021,July,29,2,9561,5442
2021,July,34,3,457,5443
2021,July,34,1,323,5444
2021,July,34,2,134,5445
2021,July,34,3,421,5446
2021,July,34,1,250,5447
2021,July,34,2,171,5448
2021,July,4,3,7872,5449
2021,July,4,1,4025,5450
2021,July,4,2,3847,5451
2021,July,19,3,1209,5452
2021,July,19,1,663,5453
2021,July,19,2,545,5454
2021,July,2,3,15025,5455
2021,July,2,1,7929,5456
2021,July,2,2,7096,5457
2021,July,5,3,5399,5458
2021,July,5,1,2775,5459
2021,July,5,2,2625,5460
2021,July,26,3,388,5461
2021,July,26,1,205,5462
2021,July,26,2,183,5463
2021,July,14,3,18745,5464
2021,July,14,1,9434,5465
2021,July,14,2,9311,5466
2021,July,30,3,173,5467
2021,July,30,1,92,5468
2021,July,30,2,81,5469
2021,July,37,3,472135,5470
2021,July,37,1,244658,5471
2021,July,37,2,227477,5472
2020,October,8,3,35020,5473
2020,October,8,1,18015,5474
2020,October,8,2,17006,5475
2020,October,12,3,3944,5476
2020,October,12,1,2094,5477
2020,October,12,2,1851,5478
2020,October,16,3,54385,5479
2020,October,16,1,28714,5480
2020,October,16,2,25671,5481
2020,October,28,3,1480,5482
2020,October,28,1,750,5483
2020,October,28,2,730,5484
2020,October,20,3,17232,5485
2020,October,20,1,8672,5486
2020,October,20,2,8560,5487
2020,October,13,3,40116,5488
2020,October,13,1,20058,5489
2020,October,13,2,20058,5490
2020,October,31,3,297,5491
2020,October,31,1,155,5492
2020,October,31,2,142,5493
2020,October,15,3,20717,5494
2020,October,15,1,10824,5495
2020,October,15,2,9893,5496
2020,October,17,3,12383,5497
2020,October,17,1,6604,5498
2020,October,17,2,5779,5499
2020,October,21,3,1088,5500
2020,October,21,1,533,5501
2020,October,21,2,555,5502
2020,October,9,3,8378,5503
2020,October,9,1,4337,5504
2020,October,9,2,4042,5505
2020,October,27,3,924,5506
2020,October,27,1,484,5507
2020,October,27,2,440,5508
2020,October,18,3,659,5509
2020,October,18,1,330,5510
2020,October,18,2,329,5511
2020,October,22,3,673,5512
2020,October,22,1,336,5513
2020,October,22,2,337,5514
2020,October,6,3,1002,5515
2020,October,6,1,494,5516
2020,October,6,2,507,5517
2020,October,1,3,59342,5518
2020,October,1,1,31183,5519
2020,October,1,2,28158,5520
2020,October,3,3,24143,5521
2020,October,3,1,12587,5522
2020,October,3,2,11555,5523
2020,October,36,3,66,5524
2020,October,36,1,34,5525
2020,October,36,2,32,5526
2020,October,35,3,87,5527
2020,October,35,1,57,5528
2020,October,35,2,30,5529
2020,October,7,3,24820,5530
2020,October,7,1,11870,5531
2020,October,7,2,12950,5532
2020,October,10,3,28817,5533
2020,October,10,1,14680,5534
2020,October,10,2,14137,5535
2020,October,24,3,9853,5536
2020,October,24,1,5159,5537
2020,October,24,2,4694,5538
2020,October,32,3,3999,5539
2020,October,32,1,2165,5540
2020,October,32,2,1834,5541
2020,October,23,3,756,5542
2020,October,23,1,408,5543
2020,October,23,2,348,5544
2020,October,25,3,11923,5545
2020,October,25,1,6366,5546
2020,October,25,2,5557,5547
2020,October,11,3,32988,5548
2020,October,11,1,17547,5549
2020,October,11,2,15441,5550
2020,October,33,3,1138,5551
2020,October,33,1,582,5552
2020,October,33,2,556,5553
2020,October,29,3,20271,5554
2020,October,29,1,10852,5555
2020,October,29,2,9419,5556
2020,October,34,3,428,5557
2020,October,34,1,300,5558
2020,October,34,2,129,5559
2020,October,34,3,396,5560
2020,October,34,1,235,5561
2020,October,34,2,160,5562
2020,October,4,3,7729,5563
2020,October,4,1,3951,5564
2020,October,4,2,3777,5565
2020,October,19,3,1198,5566
2020,October,19,1,657,5567
2020,October,19,2,540,5568
2020,October,2,3,14787,5569
2020,October,2,1,7803,5570
2020,October,2,2,6984,5571
2020,October,5,3,5326,5572
2020,October,5,1,2737,5573
2020,October,5,2,2589,5574
2020,October,26,3,383,5575
2020,October,26,1,203,5576
2020,October,26,2,180,5577
2020,October,14,3,18446,5578
2020,October,14,1,9284,5579
2020,October,14,2,9163,5580
2020,October,30,3,171,5581
2020,October,30,1,91,5582
2020,October,30,2,80,5583
2020,October,37,3,465363,5584
2020,October,37,1,241151,5585
2020,October,37,2,224213,5586
2020,March,8,3,34657,5587
2020,March,8,1,17828,5588
2020,March,8,2,16829,5589
2020,March,12,3,3887,5590
2020,March,12,1,2063,5591
2020,March,12,2,1824,5592
2020,March,16,3,53783,5593
2020,March,16,1,28397,5594
2020,March,16,2,25386,5595
2020,March,28,3,1446,5596
2020,March,28,1,733,5597
2020,March,28,2,713,5598
2020,March,20,3,17135,5599
2020,March,20,1,8623,5600
2020,March,20,2,8511,5601
2020,March,13,3,39811,5602
2020,March,13,1,19906,5603
2020,March,13,2,19906,5604
2020,March,31,3,287,5605
2020,March,31,1,150,5606
2020,March,31,2,137,5607
2020,March,15,3,20497,5608
2020,March,15,1,10709,5609
2020,March,15,2,9788,5610
2020,March,17,3,12262,5611
2020,March,17,1,6540,5612
2020,March,17,2,5722,5613
2020,March,21,3,1073,5614
2020,March,21,1,525,5615
2020,March,21,2,548,5616
2020,March,9,3,8293,5617
2020,March,9,1,4292,5618
2020,March,9,2,4001,5619
2020,March,27,3,901,5620
2020,March,27,1,472,5621
2020,March,27,2,429,5622
2020,March,18,3,654,5623
2020,March,18,1,327,5624
2020,March,18,2,327,5625
2020,March,22,3,668,5626
2020,March,22,1,334,5627
2020,March,22,2,334,5628
2020,March,6,3,991,5629
2020,March,6,1,489,5630
2020,March,6,2,502,5631
2020,March,1,3,58826,5632
2020,March,1,1,30912,5633
2020,March,1,2,27914,5634
2020,March,3,3,23897,5635
2020,March,3,1,12459,5636
2020,March,3,2,11438,5637
2020,March,36,3,65,5638
2020,March,36,1,33,5639
2020,March,36,2,32,5640
2020,March,35,3,85,5641
2020,March,35,1,56,5642
2020,March,35,2,29,5643
2020,March,7,3,24287,5644
2020,March,7,1,11615,5645
2020,March,7,2,12672,5646
2020,March,10,3,28500,5647
2020,March,10,1,14519,5648
2020,March,10,2,13981,5649
2020,March,24,3,9734,5650
2020,March,24,1,5096,5651
2020,March,24,2,4638,5652
2020,March,32,3,3961,5653
2020,March,32,1,2145,5654
2020,March,32,2,1816,5655
2020,March,23,3,752,5656
2020,March,23,1,406,5657
2020,March,23,2,346,5658
2020,March,25,3,11726,5659
2020,March,25,1,6261,5660
2020,March,25,2,5465,5661
2020,March,11,3,32529,5662
2020,March,11,1,17303,5663
2020,March,11,2,15226,5664
2020,March,33,3,1124,5665
2020,March,33,1,575,5666
2020,March,33,2,549,5667
2020,March,29,3,20037,5668
2020,March,29,1,10726,5669
2020,March,29,2,9311,5670
2020,March,34,3,410,5671
2020,March,34,1,285,5672
2020,March,34,2,125,5673
2020,March,34,3,378,5674
2020,March,34,1,225,5675
2020,March,34,2,153,5676
2020,March,4,3,7615,5677
2020,March,4,1,3893,5678
2020,March,4,2,3722,5679
2020,March,19,3,1189,5680
2020,March,19,1,653,5681
2020,March,19,2,536,5682
2020,March,2,3,14604,5683
2020,March,2,1,7707,5684
2020,March,2,2,6897,5685
2020,March,5,3,5268,5686
2020,March,5,1,2707,5687
2020,March,5,2,2561,5688
2020,March,26,3,379,5689
2020,March,26,1,201,5690
2020,March,26,2,178,5691
2020,March,14,3,18206,5692
2020,March,14,1,9163,5693
2020,March,14,2,9043,5694
2020,March,30,3,169,5695
2020,March,30,1,90,5696
2020,March,30,2,79,5697
2020,March,37,3,460086,5698
2020,March,37,1,238418,5699
2020,March,37,2,221668,5700
2020,July,8,3,34865,5701
2020,July,8,1,17934,5702
2020,July,8,2,16930,5703
2020,July,12,3,3920,5704
2020,July,12,1,2081,5705
2020,July,12,2,1839,5706
2020,July,16,3,54127,5707
2020,July,16,1,28578,5708
2020,July,16,2,25549,5709
2020,July,28,3,1466,5710
2020,July,28,1,743,5711
2020,July,28,2,723,5712
2020,July,20,3,17135,5713
2020,July,20,1,8623,5714
2020,July,20,2,8511,5715
2020,July,13,3,39985,5716
2020,July,13,1,19993,5717
2020,July,13,2,19993,5718
2020,July,31,3,293,5719
2020,July,31,1,153,5720
2020,July,31,2,140,5721
2020,July,15,3,20623,5722
2020,July,15,1,10775,5723
2020,July,15,2,9848,5724
2020,July,17,3,12331,5725
2020,July,17,1,6577,5726
2020,July,17,2,5754,5727
2020,July,21,3,1081,5728
2020,July,21,1,530,5729
2020,July,21,2,552,5730
2020,July,9,3,8342,5731
2020,July,9,1,4318,5732
2020,July,9,2,4024,5733
2020,July,27,3,914,5734
2020,July,27,1,479,5735
2020,July,27,2,435,5736
2020,July,18,3,657,5737
2020,July,18,1,329,5738
2020,July,18,2,328,5739
2020,July,22,3,671,5740
2020,July,22,1,335,5741
2020,July,22,2,336,5742
2020,July,6,3,997,5743
2020,July,6,1,492,5744
2020,July,6,2,505,5745
2020,July,1,3,59121,5746
2020,July,1,1,31067,5747
2020,July,1,2,28054,5748
2020,July,3,3,24037,5749
2020,July,3,1,12532,5750
2020,July,3,2,11505,5751
2020,July,36,3,65,5752
2020,July,36,1,34,5753
2020,July,36,2,32,5754
2020,July,35,3,86,5755
2020,July,35,1,56,5756
2020,July,35,2,30,5757
2020,July,7,3,24591,5758
2020,July,7,1,11761,5759
2020,July,7,2,12831,5760
2020,July,10,3,28681,5761
2020,July,10,1,14611,5762
2020,July,10,2,14070,5763
2020,July,24,3,9802,5764
2020,July,24,1,5132,5765
2020,July,24,2,4670,5766
2020,July,32,3,3983,5767
2020,July,32,1,2156,5768
2020,July,32,2,1826,5769
2020,July,23,3,754,5770
2020,July,23,1,407,5771
2020,July,23,2,347,5772
2020,July,25,3,11839,5773
2020,July,25,1,6321,5774
2020,July,25,2,5518,5775
2020,July,11,3,32791,5776
2020,July,11,1,17442,5777
2020,July,11,2,15349,5778
2020,July,33,3,1132,5779
2020,July,33,1,579,5780
2020,July,33,2,553,5781
2020,July,29,3,20171,5782
2020,July,29,1,10798,5783
2020,July,29,2,9373,5784
2020,July,34,3,420,5785
2020,July,34,1,293,5786
2020,July,34,2,127,5787
2020,July,34,3,388,5788
2020,July,34,1,231,5789
2020,July,34,2,157,5790
2020,July,4,3,7680,5791
2020,July,4,1,3926,5792
2020,July,4,2,3754,5793
2020,July,19,3,1194,5794
2020,July,19,1,655,5795
2020,July,19,2,539,5796
2020,July,2,3,14708,5797
2020,July,2,1,7762,5798
2020,July,2,2,6947,5799
2020,July,5,3,5301,5800
2020,July,5,1,2724,5801
2020,July,5,2,2577,5802
2020,July,26,3,381,5803
2020,July,26,1,202,5804
2020,July,26,2,180,5805
2020,July,14,3,18343,5806
2020,July,14,1,9232,5807
2020,July,14,2,9112,5808
2020,July,30,3,170,5809
2020,July,30,1,91,5810
2020,July,30,2,79,5811
2020,July,37,3,463049,5812
2020,July,37,1,239952,5813
2020,July,37,2,223097,5814
2019,October,8,3,34401,5815
2019,October,8,1,17696,5816
2019,October,8,2,16705,5817
2019,October,12,3,3847,5818
2019,October,12,1,2042,5819
2019,October,12,2,1805,5820
2019,October,16,3,53356,5821
2019,October,16,1,28171,5822
2019,October,16,2,25185,5823
2019,October,28,3,1422,5824
2019,October,28,1,721,5825
2019,October,28,2,701,5826
2019,October,20,3,16844,5827
2019,October,20,1,8477,5828
2019,October,20,2,8367,5829
2019,October,13,3,39595,5830
2019,October,13,1,19797,5831
2019,October,13,2,19797,5832
2019,October,31,3,280,5833
2019,October,31,1,147,5834
2019,October,31,2,134,5835
2019,October,15,3,20341,5836
2019,October,15,1,10628,5837
2019,October,15,2,9714,5838
2019,October,17,3,12176,5839
2019,October,17,1,6494,5840
2019,October,17,2,5682,5841
2019,October,21,3,1062,5842
2019,October,21,1,520,5843
2019,October,21,2,542,5844
2019,October,9,3,8233,5845
2019,October,9,1,4261,5846
2019,October,9,2,3972,5847
2019,October,27,3,884,5848
2019,October,27,1,463,5849
2019,October,27,2,421,5850
2019,October,18,3,650,5851
2019,October,18,1,325,5852
2019,October,18,2,325,5853
2019,October,22,3,665,5854
2019,October,22,1,332,5855
2019,October,22,2,332,5856
2019,October,6,3,984,5857
2019,October,6,1,485,5858
2019,October,6,2,498,5859
2019,October,1,3,58460,5860
2019,October,1,1,30720,5861
2019,October,1,2,27740,5862
2019,October,3,3,23722,5863
2019,October,3,1,12368,5864
2019,October,3,2,11354,5865
2019,October,36,3,65,5866
2019,October,36,1,33,5867
2019,October,36,2,31,5868
2019,October,35,3,84,5869
2019,October,35,1,55,5870
2019,October,35,2,29,5871
2019,October,7,3,23905,5872
2019,October,7,1,11432,5873
2019,October,7,2,12472,5874
2019,October,10,3,28275,5875
2019,October,10,1,14404,5876
2019,October,10,2,13871,5877
2019,October,24,3,9649,5878
2019,October,24,1,5052,5879
2019,October,24,2,4597,5880
2019,October,32,3,3934,5881
2019,October,32,1,2130,5882
2019,October,32,2,1804,5883
2019,October,23,3,750,5884
2019,October,23,1,404,5885
2019,October,23,2,345,5886
2019,October,25,3,11587,5887
2019,October,25,1,6186,5888
2019,October,25,2,5401,5889
2019,October,11,3,32204,5890
2019,October,11,1,17130,5891
2019,October,11,2,15074,5892
2019,October,33,3,1114,5893
2019,October,33,1,570,5894
2019,October,33,2,544,5895
2019,October,29,3,19869,5896
2019,October,29,1,10637,5897
2019,October,29,2,9233,5898
2019,October,34,3,397,5899
2019,October,34,1,275,5900
2019,October,34,2,122,5901
2019,October,34,3,366,5902
2019,October,34,1,218,5903
2019,October,34,2,148,5904
2019,October,4,3,7535,5905
2019,October,4,1,3852,5906
2019,October,4,2,3683,5907
2019,October,19,3,1182,5908
2019,October,19,1,649,5909
2019,October,19,2,533,5910
2019,October,2,3,14474,5911
2019,October,2,1,7638,5912
2019,October,2,2,6836,5913
2019,October,5,3,5227,5914
2019,October,5,1,2686,5915
2019,October,5,2,2541,5916
2019,October,26,3,376,5917
2019,October,26,1,199,5918
2019,October,26,2,177,5919
2019,October,14,3,18036,5920
2019,October,14,1,9077,5921
2019,October,14,2,8959,5922
2019,October,30,3,168,5923
2019,October,30,1,90,5924
2019,October,30,2,78,5925
2019,October,37,3,456116,5926
2019,October,37,1,236364,5927
2019,October,37,2,219752,5928
2019,March,8,3,34042,5929
2019,March,8,1,17511,5930
2019,March,8,2,16531,5931
2019,March,12,3,3790,5932
2019,March,12,1,2012,5933
2019,March,12,2,1778,5934
2019,March,16,3,52759,5935
2019,March,16,1,27856,5936
2019,March,16,2,24903,5937
2019,March,28,3,1388,5938
2019,March,28,1,703,5939
2019,March,28,2,685,5940
2019,March,20,3,16748,5941
2019,March,20,1,8429,5942
2019,March,20,2,8319,5943
2019,March,13,3,39292,5944
2019,March,13,1,19646,5945
2019,March,13,2,19646,5946
2019,March,31,3,271,5947
2019,March,31,1,142,5948
2019,March,31,2,129,5949
2019,March,15,3,20123,5950
2019,March,15,1,10514,5951
2019,March,15,2,9609,5952
2019,March,17,3,12056,5953
2019,March,17,1,6430,5954
2019,March,17,2,5626,5955
2019,March,21,3,1047,5956
2019,March,21,1,513,5957
2019,March,21,2,534,5958
2019,March,9,3,8149,5959
2019,March,9,1,4218,5960
2019,March,9,2,3931,5961
2019,March,27,3,861,5962
2019,March,27,1,451,5963
2019,March,27,2,410,5964
2019,March,18,3,645,5965
2019,March,18,1,323,5966
2019,March,18,2,322,5967
2019,March,22,3,660,5968
2019,March,22,1,330,5969
2019,March,22,2,330,5970
2019,March,6,3,973,5971
2019,March,6,1,480,5972
2019,March,6,2,493,5973
2019,March,1,3,57947,5974
2019,March,1,1,30450,5975
2019,March,1,2,27497,5976
2019,March,3,3,23478,5977
2019,March,3,1,12241,5978
2019,March,3,2,11237,5979
2019,March,36,3,64,5980
2019,March,36,1,33,5981
2019,March,36,2,31,5982
2019,March,35,3,82,5983
2019,March,35,1,54,5984
2019,March,35,2,28,5985
2019,March,7,3,23369,5986
2019,March,7,1,11176,5987
2019,March,7,2,12193,5988
2019,March,10,3,27960,5989
2019,March,10,1,14244,5990
2019,March,10,2,13716,5991
2019,March,24,3,9531,5992
2019,March,24,1,4990,5993
2019,March,24,2,4541,5994
2019,March,32,3,3897,5995
2019,March,32,1,2110,5996
2019,March,32,2,1787,5997
2019,March,23,3,746,5998
2019,March,23,1,403,5999
2019,March,23,2,343,6000
2019,March,25,3,11392,6001
2019,March,25,1,6082,6002
2019,March,25,2,5310,6003
2019,March,11,3,31750,6004
2019,March,11,1,16888,6005
2019,March,11,2,14862,6006
2019,March,33,3,1100,6007
2019,March,33,1,562,6008
2019,March,33,2,538,6009
2019,March,29,3,19634,6010
2019,March,29,1,10511,6011
2019,March,29,2,9123,6012
2019,March,34,3,379,6013
2019,March,34,1,261,6014
2019,March,34,2,118,6015
2019,March,34,3,349,6016
2019,March,34,1,207,6017
2019,March,34,2,142,6018
2019,March,4,3,7422,6019
2019,March,4,1,3794,6020
2019,March,4,2,3628,6021
2019,March,19,3,1173,6022
2019,March,19,1,644,6023
2019,March,19,2,529,6024
2019,March,2,3,14293,6025
2019,March,2,1,7542,6026
2019,March,2,2,6751,6027
2019,March,5,3,5169,6028
2019,March,5,1,2656,6029
2019,March,5,2,2513,6030
2019,March,26,3,372,6031
2019,March,26,1,197,6032
2019,March,26,2,175,6033
2019,March,14,3,17799,6034
2019,March,14,1,8958,6035
2019,March,14,2,8841,6036
2019,March,30,3,167,6037
2019,March,30,1,89,6038
2019,March,30,2,78,6039
2019,March,37,3,450877,6040
2019,March,37,1,233650,6041
2019,March,37,2,217227,6042
2019,July,8,3,34247,6043
2019,July,8,1,17617,6044
2019,July,8,2,16630,6045
2019,July,12,3,3822,6046
2019,July,12,1,2029,6047
2019,July,12,2,1793,6048
2019,July,16,3,53100,6049
2019,July,16,1,28036,6050
2019,July,16,2,25064,6051
2019,July,28,3,1407,6052
2019,July,28,1,713,6053
2019,July,28,2,694,6054
2019,July,20,3,16748,6055
2019,July,20,1,8429,6056
2019,July,20,2,8319,6057
2019,July,13,3,39465,6058
2019,July,13,1,19733,6059
2019,July,13,2,19733,6060
2019,July,31,3,276,6061
2019,July,31,1,144,6062
2019,July,31,2,132,6063
2019,July,15,3,20248,6064
2019,July,15,1,10579,6065
2019,July,15,2,9669,6066
2019,July,17,3,12125,6067
2019,July,17,1,6466,6068
2019,July,17,2,5658,6069
2019,July,21,3,1056,6070
2019,July,21,1,517,6071
2019,July,21,2,539,6072
2019,July,9,3,8197,6073
2019,July,9,1,4243,6074
2019,July,9,2,3954,6075
2019,July,27,3,874,6076
2019,July,27,1,458,6077
2019,July,27,2,416,6078
2019,July,18,3,648,6079
2019,July,18,1,324,6080
2019,July,18,2,324,6081
2019,July,22,3,663,6082
2019,July,22,1,331,6083
2019,July,22,2,331,6084
2019,July,6,3,979,6085
2019,July,6,1,483,6086
2019,July,6,2,496,6087
2019,July,1,3,58240,6088
2019,July,1,1,30604,6089
2019,July,1,2,27636,6090
2019,July,3,3,23618,6091
2019,July,3,1,12314,6092
2019,July,3,2,11304,6093
2019,July,36,3,64,6094
2019,July,36,1,33,6095
2019,July,36,2,31,6096
2019,July,35,3,83,6097
2019,July,35,1,54,6098
2019,July,35,2,29,6099
2019,July,7,3,23675,6100
2019,July,7,1,11322,6101
2019,July,7,2,12353,6102
2019,July,10,3,28140,6103
2019,July,10,1,14335,6104
2019,July,10,2,13805,6105
2019,July,24,3,9599,6106
2019,July,24,1,5025,6107
2019,July,24,2,4573,6108
2019,July,32,3,3918,6109
2019,July,32,1,2121,6110
2019,July,32,2,1797,6111
2019,July,23,3,748,6112
2019,July,23,1,404,6113
2019,July,23,2,344,6114
2019,July,25,3,11503,6115
2019,July,25,1,6142,6116
2019,July,25,2,5362,6117
2019,July,11,3,32010,6118
2019,July,11,1,17026,6119
2019,July,11,2,14983,6120
2019,July,33,3,1108,6121
2019,July,33,1,566,6122
2019,July,33,2,542,6123
2019,July,29,3,19768,6124
2019,July,29,1,10583,6125
2019,July,29,2,9186,6126
2019,July,34,3,389,6127
2019,July,34,1,269,6128
2019,July,34,2,120,6129
2019,July,34,3,359,6130
2019,July,34,1,213,6131
2019,July,34,2,145,6132
2019,July,4,3,7486,6133
2019,July,4,1,3827,6134
2019,July,4,2,3659,6135
2019,July,19,3,1178,6136
2019,July,19,1,647,6137
2019,July,19,2,532,6138
2019,July,2,3,14397,6139
2019,July,2,1,7597,6140
2019,July,2,2,6799,6141
2019,July,5,3,5202,6142
2019,July,5,1,2673,6143
2019,July,5,2,2529,6144
2019,July,26,3,374,6145
2019,July,26,1,198,6146
2019,July,26,2,176,6147
2019,July,14,3,17935,6148
2019,July,14,1,9026,6149
2019,July,14,2,8909,6150
2019,July,30,3,168,6151
2019,July,30,1,89,6152
2019,July,30,2,78,6153
2019,July,37,3,453814,6154
2019,July,37,1,235170,6155
2019,July,37,2,218644,6156
2018,October,8,3,33788,6157
2018,October,8,1,17381,6158
2018,October,8,2,16407,6159
2018,October,12,3,3750,6160
2018,October,12,1,1990,6161
2018,October,12,2,1760,6162
2018,October,16,3,52335,6163
2018,October,16,1,27632,6164
2018,October,16,2,24703,6165
2018,October,28,3,1364,6166
2018,October,28,1,691,6167
2018,October,28,2,673,6168
2018,October,20,3,16460,6169
2018,October,20,1,8284,6170
2018,October,20,2,8176,6171
2018,October,13,3,39077,6172
2018,October,13,1,19539,6173
2018,October,13,2,19539,6174
2018,October,31,3,264,6175
2018,October,31,1,138,6176
2018,October,31,2,126,6177
2018,October,15,3,19968,6178
2018,October,15,1,10432,6179
2018,October,15,2,9535,6180
2018,October,17,3,11971,6181
2018,October,17,1,6385,6182
2018,October,17,2,5586,6183
2018,October,21,3,1036,6184
2018,October,21,1,507,6185
2018,October,21,2,529,6186
2018,October,9,3,8089,6187
2018,October,9,1,4187,6188
2018,October,9,2,3902,6189
2018,October,27,3,845,6190
2018,October,27,1,443,6191
2018,October,27,2,402,6192
2018,October,18,3,641,6193
2018,October,18,1,321,6194
2018,October,18,2,320,6195
2018,October,22,3,657,6196
2018,October,22,1,328,6197
2018,October,22,2,328,6198
2018,October,6,3,966,6199
2018,October,6,1,477,6200
2018,October,6,2,489,6201
2018,October,1,3,57583,6202
2018,October,1,1,30259,6203
2018,October,1,2,27324,6204
2018,October,3,3,23304,6205
2018,October,3,1,12150,6206
2018,October,3,2,11154,6207
2018,October,36,3,64,6208
2018,October,36,1,33,6209
2018,October,36,2,31,6210
2018,October,35,3,81,6211
2018,October,35,1,53,6212
2018,October,35,2,28,6213
2018,October,7,3,22985,6214
2018,October,7,1,10992,6215
2018,October,7,2,11993,6216
2018,October,10,3,27738,6217
2018,October,10,1,14130,6218
2018,October,10,2,13607,6219
2018,October,24,3,9447,6220
2018,October,24,1,4946,6221
2018,October,24,2,4501,6222
2018,October,32,3,3870,6223
2018,October,32,1,2095,6224
2018,October,32,2,1775,6225
2018,October,23,3,743,6226
2018,October,23,1,401,6227
2018,October,23,2,342,6228
2018,October,25,3,11255,6229
2018,October,25,1,6009,6230
2018,October,25,2,5246,6231
2018,October,11,3,31428,6232
2018,October,11,1,16717,6233
2018,October,11,2,14711,6234
2018,October,33,3,1090,6235
2018,October,33,1,557,6236
2018,October,33,2,533,6237
2018,October,29,3,19465,6238
2018,October,29,1,10420,6239
2018,October,29,2,9045,6240
2018,October,34,3,366,6241
2018,October,34,1,251,6242
2018,October,34,2,115,6243
2018,October,34,3,337,6244
2018,October,34,1,200,6245
2018,October,34,2,137,6246
2018,October,4,3,7343,6247
2018,October,4,1,3754,6248
2018,October,4,2,3589,6249
2018,October,19,3,1166,6250
2018,October,19,1,640,6251
2018,October,19,2,526,6252
2018,October,2,3,14165,6253
2018,October,2,1,7475,6254
2018,October,2,2,6690,6255
2018,October,5,3,5129,6256
2018,October,5,1,2635,6257
2018,October,5,2,2493,6258
2018,October,26,3,369,6259
2018,October,26,1,195,6260
2018,October,26,2,174,6261
2018,October,14,3,17632,6262
2018,October,14,1,8873,6263
2018,October,14,2,8758,6264
2018,October,30,3,166,6265
2018,October,30,1,88,6266
2018,October,30,2,77,6267
2018,October,37,3,446932,6268
2018,October,37,1,231608,6269
2018,October,37,2,215324,6270
2018,March,8,3,33432,6271
2018,March,8,1,17198,6272
2018,March,8,2,16234,6273
2018,March,12,3,3694,6274
2018,March,12,1,1961,6275
2018,March,12,2,1733,6276
2018,March,16,3,51742,6277
2018,March,16,1,27319,6278
2018,March,16,2,24423,6279
2018,March,28,3,1331,6280
2018,March,28,1,675,6281
2018,March,28,2,656,6282
2018,March,20,3,16365,6283
2018,March,20,1,8236,6284
2018,March,20,2,8129,6285
2018,March,13,3,38776,6286
2018,March,13,1,19388,6287
2018,March,13,2,19388,6288
2018,March,31,3,255,6289
2018,March,31,1,133,6290
2018,March,31,2,122,6291
2018,March,15,3,19750,6292
2018,March,15,1,10319,6293
2018,March,15,2,9431,6294
2018,March,17,3,11852,6295
2018,March,17,1,6321,6296
2018,March,17,2,5531,6297
2018,March,21,3,1021,6298
2018,March,21,1,500,6299
2018,March,21,2,521,6300
2018,March,9,3,8006,6301
2018,March,9,1,4144,6302
2018,March,9,2,3862,6303
2018,March,27,3,823,6304
2018,March,27,1,431,6305
2018,March,27,2,392,6306
2018,March,18,3,635,6307
2018,March,18,1,318,6308
2018,March,18,2,317,6309
2018,March,22,3,652,6310
2018,March,22,1,326,6311
2018,March,22,2,326,6312
2018,March,6,3,955,6313
2018,March,6,1,471,6314
2018,March,6,2,484,6315
2018,March,1,3,57073,6316
2018,March,1,1,29991,6317
2018,March,1,2,27082,6318
2018,March,3,3,23061,6319
2018,March,3,1,12023,6320
2018,March,3,2,11038,6321
2018,March,36,3,63,6322
2018,March,36,1,32,6323
2018,March,36,2,31,6324
2018,March,35,3,80,6325
2018,March,35,1,52,6326
2018,March,35,2,28,6327
2018,March,7,3,22447,6328
2018,March,7,1,10735,6329
2018,March,7,2,11712,6330
2018,March,10,3,27426,6331
2018,March,10,1,13971,6332
2018,March,10,2,13455,6333
2018,March,24,3,9330,6334
2018,March,24,1,4885,6335
2018,March,24,2,4445,6336
2018,March,32,3,3833,6337
2018,March,32,1,2075,6338
2018,March,32,2,1758,6339
2018,March,23,3,739,6340
2018,March,23,1,399,6341
2018,March,23,2,340,6342
2018,March,25,3,11063,6343
2018,March,25,1,5907,6344
2018,March,25,2,5156,6345
2018,March,11,3,30978,6346
2018,March,11,1,16478,6347
2018,March,11,2,14500,6348
2018,March,33,3,1076,6349
2018,March,33,1,550,6350
2018,March,33,2,526,6351
2018,March,29,3,19229,6352
2018,March,29,1,10294,6353
2018,March,29,2,8935,6354
2018,March,34,3,348,6355
2018,March,34,1,236,6356
2018,March,34,2,112,6357
2018,March,34,3,320,6358
2018,March,34,1,190,6359
2018,March,34,2,130,6360
2018,March,4,3,7232,6361
2018,March,4,1,3697,6362
2018,March,4,2,3535,6363
2018,March,19,3,1156,6364
2018,March,19,1,634,6365
2018,March,19,2,522,6366
2018,March,2,3,13985,6367
2018,March,2,1,7380,6368
2018,March,2,2,6605,6369
2018,March,5,3,5072,6370
2018,March,5,1,2606,6371
2018,March,5,2,2466,6372
2018,March,26,3,365,6373
2018,March,26,1,193,6374
2018,March,26,2,172,6375
2018,March,14,3,17397,6376
2018,March,14,1,8755,6377
2018,March,14,2,8642,6378
2018,March,30,3,164,6379
2018,March,30,1,88,6380
2018,March,30,2,76,6381
2018,March,37,3,441726,6382
2018,March,37,1,228911,6383
2018,March,37,2,212815,6384
2018,July,8,3,33635,6385
2018,July,8,1,17302,6386
2018,July,8,2,16333,6387
2018,July,12,3,3726,6388
2018,July,12,1,1978,6389
2018,July,12,2,1748,6390
2018,July,16,3,52081,6391
2018,July,16,1,27498,6392
2018,July,16,2,24583,6393
2018,July,28,3,1350,6394
2018,July,28,1,684,6395
2018,July,28,2,666,6396
2018,July,20,3,16365,6397
2018,July,20,1,8236,6398
2018,July,20,2,8129,6399
2018,July,13,3,38948,6400
2018,July,13,1,19474,6401
2018,July,13,2,19474,6402
2018,July,31,3,260,6403
2018,July,31,1,136,6404
2018,July,31,2,124,6405
2018,July,15,3,19874,6406
2018,July,15,1,10384,6407
2018,July,15,2,9491,6408
2018,July,17,3,11920,6409
2018,July,17,1,6357,6410
2018,July,17,2,5563,6411
2018,July,21,3,1030,6412
2018,July,21,1,504,6413
2018,July,21,2,525,6414
2018,July,9,3,8054,6415
2018,July,9,1,4169,6416
2018,July,9,2,3885,6417
2018,July,27,3,836,6418
2018,July,27,1,438,6419
2018,July,27,2,398,6420
2018,July,18,3,638,6421
2018,July,18,1,319,6422
2018,July,18,2,319,6423
2018,July,22,3,655,6424
2018,July,22,1,327,6425
2018,July,22,2,327,6426
2018,July,6,3,961,6427
2018,July,6,1,474,6428
2018,July,6,2,487,6429
2018,July,1,3,57364,6430
2018,July,1,1,30144,6431
2018,July,1,2,27220,6432
2018,July,3,3,23200,6433
2018,July,3,1,12096,6434
2018,July,3,2,11104,6435
2018,July,36,3,63,6436
2018,July,36,1,33,6437
2018,July,36,2,31,6438
2018,July,35,3,81,6439
2018,July,35,1,53,6440
2018,July,35,2,28,6441
2018,July,7,3,22754,6442
2018,July,7,1,10882,6443
2018,July,7,2,11872,6444
2018,July,10,3,27604,6445
2018,July,10,1,14062,6446
2018,July,10,2,13542,6447
2018,July,24,3,9397,6448
2018,July,24,1,4920,6449
2018,July,24,2,4477,6450
2018,July,32,3,3854,6451
2018,July,32,1,2087,6452
2018,July,32,2,1768,6453
2018,July,23,3,741,6454
2018,July,23,1,400,6455
2018,July,23,2,341,6456
2018,July,25,3,11173,6457
2018,July,25,1,5965,6458
2018,July,25,2,5208,6459
2018,July,11,3,31235,6460
2018,July,11,1,16615,6461
2018,July,11,2,14621,6462
2018,July,33,3,1084,6463
2018,July,33,1,554,6464
2018,July,33,2,530,6465
2018,July,29,3,19364,6466
2018,July,29,1,10366,6467
2018,July,29,2,8998,6468
2018,July,34,3,358,6469
2018,July,34,1,245,6470
2018,July,34,2,114,6471
2018,July,34,3,330,6472
2018,July,34,1,196,6473
2018,July,34,2,134,6474
2018,July,4,3,7295,6475
2018,July,4,1,3730,6476
2018,July,4,2,3566,6477
2018,July,19,3,1162,6478
2018,July,19,1,638,6479
2018,July,19,2,524,6480
2018,July,2,3,14088,6481
2018,July,2,1,7434,6482
2018,July,2,2,6654,6483
2018,July,5,3,5104,6484
2018,July,5,1,2623,6485
2018,July,5,2,2481,6486
2018,July,26,3,367,6487
2018,July,26,1,194,6488
2018,July,26,2,173,6489
2018,July,14,3,17531,6490
2018,July,14,1,8823,6491
2018,July,14,2,8708,6492
2018,July,30,3,165,6493
2018,July,30,1,88,6494
2018,July,30,2,77,6495
2018,July,37,3,444651,6496
2018,July,37,1,230428,6497
2018,July,37,2,214223,6498
2017,October,8,3,33181,6499
2017,October,8,1,17068,6500
2017,October,8,2,16112,6501
2017,October,12,3,3655,6502
2017,October,12,1,1940,6503
2017,October,12,2,1715,6504
2017,October,16,3,51321,6505
2017,October,16,1,27096,6506
2017,October,16,2,24224,6507
2017,October,28,3,1308,6508
2017,October,28,1,663,6509
2017,October,28,2,645,6510
2017,October,20,3,16081,6511
2017,October,20,1,8093,6512
2017,October,20,2,7988,6513
2017,October,13,3,38563,6514
2017,October,13,1,19282,6515
2017,October,13,2,19282,6516
2017,October,31,3,248,6517
2017,October,31,1,130,6518
2017,October,31,2,119,6519
2017,October,15,3,19596,6520
2017,October,15,1,10238,6521
2017,October,15,2,9358,6522
2017,October,17,3,11768,6523
2017,October,17,1,6276,6524
2017,October,17,2,5492,6525
2017,October,21,3,1010,6526
2017,October,21,1,495,6527
2017,October,21,2,515,6528
2017,October,9,3,7947,6529
2017,October,9,1,4113,6530
2017,October,9,2,3834,6531
2017,October,27,3,807,6532
2017,October,27,1,423,6533
2017,October,27,2,384,6534
2017,October,18,3,631,6535
2017,October,18,1,316,6536
2017,October,18,2,315,6537
2017,October,22,3,649,6538
2017,October,22,1,324,6539
2017,October,22,2,324,6540
2017,October,6,3,948,6541
2017,October,6,1,468,6542
2017,October,6,2,480,6543
2017,October,1,3,56711,6544
2017,October,1,1,29801,6545
2017,October,1,2,26910,6546
2017,October,3,3,22889,6547
2017,October,3,1,11934,6548
2017,October,3,2,10955,6549
2017,October,36,3,62,6550
2017,October,36,1,32,6551
2017,October,36,2,30,6552
2017,October,35,3,79,6553
2017,October,35,1,52,6554
2017,October,35,2,27,6555
2017,October,7,3,22062,6556
2017,October,7,1,10551,6557
2017,October,7,2,11511,6558
2017,October,10,3,27206,6559
2017,October,10,1,13859,6560
2017,October,10,2,13346,6561
2017,October,24,3,9247,6562
2017,October,24,1,4841,6563
2017,October,24,2,4406,6564
2017,October,32,3,3807,6565
2017,October,32,1,2061,6566
2017,October,32,2,1746,6567
2017,October,23,3,737,6568
2017,October,23,1,397,6569
2017,October,23,2,339,6570
2017,October,25,3,10927,6571
2017,October,25,1,5834,6572
2017,October,25,2,5093,6573
2017,October,11,3,30660,6574
2017,October,11,1,16308,6575
2017,October,11,2,14351,6576
2017,October,33,3,1066,6577
2017,October,33,1,545,6578
2017,October,33,2,521,6579
2017,October,29,3,19060,6580
2017,October,29,1,10204,6581
2017,October,29,2,8857,6582
2017,October,34,3,336,6583
2017,October,34,1,227,6584
2017,October,34,2,109,6585
2017,October,34,3,308,6586
2017,October,34,1,183,6587
2017,October,34,2,125,6588
2017,October,4,3,7154,6589
2017,October,4,1,3657,6590
2017,October,4,2,3496,6591
2017,October,19,3,1149,6592
2017,October,19,1,631,6593
2017,October,19,2,519,6594
2017,October,2,3,13857,6595
2017,October,2,1,7312,6596
2017,October,2,2,6545,6597
2017,October,5,3,5032,6598
2017,October,5,1,2586,6599
2017,October,5,2,2446,6600
2017,October,26,3,362,6601
2017,October,26,1,192,6602
2017,October,26,2,171,6603
2017,October,14,3,17232,6604
2017,October,14,1,8672,6605
2017,October,14,2,8560,6606
2017,October,30,3,163,6607
2017,October,30,1,87,6608
2017,October,30,2,76,6609
2017,October,37,3,437817,6610
2017,October,37,1,226891,6611
2017,October,37,2,210926,6612
2017,March,8,3,32829,6613
2017,March,8,1,16887,6614
2017,March,8,2,15942,6615
2017,March,12,3,3600,6616
2017,March,12,1,1911,6617
2017,March,12,2,1689,6618
2017,March,16,3,50731,6619
2017,March,16,1,26785,6620
2017,March,16,2,23946,6621
2017,March,28,3,1275,6622
2017,March,28,1,646,6623
2017,March,28,2,629,6624
2017,March,20,3,15987,6625
2017,March,20,1,8046,6626
2017,March,20,2,7941,6627
2017,March,13,3,38265,6628
2017,March,13,1,19133,6629
2017,March,13,2,19133,6630
2017,March,31,3,239,6631
2017,March,31,1,125,6632
2017,March,31,2,114,6633
2017,March,15,3,19380,6634
2017,March,15,1,10125,6635
2017,March,15,2,9255,6636
2017,March,17,3,11650,6637
2017,March,17,1,6213,6638
2017,March,17,2,5437,6639
2017,March,21,3,995,6640
2017,March,21,1,487,6641
2017,March,21,2,508,6642
2017,March,9,3,7865,6643
2017,March,9,1,4071,6644
2017,March,9,2,3794,6645
2017,March,27,3,784,6646
2017,March,27,1,411,6647
2017,March,27,2,373,6648
2017,March,18,3,626,6649
2017,March,18,1,313,6650
2017,March,18,2,313,6651
2017,March,22,3,644,6652
2017,March,22,1,322,6653
2017,March,22,2,322,6654
2017,March,6,3,938,6655
2017,March,6,1,463,6656
2017,March,6,2,475,6657
2017,March,1,3,56205,6658
2017,March,1,1,29535,6659
2017,March,1,2,26670,6660
2017,March,3,3,22647,6661
2017,March,3,1,11808,6662
2017,March,3,2,10839,6663
2017,March,36,3,61,6664
2017,March,36,1,31,6665
2017,March,36,2,30,6666
2017,March,35,3,77,6667
2017,March,35,1,50,6668
2017,March,35,2,27,6669
2017,March,7,3,21524,6670
2017,March,7,1,10294,6671
2017,March,7,2,11230,6672
2017,March,10,3,26897,6673
2017,March,10,1,13702,6674
2017,March,10,2,13195,6675
2017,March,24,3,9131,6676
2017,March,24,1,4781,6677
2017,March,24,2,4350,6678
2017,March,32,3,3770,6679
2017,March,32,1,2041,6680
2017,March,32,2,1729,6681
2017,March,23,3,733,6682
2017,March,23,1,396,6683
2017,March,23,2,337,6684
2017,March,25,3,10737,6685
2017,March,25,1,5733,6686
2017,March,25,2,5004,6687
2017,March,11,3,30214,6688
2017,March,11,1,16071,6689
2017,March,11,2,14143,6690
2017,March,33,3,1052,6691
2017,March,33,1,538,6692
2017,March,33,2,514,6693
2017,March,29,3,18824,6694
2017,March,29,1,10077,6695
2017,March,29,2,8747,6696
2017,March,34,3,318,6697
2017,March,34,1,213,6698
2017,March,34,2,105,6699
2017,March,34,3,292,6700
2017,March,34,1,174,6701
2017,March,34,2,118,6702
2017,March,4,3,7044,6703
2017,March,4,1,3601,6704
2017,March,4,2,3443,6705
2017,March,19,3,1140,6706
2017,March,19,1,626,6707
2017,March,19,2,514,6708
2017,March,2,3,13678,6709
2017,March,2,1,7218,6710
2017,March,2,2,6460,6711
2017,March,5,3,4975,6712
2017,March,5,1,2557,6713
2017,March,5,2,2418,6714
2017,March,26,3,358,6715
2017,March,26,1,189,6716
2017,March,26,2,169,6717
2017,March,14,3,17001,6718
2017,March,14,1,8556,6719
2017,March,14,2,8445,6720
2017,March,30,3,161,6721
2017,March,30,1,86,6722
2017,March,30,2,75,6723
2017,March,37,3,432648,6724
2017,March,37,1,224215,6725
2017,March,37,2,208433,6726
2017,July,8,3,33030,6727
2017,July,8,1,16991,6728
2017,July,8,2,16039,6729
2017,July,12,3,3631,6730
2017,July,12,1,1927,6731
2017,July,12,2,1704,6732
2017,July,16,3,51068,6733
2017,July,16,1,26963,6734
2017,July,16,2,24105,6735
2017,July,28,3,1294,6736
2017,July,28,1,656,6737
2017,July,28,2,638,6738
2017,July,20,3,15987,6739
2017,July,20,1,8046,6740
2017,July,20,2,7941,6741
2017,July,13,3,38435,6742
2017,July,13,1,19218,6743
2017,July,13,2,19218,6744
2017,July,31,3,244,6745
2017,July,31,1,128,6746
2017,July,31,2,117,6747
2017,July,15,3,19503,6748
2017,July,15,1,10190,6749
2017,July,15,2,9314,6750
2017,July,17,3,11717,6751
2017,July,17,1,6249,6752
2017,July,17,2,5468,6753
2017,July,21,3,1004,6754
2017,July,21,1,492,6755
2017,July,21,2,512,6756
2017,July,9,3,7912,6757
2017,July,9,1,4095,6758
2017,July,9,2,3817,6759
2017,July,27,3,797,6760
2017,July,27,1,418,6761
2017,July,27,2,379,6762
2017,July,18,3,629,6763
2017,July,18,1,315,6764
2017,July,18,2,314,6765
2017,July,22,3,647,6766
2017,July,22,1,323,6767
2017,July,22,2,323,6768
2017,July,6,3,944,6769
2017,July,6,1,466,6770
2017,July,6,2,478,6771
2017,July,1,3,56494,6772
2017,July,1,1,29687,6773
2017,July,1,2,26807,6774
2017,July,3,3,22785,6775
2017,July,3,1,11880,6776
2017,July,3,2,10905,6777
2017,July,36,3,62,6778
2017,July,36,1,32,6779
2017,July,36,2,30,6780
2017,July,35,3,78,6781
2017,July,35,1,51,6782
2017,July,35,2,27,6783
2017,July,7,3,21832,6784
2017,July,7,1,10441,6785
2017,July,7,2,11391,6786
2017,July,10,3,27073,6787
2017,July,10,1,13792,6788
2017,July,10,2,13282,6789
2017,July,24,3,9197,6790
2017,July,24,1,4815,6791
2017,July,24,2,4382,6792
2017,July,32,3,3791,6793
2017,July,32,1,2053,6794
2017,July,32,2,1738,6795
2017,July,23,3,735,6796
2017,July,23,1,397,6797
2017,July,23,2,338,6798
2017,July,25,3,10846,6799
2017,July,25,1,5791,6800
2017,July,25,2,5055,6801
2017,July,11,3,30469,6802
2017,July,11,1,16207,6803
2017,July,11,2,14262,6804
2017,July,33,3,1060,6805
2017,July,33,1,542,6806
2017,July,33,2,518,6807
2017,July,29,3,18959,6808
2017,July,29,1,10149,6809
2017,July,29,2,8810,6810
2017,July,34,3,328,6811
2017,July,34,1,221,6812
2017,July,34,2,107,6813
2017,July,34,3,301,6814
2017,July,34,1,179,6815
2017,July,34,2,122,6816
2017,July,4,3,7107,6817
2017,July,4,1,3633,6818
2017,July,4,2,3473,6819
2017,July,19,3,1145,6820
2017,July,19,1,629,6821
2017,July,19,2,517,6822
2017,July,2,3,13780,6823
2017,July,2,1,7272,6824
2017,July,2,2,6508,6825
2017,July,5,3,5007,6826
2017,July,5,1,2573,6827
2017,July,5,2,2434,6828
2017,July,26,3,360,6829
2017,July,26,1,191,6830
2017,July,26,2,170,6831
2017,July,14,3,17133,6832
2017,July,14,1,8623,6833
2017,July,14,2,8510,6834
2017,July,30,3,162,6835
2017,July,30,1,86,6836
2017,July,30,2,76,6837
2017,July,37,3,435550,6838
2017,July,37,1,225721,6839
2017,July,37,2,209829,6840
2016,October,8,3,32580,6841
2016,October,8,1,16759,6842
2016,October,8,2,15821,6843
2016,October,12,3,3561,6844
2016,October,12,1,1890,6845
2016,October,12,2,1671,6846
2016,October,16,3,50314,6847
2016,October,16,1,26565,6848
2016,October,16,2,23749,6849
2016,October,28,3,1252,6850
2016,October,28,1,635,6851
2016,October,28,2,617,6852
2016,October,20,3,15706,6853
2016,October,20,1,7904,6854
2016,October,20,2,7801,6855
2016,October,13,3,38053,6856
2016,October,13,1,19026,6857
2016,October,13,2,19026,6858
2016,October,31,3,233,6859
2016,October,31,1,122,6860
2016,October,31,2,111,6861
2016,October,15,3,19227,6862
2016,October,15,1,10045,6863
2016,October,15,2,9182,6864
2016,October,17,3,11567,6865
2016,October,17,1,6169,6866
2016,October,17,2,5398,6867
2016,October,21,3,985,6868
2016,October,21,1,482,6869
2016,October,21,2,502,6870
2016,October,9,3,7807,6871
2016,October,9,1,4041,6872
2016,October,9,2,3766,6873
2016,October,27,3,769,6874
2016,October,27,1,403,6875
2016,October,27,2,366,6876
2016,October,18,3,622,6877
2016,October,18,1,311,6878
2016,October,18,2,311,6879
2016,October,22,3,641,6880
2016,October,22,1,320,6881
2016,October,22,2,320,6882
2016,October,6,3,931,6883
2016,October,6,1,459,6884
2016,October,6,2,471,6885
2016,October,1,3,55845,6886
2016,October,1,1,29346,6887
2016,October,1,2,26499,6888
2016,October,3,3,22475,6889
2016,October,3,1,11718,6890
2016,October,3,2,10757,6891
2016,October,36,3,61,6892
2016,October,36,1,31,6893
2016,October,36,2,29,6894
2016,October,35,3,76,6895
2016,October,35,1,50,6896
2016,October,35,2,26,6897
2016,October,7,3,21140,6898
2016,October,7,1,10110,6899
2016,October,7,2,11030,6900
2016,October,10,3,26679,6901
2016,October,10,1,13591,6902
2016,October,10,2,13088,6903
2016,October,24,3,9049,6904
2016,October,24,1,4737,6905
2016,October,24,2,4311,6906
2016,October,32,3,3744,6907
2016,October,32,1,2027,6908
2016,October,32,2,1717,6909
2016,October,23,3,730,6910
2016,October,23,1,394,6911
2016,October,23,2,336,6912
2016,October,25,3,10603,6913
2016,October,25,1,5661,6914
2016,October,25,2,4942,6915
2016,October,11,3,29899,6916
2016,October,11,1,15904,6917
2016,October,11,2,13995,6918
2016,October,33,3,1042,6919
2016,October,33,1,533,6920
2016,October,33,2,509,6921
2016,October,29,3,18654,6922
2016,October,29,1,9986,6923
2016,October,29,2,8668,6924
2016,October,34,3,305,6925
2016,October,34,1,203,6926
2016,October,34,2,102,6927
2016,October,34,3,280,6928
2016,October,34,1,167,6929
2016,October,34,2,114,6930
2016,October,4,3,6967,6931
2016,October,4,1,3562,6932
2016,October,4,2,3405,6933
2016,October,19,3,1133,6934
2016,October,19,1,622,6935
2016,October,19,2,511,6936
2016,October,2,3,13552,6937
2016,October,2,1,7151,6938
2016,October,2,2,6400,6939
2016,October,5,3,4935,6940
2016,October,5,1,2536,6941
2016,October,5,2,2399,6942
2016,October,26,3,355,6943
2016,October,26,1,188,6944
2016,October,26,2,167,6945
2016,October,14,3,16838,6946
2016,October,14,1,8474,6947
2016,October,14,2,8364,6948
2016,October,30,3,160,6949
2016,October,30,1,85,6950
2016,October,30,2,75,6951
2016,October,37,3,428763,6952
2016,October,37,1,222207,6953
2016,October,37,2,206556,6954
2016,March,8,3,32232,6955
2016,March,8,1,16580,6956
2016,March,8,2,15652,6957
2016,March,12,3,3506,6958
2016,March,12,1,1861,6959
2016,March,12,2,1645,6960
2016,March,16,3,49729,6961
2016,March,16,1,26256,6962
2016,March,16,2,23473,6963
2016,March,28,3,1220,6964
2016,March,28,1,618,6965
2016,March,28,2,602,6966
2016,March,20,3,15612,6967
2016,March,20,1,7857,6968
2016,March,20,2,7755,6969
2016,March,13,3,37756,6970
2016,March,13,1,18878,6971
2016,March,13,2,18878,6972
2016,March,31,3,224,6973
2016,March,31,1,117,6974
2016,March,31,2,107,6975
2016,March,15,3,19013,6976
2016,March,15,1,9934,6977
2016,March,15,2,9079,6978
2016,March,17,3,11450,6979
2016,March,17,1,6107,6980
2016,March,17,2,5343,6981
2016,March,21,3,970,6982
2016,March,21,1,475,6983
2016,March,21,2,495,6984
2016,March,9,3,7725,6985
2016,March,9,1,3998,6986
2016,March,9,2,3727,6987
2016,March,27,3,747,6988
2016,March,27,1,392,6989
2016,March,27,2,355,6990
2016,March,18,3,617,6991
2016,March,18,1,309,6992
2016,March,18,2,308,6993
2016,March,22,3,636,6994
2016,March,22,1,318,6995
2016,March,22,2,318,6996
2016,March,6,3,920,6997
2016,March,6,1,454,6998
2016,March,6,2,466,6999
2016,March,1,3,55342,7000
2016,March,1,1,29081,7001
2016,March,1,2,26261,7002
2016,March,3,3,22234,7003
2016,March,3,1,11592,7004
2016,March,3,2,10642,7005
2016,March,36,3,60,7006
2016,March,36,1,31,7007
2016,March,36,2,29,7008
2016,March,35,3,75,7009
2016,March,35,1,49,7010
2016,March,35,2,26,7011
2016,March,7,3,20602,7012
2016,March,7,1,9853,7013
2016,March,7,2,10749,7014
2016,March,10,3,26373,7015
2016,March,10,1,13435,7016
2016,March,10,2,12938,7017
2016,March,24,3,8933,7018
2016,March,24,1,4677,7019
2016,March,24,2,4256,7020
2016,March,32,3,3708,7021
2016,March,32,1,2008,7022
2016,March,32,2,1700,7023
2016,March,23,3,726,7024
2016,March,23,1,392,7025
2016,March,23,2,334,7026
2016,March,25,3,10415,7027
2016,March,25,1,5561,7028
2016,March,25,2,4854,7029
2016,March,11,3,29457,7030
2016,March,11,1,15669,7031
2016,March,11,2,13788,7032
2016,March,33,3,1029,7033
2016,March,33,1,526,7034
2016,March,33,2,503,7035
2016,March,29,3,18417,7036
2016,March,29,1,9859,7037
2016,March,29,2,8558,7038
2016,March,34,3,287,7039
2016,March,34,1,189,7040
2016,March,34,2,98,7041
2016,March,34,3,264,7042
2016,March,34,1,157,7043
2016,March,34,2,107,7044
2016,March,4,3,6858,7045
2016,March,4,1,3506,7046
2016,March,4,2,3352,7047
2016,March,19,3,1123,7048
2016,March,19,1,616,7049
2016,March,19,2,507,7050
2016,March,2,3,13375,7051
2016,March,2,1,7058,7052
2016,March,2,2,6317,7053
2016,March,5,3,4879,7054
2016,March,5,1,2507,7055
2016,March,5,2,2372,7056
2016,March,26,3,351,7057
2016,March,26,1,186,7058
2016,March,26,2,165,7059
2016,March,14,3,16609,7060
2016,March,14,1,8359,7061
2016,March,14,2,8250,7062
2016,March,30,3,158,7063
2016,March,30,1,84,7064
2016,March,30,2,74,7065
2016,March,37,3,423632,7066
2016,March,37,1,219549,7067
2016,March,37,2,204083,7068
2016,July,8,3,32431,7069
2016,July,8,1,16683,7070
2016,July,8,2,15748,7071
2016,July,12,3,3537,7072
2016,July,12,1,1878,7073
2016,July,12,2,1660,7074
2016,July,16,3,50063,7075
2016,July,16,1,26432,7076
2016,July,16,2,23631,7077
2016,July,28,3,1238,7078
2016,July,28,1,628,7079
2016,July,28,2,611,7080
2016,July,20,3,15612,7081
2016,July,20,1,7857,7082
2016,July,20,2,7755,7083
2016,July,13,3,37926,7084
2016,July,13,1,18963,7085
2016,July,13,2,18963,7086
2016,July,31,3,229,7087
2016,July,31,1,120,7088
2016,July,31,2,109,7089
2016,July,15,3,19135,7090
2016,July,15,1,9998,7091
2016,July,15,2,9138,7092
2016,July,17,3,11517,7093
2016,July,17,1,6142,7094
2016,July,17,2,5374,7095
2016,July,21,3,978,7096
2016,July,21,1,479,7097
2016,July,21,2,499,7098
2016,July,9,3,7772,7099
2016,July,9,1,4023,7100
2016,July,9,2,3749,7101
2016,July,27,3,759,7102
2016,July,27,1,398,7103
2016,July,27,2,361,7104
2016,July,18,3,620,7105
2016,July,18,1,310,7106
2016,July,18,2,310,7107
2016,July,22,3,639,7108
2016,July,22,1,319,7109
2016,July,22,2,319,7110
2016,July,6,3,926,7111
2016,July,6,1,457,7112
2016,July,6,2,469,7113
2016,July,1,3,55630,7114
2016,July,1,1,29233,7115
2016,July,1,2,26397,7116
2016,July,3,3,22372,7117
2016,July,3,1,11664,7118
2016,July,3,2,10708,7119
2016,July,36,3,60,7120
2016,July,36,1,31,7121
2016,July,36,2,29,7122
2016,July,35,3,76,7123
2016,July,35,1,50,7124
2016,July,35,2,26,7125
2016,July,7,3,20909,7126
2016,July,7,1,10000,7127
2016,July,7,2,10910,7128
2016,July,10,3,26548,7129
2016,July,10,1,13524,7130
2016,July,10,2,13024,7131
2016,July,24,3,8999,7132
2016,July,24,1,4712,7133
2016,July,24,2,4287,7134
2016,July,32,3,3729,7135
2016,July,32,1,2019,7136
2016,July,32,2,1710,7137
2016,July,23,3,728,7138
2016,July,23,1,393,7139
2016,July,23,2,335,7140
2016,July,25,3,10522,7141
2016,July,25,1,5618,7142
2016,July,25,2,4904,7143
2016,July,11,3,29709,7144
2016,July,11,1,15803,7145
2016,July,11,2,13906,7146
2016,July,33,3,1037,7147
2016,July,33,1,530,7148
2016,July,33,2,507,7149
2016,July,29,3,18553,7150
2016,July,29,1,9932,7151
2016,July,29,2,8621,7152
2016,July,34,3,297,7153
2016,July,34,1,197,7154
2016,July,34,2,101,7155
2016,July,34,3,273,7156
2016,July,34,1,163,7157
2016,July,34,2,111,7158
2016,July,4,3,6920,7159
2016,July,4,1,3538,7160
2016,July,4,2,3382,7161
2016,July,19,3,1129,7162
2016,July,19,1,619,7163
2016,July,19,2,509,7164
2016,July,2,3,13476,7165
2016,July,2,1,7111,7166
2016,July,2,2,6365,7167
2016,July,5,3,4911,7168
2016,July,5,1,2524,7169
2016,July,5,2,2387,7170
2016,July,26,3,353,7171
2016,July,26,1,187,7172
2016,July,26,2,166,7173
2016,July,14,3,16740,7174
2016,July,14,1,8425,7175
2016,July,14,2,8315,7176
2016,July,30,3,159,7177
2016,July,30,1,85,7178
2016,July,30,2,74,7179
2016,July,37,3,426515,7180
2016,July,37,1,221045,7181
2016,July,37,2,205470,7182
2015,October,8,3,31965,7183
2015,October,8,1,16443,7184
2015,October,8,2,15522,7185
2015,October,12,3,3467,7186
2015,October,12,1,1840,7187
2015,October,12,2,1627,7188
2015,October,16,3,49287,7189
2015,October,16,1,26022,7190
2015,October,16,2,23264,7191
2015,October,28,3,1198,7192
2015,October,28,1,607,7193
2015,October,28,2,591,7194
2015,October,20,3,15328,7195
2015,October,20,1,7714,7196
2015,October,20,2,7614,7197
2015,October,13,3,37516,7198
2015,October,13,1,18758,7199
2015,October,13,2,18758,7200
2015,October,31,3,218,7201
2015,October,31,1,114,7202
2015,October,31,2,104,7203
2015,October,15,3,18847,7204
2015,October,15,1,9847,7205
2015,October,15,2,9000,7206
2015,October,17,3,11361,7207
2015,October,17,1,6059,7208
2015,October,17,2,5302,7209
2015,October,21,3,960,7210
2015,October,21,1,470,7211
2015,October,21,2,490,7212
2015,October,9,3,7664,7213
2015,October,9,1,3967,7214
2015,October,9,2,3697,7215
2015,October,27,3,732,7216
2015,October,27,1,383,7217
2015,October,27,2,348,7218
2015,October,18,3,613,7219
2015,October,18,1,307,7220
2015,October,18,2,306,7221
2015,October,22,3,632,7222
2015,October,22,1,316,7223
2015,October,22,2,316,7224
2015,October,6,3,913,7225
2015,October,6,1,451,7226
2015,October,6,2,462,7227
2015,October,1,3,54960,7228
2015,October,1,1,28881,7229
2015,October,1,2,26079,7230
2015,October,3,3,22052,7231
2015,October,3,1,11497,7232
2015,October,3,2,10555,7233
2015,October,36,3,59,7234
2015,October,36,1,30,7235
2015,October,36,2,29,7236
2015,October,35,3,74,7237
2015,October,35,1,48,7238
2015,October,35,2,25,7239
2015,October,7,3,20207,7240
2015,October,7,1,9664,7241
2015,October,7,2,10543,7242
2015,October,10,3,26140,7243
2015,October,10,1,13316,7244
2015,October,10,2,12823,7245
2015,October,24,3,8848,7246
2015,October,24,1,4633,7247
2015,October,24,2,4216,7248
2015,October,32,3,3679,7249
2015,October,32,1,1992,7250
2015,October,32,2,1687,7251
2015,October,23,3,723,7252
2015,October,23,1,390,7253
2015,October,23,2,333,7254
2015,October,25,3,10280,7255
2015,October,25,1,5489,7256
2015,October,25,2,4792,7257
2015,October,11,3,29141,7258
2015,October,11,1,15501,7259
2015,October,11,2,13641,7260
2015,October,33,3,1019,7261
2015,October,33,1,521,7262
2015,October,33,2,498,7263
2015,October,29,3,18247,7264
2015,October,29,1,9768,7265
2015,October,29,2,8479,7266
2015,October,34,3,278,7267
2015,October,34,1,182,7268
2015,October,34,2,96,7269
2015,October,34,3,255,7270
2015,October,34,1,152,7271
2015,October,34,2,103,7272
2015,October,4,3,6779,7273
2015,October,4,1,3466,7274
2015,October,4,2,3313,7275
2015,October,19,3,1115,7276
2015,October,19,1,612,7277
2015,October,19,2,503,7278
2015,October,2,3,13238,7279
2015,October,2,1,6986,7280
2015,October,2,2,6252,7281
2015,October,5,3,4838,7282
2015,October,5,1,2486,7283
2015,October,5,2,2352,7284
2015,October,26,3,348,7285
2015,October,26,1,184,7286
2015,October,26,2,164,7287
2015,October,14,3,16438,7288
2015,October,14,1,8273,7289
2015,October,14,2,8165,7290
2015,October,30,3,157,7291
2015,October,30,1,84,7292
2015,October,30,2,73,7293
2015,October,37,3,419575,7294
2015,October,37,1,217453,7295
2015,October,37,2,202122,7296
2015,March,8,3,31590,7297
2015,March,8,1,16250,7298
2015,March,8,2,15340,7299
2015,March,12,3,3413,7300
2015,March,12,1,1812,7301
2015,March,12,2,1601,7302
2015,March,16,3,48667,7303
2015,March,16,1,25695,7304
2015,March,16,2,22972,7305
2015,March,28,3,1166,7306
2015,March,28,1,591,7307
2015,March,28,2,575,7308
2015,March,20,3,15231,7309
2015,March,20,1,7665,7310
2015,March,20,2,7566,7311
2015,March,13,3,37180,7312
2015,March,13,1,18590,7313
2015,March,13,2,18590,7314
2015,March,31,3,209,7315
2015,March,31,1,109,7316
2015,March,31,2,100,7317
2015,March,15,3,18615,7318
2015,March,15,1,9726,7319
2015,March,15,2,8889,7320
2015,March,17,3,11236,7321
2015,March,17,1,5993,7322
2015,March,17,2,5243,7323
2015,March,21,3,946,7324
2015,March,21,1,463,7325
2015,March,21,2,483,7326
2015,March,9,3,7578,7327
2015,March,9,1,3922,7328
2015,March,9,2,3656,7329
2015,March,27,3,710,7330
2015,March,27,1,372,7331
2015,March,27,2,338,7332
2015,March,18,3,608,7333
2015,March,18,1,304,7334
2015,March,18,2,304,7335
2015,March,22,3,627,7336
2015,March,22,1,313,7337
2015,March,22,2,314,7338
2015,March,6,3,903,7339
2015,March,6,1,446,7340
2015,March,6,2,457,7341
2015,March,1,3,54426,7342
2015,March,1,1,28600,7343
2015,March,1,2,25826,7344
2015,March,3,3,21797,7345
2015,March,3,1,11364,7346
2015,March,3,2,10433,7347
2015,March,36,3,58,7348
2015,March,36,1,30,7349
2015,March,36,2,28,7350
2015,March,35,3,72,7351
2015,March,35,1,47,7352
2015,March,35,2,25,7353
2015,March,7,3,19653,7354
2015,March,7,1,9399,7355
2015,March,7,2,10254,7356
2015,March,10,3,25813,7357
2015,March,10,1,13150,7358
2015,March,10,2,12663,7359
2015,March,24,3,8730,7360
2015,March,24,1,4571,7361
2015,March,24,2,4159,7362
2015,March,32,3,3639,7363
2015,March,32,1,1970,7364
2015,March,32,2,1669,7365
2015,March,23,3,719,7366
2015,March,23,1,388,7367
2015,March,23,2,331,7368
2015,March,25,3,10092,7369
2015,March,25,1,5388,7370
2015,March,25,2,4704,7371
2015,March,11,3,28699,7372
2015,March,11,1,15265,7373
2015,March,11,2,13434,7374
2015,March,33,3,1004,7375
2015,March,33,1,513,7376
2015,March,33,2,491,7377
2015,March,29,3,18009,7378
2015,March,29,1,9641,7379
2015,March,29,2,8368,7380
2015,March,34,3,266,7381
2015,March,34,1,173,7382
2015,March,34,2,93,7383
2015,March,34,3,242,7384
2015,March,34,1,144,7385
2015,March,34,2,98,7386
2015,March,4,3,6669,7387
2015,March,4,1,3410,7388
2015,March,4,2,3259,7389
2015,March,19,3,1104,7390
2015,March,19,1,606,7391
2015,March,19,2,498,7392
2015,March,2,3,13046,7393
2015,March,2,1,6884,7394
2015,March,2,2,6162,7395
2015,March,5,3,4781,7396
2015,March,5,1,2457,7397
2015,March,5,2,2324,7398
2015,March,26,3,344,7399
2015,March,26,1,182,7400
2015,March,26,2,162,7401
2015,March,14,3,16198,7402
2015,March,14,1,8152,7403
2015,March,14,2,8046,7404
2015,March,30,3,155,7405
2015,March,30,1,83,7406
2015,March,30,2,72,7407
2015,March,37,3,414195,7408
2015,March,37,1,214668,7409
2015,March,37,2,199527,7410
2015,July,8,3,31804,7411
2015,July,8,1,16360,7412
2015,July,8,2,15444,7413
2015,July,12,3,3444,7414
2015,July,12,1,1828,7415
2015,July,12,2,1616,7416
2015,July,16,3,49021,7417
2015,July,16,1,25882,7418
2015,July,16,2,23139,7419
2015,July,28,3,1184,7420
2015,July,28,1,600,7421
2015,July,28,2,584,7422
2015,July,20,3,15231,7423
2015,July,20,1,7665,7424
2015,July,20,2,7566,7425
2015,July,13,3,37372,7426
2015,July,13,1,18686,7427
2015,July,13,2,18686,7428
2015,July,31,3,214,7429
2015,July,31,1,112,7430
2015,July,31,2,102,7431
2015,July,15,3,18748,7432
2015,July,15,1,9795,7433
2015,July,15,2,8953,7434
2015,July,17,3,11307,7435
2015,July,17,1,6031,7436
2015,July,17,2,5277,7437
2015,July,21,3,954,7438
2015,July,21,1,467,7439
2015,July,21,2,487,7440
2015,July,9,3,7627,7441
2015,July,9,1,3948,7442
2015,July,9,2,3679,7443
2015,July,27,3,722,7444
2015,July,27,1,379,7445
2015,July,27,2,344,7446
2015,July,18,3,611,7447
2015,July,18,1,306,7448
2015,July,18,2,305,7449
2015,July,22,3,630,7450
2015,July,22,1,315,7451
2015,July,22,2,315,7452
2015,July,6,3,909,7453
2015,July,6,1,449,7454
2015,July,6,2,460,7455
2015,July,1,3,54731,7456
2015,July,1,1,28761,7457
2015,July,1,2,25971,7458
2015,July,3,3,21943,7459
2015,July,3,1,11440,7460
2015,July,3,2,10502,7461
2015,July,36,3,59,7462
2015,July,36,1,30,7463
2015,July,36,2,29,7464
2015,July,35,3,73,7465
2015,July,35,1,48,7466
2015,July,35,2,25,7467
2015,July,7,3,19969,7468
2015,July,7,1,9550,7469
2015,July,7,2,10419,7470
2015,July,10,3,26000,7471
2015,July,10,1,13245,7472
2015,July,10,2,12755,7473
2015,July,24,3,8798,7474
2015,July,24,1,4606,7475
2015,July,24,2,4192,7476
2015,July,32,3,3662,7477
2015,July,32,1,1983,7478
2015,July,32,2,1679,7479
2015,July,23,3,721,7480
2015,July,23,1,389,7481
2015,July,23,2,332,7482
2015,July,25,3,10200,7483
2015,July,25,1,5446,7484
2015,July,25,2,4754,7485
2015,July,11,3,28952,7486
2015,July,11,1,15400,7487
2015,July,11,2,13552,7488
2015,July,33,3,1012,7489
2015,July,33,1,518,7490
2015,July,33,2,495,7491
2015,July,29,3,18145,7492
2015,July,29,1,9714,7493
2015,July,29,2,8431,7494
2015,July,34,3,273,7495
2015,July,34,1,178,7496
2015,July,34,2,95,7497
2015,July,34,3,249,7498
2015,July,34,1,148,7499
2015,July,34,2,101,7500
2015,July,4,3,6732,7501
2015,July,4,1,3442,7502
2015,July,4,2,3290,7503
2015,July,19,3,1110,7504
2015,July,19,1,609,7505
2015,July,19,2,501,7506
2015,July,2,3,13156,7507
2015,July,2,1,6942,7508
2015,July,2,2,6213,7509
2015,July,5,3,4814,7510
2015,July,5,1,2474,7511
2015,July,5,2,2340,7512
2015,July,26,3,346,7513
2015,July,26,1,183,7514
2015,July,26,2,163,7515
2015,July,14,3,16335,7516
2015,July,14,1,8221,7517
2015,July,14,2,8114,7518
2015,July,30,3,156,7519
2015,July,30,1,83,7520
2015,July,30,2,73,7521
2015,July,37,3,417216,7522
2015,July,37,1,216233,7523
2015,July,37,2,200983,7524
2014,October,8,3,31326,7525
2014,October,8,1,16114,7526
2014,October,8,2,15212,7527
2014,October,12,3,3374,7528
2014,October,12,1,1791,7529
2014,October,12,2,1583,7530
2014,October,16,3,48227,7531
2014,October,16,1,25463,7532
2014,October,16,2,22764,7533
2014,October,28,3,1144,7534
2014,October,28,1,580,7535
2014,October,28,2,564,7536
2014,October,20,3,14944,7537
2014,October,20,1,7521,7538
2014,October,20,2,7423,7539
2014,October,13,3,36942,7540
2014,October,13,1,18471,7541
2014,October,13,2,18471,7542
2014,October,31,3,203,7543
2014,October,31,1,106,7544
2014,October,31,2,97,7545
2014,October,15,3,18450,7546
2014,October,15,1,9639,7547
2014,October,15,2,8811,7548
2014,October,17,3,11148,7549
2014,October,17,1,5945,7550
2014,October,17,2,5202,7551
2014,October,21,3,936,7552
2014,October,21,1,459,7553
2014,October,21,2,478,7554
2014,October,9,3,7517,7555
2014,October,9,1,3891,7556
2014,October,9,2,3626,7557
2014,October,27,3,695,7558
2014,October,27,1,364,7559
2014,October,27,2,331,7560
2014,October,18,3,604,7561
2014,October,18,1,302,7562
2014,October,18,2,302,7563
2014,October,22,3,624,7564
2014,October,22,1,312,7565
2014,October,22,2,312,7566
2014,October,6,3,896,7567
2014,October,6,1,442,7568
2014,October,6,2,453,7569
2014,October,1,3,54046,7570
2014,October,1,1,28401,7571
2014,October,1,2,25646,7572
2014,October,3,3,21616,7573
2014,October,3,1,11270,7574
2014,October,3,2,10346,7575
2014,October,36,3,57,7576
2014,October,36,1,29,7577
2014,October,36,2,28,7578
2014,October,35,3,71,7579
2014,October,35,1,46,7580
2014,October,35,2,24,7581
2014,October,7,3,19260,7582
2014,October,7,1,9211,7583
2014,October,7,2,10049,7584
2014,October,10,3,25581,7585
2014,October,10,1,13032,7586
2014,October,10,2,12550,7587
2014,October,24,3,8646,7588
2014,October,24,1,4527,7589
2014,October,24,2,4119,7590
2014,October,32,3,3611,7591
2014,October,32,1,1955,7592
2014,October,32,2,1656,7593
2014,October,23,3,716,7594
2014,October,23,1,386,7595
2014,October,23,2,329,7596
2014,October,25,3,9959,7597
2014,October,25,1,5317,7598
2014,October,25,2,4642,7599
2014,October,11,3,28387,7600
2014,October,11,1,15099,7601
2014,October,11,2,13287,7602
2014,October,33,3,994,7603
2014,October,33,1,508,7604
2014,October,33,2,486,7605
2014,October,29,3,17839,7606
2014,October,29,1,9550,7607
2014,October,29,2,8289,7608
2014,October,34,3,257,7609
2014,October,34,1,167,7610
2014,October,34,2,90,7611
2014,October,34,3,233,7612
2014,October,34,1,139,7613
2014,October,34,2,95,7614
2014,October,4,3,6592,7615
2014,October,4,1,3370,7616
2014,October,4,2,3222,7617
2014,October,19,3,1096,7618
2014,October,19,1,602,7619
2014,October,19,2,495,7620
2014,October,2,3,12910,7621
2014,October,2,1,6813,7622
2014,October,2,2,6097,7623
2014,October,5,3,4741,7624
2014,October,5,1,2436,7625
2014,October,5,2,2305,7626
2014,October,26,3,341,7627
2014,October,26,1,180,7628
2014,October,26,2,161,7629
2014,October,14,3,16029,7630
2014,October,14,1,8067,7631
2014,October,14,2,7962,7632
2014,October,30,3,154,7633
2014,October,30,1,82,7634
2014,October,30,2,72,7635
2014,October,37,3,410166,7636
2014,October,37,1,212587,7637
2014,October,37,2,197579,7638
2014,March,8,3,30956,7639
2014,March,8,1,15924,7640
2014,March,8,2,15032,7641
2014,March,12,3,3320,7642
2014,March,12,1,1762,7643
2014,March,12,2,1558,7644
2014,March,16,3,47612,7645
2014,March,16,1,25138,7646
2014,March,16,2,22474,7647
2014,March,28,3,1113,7648
2014,March,28,1,564,7649
2014,March,28,2,549,7650
2014,March,20,3,14849,7651
2014,March,20,1,7473,7652
2014,March,20,2,7376,7653
2014,March,13,3,36608,7654
2014,March,13,1,18304,7655
2014,March,13,2,18304,7656
2014,March,31,3,194,7657
2014,March,31,1,101,7658
2014,March,31,2,93,7659
2014,March,15,3,18219,7660
2014,March,15,1,9519,7661
2014,March,15,2,8700,7662
2014,March,17,3,11024,7663
2014,March,17,1,5879,7664
2014,March,17,2,5145,7665
2014,March,21,3,923,7666
2014,March,21,1,452,7667
2014,March,21,2,471,7668
2014,March,9,3,7432,7669
2014,March,9,1,3847,7670
2014,March,9,2,3585,7671
2014,March,27,3,674,7672
2014,March,27,1,353,7673
2014,March,27,2,321,7674
2014,March,18,3,599,7675
2014,March,18,1,300,7676
2014,March,18,2,299,7677
2014,March,22,3,619,7678
2014,March,22,1,309,7679
2014,March,22,2,310,7680
2014,March,6,3,885,7681
2014,March,6,1,437,7682
2014,March,6,2,448,7683
2014,March,1,3,53515,7684
2014,March,1,1,28121,7685
2014,March,1,2,25394,7686
2014,March,3,3,21362,7687
2014,March,3,1,11138,7688
2014,March,3,2,10224,7689
2014,March,36,3,56,7690
2014,March,36,1,29,7691
2014,March,36,2,27,7692
2014,March,35,3,69,7693
2014,March,35,1,45,7694
2014,March,35,2,24,7695
2014,March,7,3,18709,7696
2014,March,7,1,8947,7697
2014,March,7,2,9762,7698
2014,March,10,3,25257,7699
2014,March,10,1,12867,7700
2014,March,10,2,12390,7701
2014,March,24,3,8528,7702
2014,March,24,1,4465,7703
2014,March,24,2,4063,7704
2014,March,32,3,3571,7705
2014,March,32,1,1933,7706
2014,March,32,2,1638,7707
2014,March,23,3,711,7708
2014,March,23,1,384,7709
2014,March,23,2,327,7710
2014,March,25,3,9773,7711
2014,March,25,1,5218,7712
2014,March,25,2,4555,7713
2014,March,11,3,27949,7714
2014,March,11,1,14866,7715
2014,March,11,2,13083,7716
2014,March,33,3,980,7717
2014,March,33,1,501,7718
2014,March,33,2,479,7719
2014,March,29,3,17601,7720
2014,March,29,1,9422,7721
2014,March,29,2,8179,7722
2014,March,34,3,245,7723
2014,March,34,1,158,7724
2014,March,34,2,87,7725
2014,March,34,3,221,7726
2014,March,34,1,131,7727
2014,March,34,2,90,7728
2014,March,4,3,6483,7729
2014,March,4,1,3314,7730
2014,March,4,2,3169,7731
2014,March,19,3,1085,7732
2014,March,19,1,595,7733
2014,March,19,2,490,7734
2014,March,2,3,12720,7735
2014,March,2,1,6712,7736
2014,March,2,2,6008,7737
2014,March,5,3,4684,7738
2014,March,5,1,2407,7739
2014,March,5,2,2277,7740
2014,March,26,3,337,7741
2014,March,26,1,178,7742
2014,March,26,2,159,7743
2014,March,14,3,15793,7744
2014,March,14,1,7948,7745
2014,March,14,2,7845,7746
2014,March,30,3,152,7747
2014,March,30,1,81,7748
2014,March,30,2,71,7749
2014,March,37,3,404828,7750
2014,March,37,1,209822,7751
2014,March,37,2,195006,7752
2014,July,8,3,31167,7753
2014,July,8,1,16033,7754
2014,July,8,2,15135,7755
2014,July,12,3,3351,7756
2014,July,12,1,1779,7757
2014,July,12,2,1572,7758
2014,July,16,3,47964,7759
2014,July,16,1,25324,7760
2014,July,16,2,22640,7761
2014,July,28,3,1131,7762
2014,July,28,1,573,7763
2014,July,28,2,558,7764
2014,July,20,3,14849,7765
2014,July,20,1,7473,7766
2014,July,20,2,7376,7767
2014,July,13,3,36799,7768
2014,July,13,1,18399,7769
2014,July,13,2,18399,7770
2014,July,31,3,199,7771
2014,July,31,1,104,7772
2014,July,31,2,95,7773
2014,July,15,3,18351,7774
2014,July,15,1,9588,7775
2014,July,15,2,8763,7776
2014,July,17,3,11095,7777
2014,July,17,1,5917,7778
2014,July,17,2,5178,7779
2014,July,21,3,931,7780
2014,July,21,1,456,7781
2014,July,21,2,475,7782
2014,July,9,3,7481,7783
2014,July,9,1,3872,7784
2014,July,9,2,3609,7785
2014,July,27,3,686,7786
2014,July,27,1,360,7787
2014,July,27,2,326,7788
2014,July,18,3,602,7789
2014,July,18,1,301,7790
2014,July,18,2,301,7791
2014,July,22,3,622,7792
2014,July,22,1,311,7793
2014,July,22,2,311,7794
2014,July,6,3,891,7795
2014,July,6,1,440,7796
2014,July,6,2,451,7797
2014,July,1,3,53819,7798
2014,July,1,1,28281,7799
2014,July,1,2,25538,7800
2014,July,3,3,21507,7801
2014,July,3,1,11213,7802
2014,July,3,2,10294,7803
2014,July,36,3,57,7804
2014,July,36,1,29,7805
2014,July,36,2,28,7806
2014,July,35,3,70,7807
2014,July,35,1,46,7808
2014,July,35,2,24,7809
2014,July,7,3,19024,7810
2014,July,7,1,9098,7811
2014,July,7,2,9926,7812
2014,July,10,3,25442,7813
2014,July,10,1,12961,7814
2014,July,10,2,12481,7815
2014,July,24,3,8595,7816
2014,July,24,1,4500,7817
2014,July,24,2,4095,7818
2014,July,32,3,3594,7819
2014,July,32,1,1946,7820
2014,July,32,2,1648,7821
2014,July,23,3,714,7822
2014,July,23,1,385,7823
2014,July,23,2,329,7824
2014,July,25,3,9879,7825
2014,July,25,1,5275,7826
2014,July,25,2,4605,7827
2014,July,11,3,28199,7828
2014,July,11,1,14999,7829
2014,July,11,2,13200,7830
2014,July,33,3,988,7831
2014,July,33,1,505,7832
2014,July,33,2,483,7833
2014,July,29,3,17737,7834
2014,July,29,1,9495,7835
2014,July,29,2,8242,7836
2014,July,34,3,252,7837
2014,July,34,1,163,7838
2014,July,34,2,89,7839
2014,July,34,3,228,7840
2014,July,34,1,136,7841
2014,July,34,2,92,7842
2014,July,4,3,6545,7843
2014,July,4,1,3346,7844
2014,July,4,2,3199,7845
2014,July,19,3,1091,7846
2014,July,19,1,599,7847
2014,July,19,2,492,7848
2014,July,2,3,12829,7849
2014,July,2,1,6770,7850
2014,July,2,2,6059,7851
2014,July,5,3,4716,7852
2014,July,5,1,2424,7853
2014,July,5,2,2293,7854
2014,July,26,3,339,7855
2014,July,26,1,180,7856
2014,July,26,2,160,7857
2014,July,14,3,15928,7858
2014,July,14,1,8016,7859
2014,July,14,2,7912,7860
2014,July,30,3,153,7861
2014,July,30,1,82,7862
2014,July,30,2,71,7863
2014,July,37,3,407828,7864
2014,July,37,1,211379,7865
2014,July,37,2,196449,7866
2013,October,8,3,30694,7867
2013,October,8,1,15789,7868
2013,October,8,2,14905,7869
2013,October,12,3,3282,7870
2013,October,12,1,1742,7871
2013,October,12,2,1540,7872
2013,October,16,3,47176,7873
2013,October,16,1,24908,7874
2013,October,16,2,22268,7875
2013,October,28,3,1091,7876
2013,October,28,1,553,7877
2013,October,28,2,538,7878
2013,October,20,3,14566,7879
2013,October,20,1,7331,7880
2013,October,20,2,7235,7881
2013,October,13,3,36371,7882
2013,October,13,1,18186,7883
2013,October,13,2,18186,7884
2013,October,31,3,188,7885
2013,October,31,1,98,7886
2013,October,31,2,90,7887
2013,October,15,3,18055,7888
2013,October,15,1,9433,7889
2013,October,15,2,8622,7890
2013,October,17,3,10937,7891
2013,October,17,1,5833,7892
2013,October,17,2,5104,7893
2013,October,21,3,913,7894
2013,October,21,1,447,7895
2013,October,21,2,466,7896
2013,October,9,3,7372,7897
2013,October,9,1,3816,7898
2013,October,9,2,3556,7899
2013,October,27,3,659,7900
2013,October,27,1,346,7901
2013,October,27,2,314,7902
2013,October,18,3,595,7903
2013,October,18,1,298,7904
2013,October,18,2,297,7905
2013,October,22,3,616,7906
2013,October,22,1,308,7907
2013,October,22,2,308,7908
2013,October,6,3,878,7909
2013,October,6,1,433,7910
2013,October,6,2,445,7911
2013,October,1,3,53138,7912
2013,October,1,1,27923,7913
2013,October,1,2,25215,7914
2013,October,3,3,21182,7915
2013,October,3,1,11044,7916
2013,October,3,2,10138,7917
2013,October,36,3,55,7918
2013,October,36,1,28,7919
2013,October,36,2,27,7920
2013,October,35,3,68,7921
2013,October,35,1,45,7922
2013,October,35,2,23,7923
2013,October,7,3,18319,7924
2013,October,7,1,8761,7925
2013,October,7,2,9558,7926
2013,October,10,3,25028,7927
2013,October,10,1,12750,7928
2013,October,10,2,12278,7929
2013,October,24,3,8445,7930
2013,October,24,1,4421,7931
2013,October,24,2,4023,7932
2013,October,32,3,3543,7933
2013,October,32,1,1918,7934
2013,October,32,2,1625,7935
2013,October,23,3,708,7936
2013,October,23,1,382,7937
2013,October,23,2,326,7938
2013,October,25,3,9642,7939
2013,October,25,1,5148,7940
2013,October,25,2,4494,7941
2013,October,11,3,27640,7942
2013,October,11,1,14702,7943
2013,October,11,2,12938,7944
2013,October,33,3,970,7945
2013,October,33,1,496,7946
2013,October,33,2,474,7947
2013,October,29,3,17430,7948
2013,October,29,1,9331,7949
2013,October,29,2,8099,7950
2013,October,34,3,236,7951
2013,October,34,1,151,7952
2013,October,34,2,85,7953
2013,October,34,3,212,7954
2013,October,34,1,126,7955
2013,October,34,2,86,7956
2013,October,4,3,6406,7957
2013,October,4,1,3275,7958
2013,October,4,2,3131,7959
2013,October,19,3,1077,7960
2013,October,19,1,591,7961
2013,October,19,2,486,7962
2013,October,2,3,12585,7963
2013,October,2,1,6641,7964
2013,October,2,2,5944,7965
2013,October,5,3,4644,7966
2013,October,5,1,2386,7967
2013,October,5,2,2258,7968
2013,October,26,3,335,7969
2013,October,26,1,177,7970
2013,October,26,2,158,7971
2013,October,14,3,15626,7972
2013,October,14,1,7864,7973
2013,October,14,2,7762,7974
2013,October,30,3,151,7975
2013,October,30,1,80,7976
2013,October,30,2,70,7977
2013,October,37,3,400833,7978
2013,October,37,1,207761,7979
2013,October,37,2,193072,7980
2013,March,8,3,30328,7981
2013,March,8,1,15601,7982
2013,March,8,2,14727,7983
2013,March,12,3,3229,7984
2013,March,12,1,1714,7985
2013,March,12,2,1515,7986
2013,March,16,3,46565,7987
2013,March,16,1,24586,7988
2013,March,16,2,21979,7989
2013,March,28,3,1061,7990
2013,March,28,1,538,7991
2013,March,28,2,523,7992
2013,March,20,3,14472,7993
2013,March,20,1,7283,7994
2013,March,20,2,7189,7995
2013,March,13,3,36040,7996
2013,March,13,1,18020,7997
2013,March,13,2,18020,7998
2013,March,31,3,180,7999
2013,March,31,1,94,8000
2013,March,31,2,86,8001
2013,March,15,3,17826,8002
2013,March,15,1,9313,8003
2013,March,15,2,8513,8004
2013,March,17,3,10814,8005
2013,March,17,1,5767,8006
2013,March,17,2,5047,8007
2013,March,21,3,899,8008
2013,March,21,1,440,8009
2013,March,21,2,459,8010
2013,March,9,3,7288,8011
2013,March,9,1,3772,8012
2013,March,9,2,3516,8013
2013,March,27,3,639,8014
2013,March,27,1,335,8015
2013,March,27,2,304,8016
2013,March,18,3,590,8017
2013,March,18,1,295,8018
2013,March,18,2,295,8019
2013,March,22,3,611,8020
2013,March,22,1,305,8021
2013,March,22,2,306,8022
2013,March,6,3,868,8023
2013,March,6,1,428,8024
2013,March,6,2,440,8025
2013,March,1,3,52610,8026
2013,March,1,1,27646,8027
2013,March,1,2,24964,8028
2013,March,3,3,20929,8029
2013,March,3,1,10912,8030
2013,March,3,2,10017,8031
2013,March,36,3,54,8032
2013,March,36,1,28,8033
2013,March,36,2,26,8034
2013,March,35,3,67,8035
2013,March,35,1,44,8036
2013,March,35,2,23,8037
2013,March,7,3,17774,8038
2013,March,7,1,8500,8039
2013,March,7,2,9274,8040
2013,March,10,3,24708,8041
2013,March,10,1,12587,8042
2013,March,10,2,12121,8043
2013,March,24,3,8328,8044
2013,March,24,1,4360,8045
2013,March,24,2,3968,8046
2013,March,32,3,3504,8047
2013,March,32,1,1897,8048
2013,March,32,2,1607,8049
2013,March,23,3,704,8050
2013,March,23,1,380,8051
2013,March,23,2,324,8052
2013,March,25,3,9459,8053
2013,March,25,1,5050,8054
2013,March,25,2,4409,8055
2013,March,11,3,27207,8056
2013,March,11,1,14472,8057
2013,March,11,2,12735,8058
2013,March,33,3,955,8059
2013,March,33,1,488,8060
2013,March,33,2,467,8061
2013,March,29,3,17191,8062
2013,March,29,1,9203,8063
2013,March,29,2,7988,8064
2013,March,34,3,224,8065
2013,March,34,1,143,8066
2013,March,34,2,81,8067
2013,March,34,3,200,8068
2013,March,34,1,119,8069
2013,March,34,2,81,8070
2013,March,4,3,6299,8071
2013,March,4,1,3220,8072
2013,March,4,2,3079,8073
2013,March,19,3,1066,8074
2013,March,19,1,585,8075
2013,March,19,2,481,8076
2013,March,2,3,12397,8077
2013,March,2,1,6542,8078
2013,March,2,2,5855,8079
2013,March,5,3,4588,8080
2013,March,5,1,2358,8081
2013,March,5,2,2230,8082
2013,March,26,3,331,8083
2013,March,26,1,175,8084
2013,March,26,2,156,8085
2013,March,14,3,15393,8086
2013,March,14,1,7747,8087
2013,March,14,2,7646,8088
2013,March,30,3,149,8089
2013,March,30,1,80,8090
2013,March,30,2,69,8091
2013,March,37,3,395547,8092
2013,March,37,1,205027,8093
2013,March,37,2,190520,8094
2013,July,8,3,30537,8095
2013,July,8,1,15709,8096
2013,July,8,2,14829,8097
2013,July,12,3,3259,8098
2013,July,12,1,1730,8099
2013,July,12,2,1529,8100
2013,July,16,3,46914,8101
2013,July,16,1,24770,8102
2013,July,16,2,22144,8103
2013,July,28,3,1078,8104
2013,July,28,1,547,8105
2013,July,28,2,532,8106
2013,July,20,3,14472,8107
2013,July,20,1,7283,8108
2013,July,20,2,7189,8109
2013,July,13,3,36229,8110
2013,July,13,1,18115,8111
2013,July,13,2,18115,8112
2013,July,31,3,185,8113
2013,July,31,1,97,8114
2013,July,31,2,88,8115
2013,July,15,3,17957,8116
2013,July,15,1,9382,8117
2013,July,15,2,8575,8118
2013,July,17,3,10884,8119
2013,July,17,1,5805,8120
2013,July,17,2,5079,8121
2013,July,21,3,907,8122
2013,July,21,1,444,8123
2013,July,21,2,463,8124
2013,July,9,3,7336,8125
2013,July,9,1,3797,8126
2013,July,9,2,3539,8127
2013,July,27,3,651,8128
2013,July,27,1,341,8129
2013,July,27,2,310,8130
2013,July,18,3,593,8131
2013,July,18,1,297,8132
2013,July,18,2,296,8133
2013,July,22,3,614,8134
2013,July,22,1,307,8135
2013,July,22,2,307,8136
2013,July,6,3,874,8137
2013,July,6,1,431,8138
2013,July,6,2,442,8139
2013,July,1,3,52912,8140
2013,July,1,1,27804,8141
2013,July,1,2,25107,8142
2013,July,3,3,21073,8143
2013,July,3,1,10987,8144
2013,July,3,2,10086,8145
2013,July,36,3,55,8146
2013,July,36,1,28,8147
2013,July,36,2,27,8148
2013,July,35,3,68,8149
2013,July,35,1,44,8150
2013,July,35,2,23,8151
2013,July,7,3,18086,8152
2013,July,7,1,8649,8153
2013,July,7,2,9436,8154
2013,July,10,3,24891,8155
2013,July,10,1,12680,8156
2013,July,10,2,12211,8157
2013,July,24,3,8395,8158
2013,July,24,1,4395,8159
2013,July,24,2,4000,8160
2013,July,32,3,3526,8161
2013,July,32,1,1909,8162
2013,July,32,2,1617,8163
2013,July,23,3,706,8164
2013,July,23,1,381,8165
2013,July,23,2,325,8166
2013,July,25,3,9564,8167
2013,July,25,1,5106,8168
2013,July,25,2,4458,8169
2013,July,11,3,27454,8170
2013,July,11,1,14603,8171
2013,July,11,2,12851,8172
2013,July,33,3,963,8173
2013,July,33,1,493,8174
2013,July,33,2,471,8175
2013,July,29,3,17328,8176
2013,July,29,1,9276,8177
2013,July,29,2,8052,8178
2013,July,34,3,231,8179
2013,July,34,1,148,8180
2013,July,34,2,83,8181
2013,July,34,3,207,8182
2013,July,34,1,123,8183
2013,July,34,2,84,8184
2013,July,4,3,6360,8185
2013,July,4,1,3252,8186
2013,July,4,2,3109,8187
2013,July,19,3,1072,8188
2013,July,19,1,589,8189
2013,July,19,2,484,8190
2013,July,2,3,12505,8191
2013,July,2,1,6599,8192
2013,July,2,2,5906,8193
2013,July,5,3,4620,8194
2013,July,5,1,2374,8195
2013,July,5,2,2246,8196
2013,July,26,3,333,8197
2013,July,26,1,176,8198
2013,July,26,2,157,8199
2013,July,14,3,15526,8200
2013,July,14,1,7814,8201
2013,July,14,2,7712,8202
2013,July,30,3,150,8203
2013,July,30,1,80,8204
2013,July,30,2,70,8205
2013,July,37,3,398517,8206
2013,July,37,1,206565,8207
2013,July,37,2,191952,8208
2012,October,8,3,30069,8209
2012,October,8,1,15468,8210
2012,October,8,2,14602,8211
2012,October,12,3,3191,8212
2012,October,12,1,1694,8213
2012,October,12,2,1497,8214
2012,October,16,3,46132,8215
2012,October,16,1,24357,8216
2012,October,16,2,21775,8217
2012,October,28,3,1040,8218
2012,October,28,1,527,8219
2012,October,28,2,513,8220
2012,October,20,3,14192,8221
2012,October,20,1,7142,8222
2012,October,20,2,7050,8223
2012,October,13,3,35805,8224
2012,October,13,1,17903,8225
2012,October,13,2,17903,8226
2012,October,31,3,175,8227
2012,October,31,1,91,8228
2012,October,31,2,83,8229
2012,October,15,3,17664,8230
2012,October,15,1,9229,8231
2012,October,15,2,8435,8232
2012,October,17,3,10727,8233
2012,October,17,1,5721,8234
2012,October,17,2,5006,8235
2012,October,21,3,889,8236
2012,October,21,1,436,8237
2012,October,21,2,454,8238
2012,October,9,3,7228,8239
2012,October,9,1,3741,8240
2012,October,9,2,3487,8241
2012,October,27,3,624,8242
2012,October,27,1,327,8243
2012,October,27,2,297,8244
2012,October,18,3,586,8245
2012,October,18,1,293,8246
2012,October,18,2,293,8247
2012,October,22,3,608,8248
2012,October,22,1,304,8249
2012,October,22,2,304,8250
2012,October,6,3,861,8251
2012,October,6,1,425,8252
2012,October,6,2,436,8253
2012,October,1,3,52235,8254
2012,October,1,1,27449,8255
2012,October,1,2,24786,8256
2012,October,3,3,20749,8257
2012,October,3,1,10818,8258
2012,October,3,2,9931,8259
2012,October,36,3,53,8260
2012,October,36,1,27,8261
2012,October,36,2,26,8262
2012,October,35,3,66,8263
2012,October,35,1,43,8264
2012,October,35,2,23,8265
2012,October,7,3,17389,8266
2012,October,7,1,8316,8267
2012,October,7,2,9073,8268
2012,October,10,3,24481,8269
2012,October,10,1,12471,8270
2012,October,10,2,12010,8271
2012,October,24,3,8246,8272
2012,October,24,1,4317,8273
2012,October,24,2,3928,8274
2012,October,32,3,3476,8275
2012,October,32,1,1882,8276
2012,October,32,2,1594,8277
2012,October,23,3,701,8278
2012,October,23,1,378,8279
2012,October,23,2,323,8280
2012,October,25,3,9329,8281
2012,October,25,1,4981,8282
2012,October,25,2,4348,8283
2012,October,11,3,26901,8284
2012,October,11,1,14309,8285
2012,October,11,2,12592,8286
2012,October,33,3,945,8287
2012,October,33,1,483,8288
2012,October,33,2,462,8289
2012,October,29,3,17020,8290
2012,October,29,1,9111,8291
2012,October,29,2,7909,8292
2012,October,34,3,215,8293
2012,October,34,1,136,8294
2012,October,34,2,79,8295
2012,October,34,3,192,8296
2012,October,34,1,114,8297
2012,October,34,2,78,8298
2012,October,4,3,6223,8299
2012,October,4,1,3182,8300
2012,October,4,2,3042,8301
2012,October,19,3,1058,8302
2012,October,19,1,580,8303
2012,October,19,2,477,8304
2012,October,2,3,12263,8305
2012,October,2,1,6471,8306
2012,October,2,2,5792,8307
2012,October,5,3,4548,8308
2012,October,5,1,2337,8309
2012,October,5,2,2211,8310
2012,October,26,3,328,8311
2012,October,26,1,174,8312
2012,October,26,2,154,8313
2012,October,14,3,15229,8314
2012,October,14,1,7664,8315
2012,October,14,2,7565,8316
2012,October,30,3,148,8317
2012,October,30,1,79,8318
2012,October,30,2,69,8319
2012,October,37,3,391587,8320
2012,October,37,1,202980,8321
2012,October,37,2,188607,8322
2012,March,8,3,29707,8323
2012,March,8,1,15281,8324
2012,March,8,2,14426,8325
2012,March,12,3,3138,8326
2012,March,12,1,1666,8327
2012,March,12,2,1472,8328
2012,March,16,3,45526,8329
2012,March,16,1,24037,8330
2012,March,16,2,21489,8331
2012,March,28,3,1011,8332
2012,March,28,1,512,8333
2012,March,28,2,499,8334
2012,March,20,3,14099,8335
2012,March,20,1,7096,8336
2012,March,20,2,7003,8337
2012,March,13,3,35476,8338
2012,March,13,1,17738,8339
2012,March,13,2,17738,8340
2012,March,31,3,167,8341
2012,March,31,1,87,8342
2012,March,31,2,80,8343
2012,March,15,3,17436,8344
2012,March,15,1,9110,8345
2012,March,15,2,8326,8346
2012,March,17,3,10606,8347
2012,March,17,1,5657,8348
2012,March,17,2,4949,8349
2012,March,21,3,876,8350
2012,March,21,1,429,8351
2012,March,21,2,447,8352
2012,March,9,3,7145,8353
2012,March,9,1,3698,8354
2012,March,9,2,3447,8355
2012,March,27,3,604,8356
2012,March,27,1,317,8357
2012,March,27,2,287,8358
2012,March,18,3,581,8359
2012,March,18,1,291,8360
2012,March,18,2,290,8361
2012,March,22,3,603,8362
2012,March,22,1,301,8363
2012,March,22,2,302,8364
2012,March,6,3,851,8365
2012,March,6,1,420,8366
2012,March,6,2,431,8367
2012,March,1,3,51711,8368
2012,March,1,1,27173,8369
2012,March,1,2,24538,8370
2012,March,3,3,20498,8371
2012,March,3,1,10687,8372
2012,March,3,2,9811,8373
2012,March,36,3,52,8374
2012,March,36,1,27,8375
2012,March,36,2,25,8376
2012,March,35,3,64,8377
2012,March,35,1,42,8378
2012,March,35,2,22,8379
2012,March,7,3,16849,8380
2012,March,7,1,8058,8381
2012,March,7,2,8791,8382
2012,March,10,3,24164,8383
2012,March,10,1,12310,8384
2012,March,10,2,11854,8385
2012,March,24,3,8130,8386
2012,March,24,1,4257,8387
2012,March,24,2,3873,8388
2012,March,32,3,3437,8389
2012,March,32,1,1861,8390
2012,March,32,2,1576,8391
2012,March,23,3,696,8392
2012,March,23,1,376,8393
2012,March,23,2,320,8394
2012,March,25,3,9148,8395
2012,March,25,1,4884,8396
2012,March,25,2,4264,8397
2012,March,11,3,26472,8398
2012,March,11,1,14081,8399
2012,March,11,2,12391,8400
2012,March,33,3,931,8401
2012,March,33,1,476,8402
2012,March,33,2,455,8403
2012,March,29,3,16781,8404
2012,March,29,1,8983,8405
2012,March,29,2,7798,8406
2012,March,34,3,203,8407
2012,March,34,1,127,8408
2012,March,34,2,76,8409
2012,March,34,3,180,8410
2012,March,34,1,107,8411
2012,March,34,2,73,8412
2012,March,4,3,6117,8413
2012,March,4,1,3127,8414
2012,March,4,2,2990,8415
2012,March,19,3,1046,8416
2012,March,19,1,574,8417
2012,March,19,2,472,8418
2012,March,2,3,12076,8419
2012,March,2,1,6373,8420
2012,March,2,2,5703,8421
2012,March,5,3,4493,8422
2012,March,5,1,2309,8423
2012,March,5,2,2184,8424
2012,March,26,3,324,8425
2012,March,26,1,171,8426
2012,March,26,2,153,8427
2012,March,14,3,14999,8428
2012,March,14,1,7549,8429
2012,March,14,2,7450,8430
2012,March,30,3,146,8431
2012,March,30,1,78,8432
2012,March,30,2,68,8433
2012,March,37,3,386343,8434
2012,March,37,1,200270,8435
2012,March,37,2,186073,8436
2012,July,8,3,29914,8437
2012,July,8,1,15388,8438
2012,July,8,2,14526,8439
2012,July,12,3,3168,8440
2012,July,12,1,1682,8441
2012,July,12,2,1487,8442
2012,July,16,3,45872,8443
2012,July,16,1,24220,8444
2012,July,16,2,21653,8445
2012,July,28,3,1028,8446
2012,July,28,1,521,8447
2012,July,28,2,507,8448
2012,July,20,3,14099,8449
2012,July,20,1,7096,8450
2012,July,20,2,7003,8451
2012,July,13,3,35664,8452
2012,July,13,1,17832,8453
2012,July,13,2,17832,8454
2012,July,31,3,171,8455
2012,July,31,1,90,8456
2012,July,31,2,82,8457
2012,July,15,3,17566,8458
2012,July,15,1,9178,8459
2012,July,15,2,8388,8460
2012,July,17,3,10675,8461
2012,July,17,1,5694,8462
2012,July,17,2,4982,8463
2012,July,21,3,884,8464
2012,July,21,1,433,8465
2012,July,21,2,451,8466
2012,July,9,3,7193,8467
2012,July,9,1,3723,8468
2012,July,9,2,3470,8469
2012,July,27,3,616,8470
2012,July,27,1,323,8471
2012,July,27,2,293,8472
2012,July,18,3,584,8473
2012,July,18,1,292,8474
2012,July,18,2,292,8475
2012,July,22,3,606,8476
2012,July,22,1,303,8477
2012,July,22,2,303,8478
2012,July,6,3,857,8479
2012,July,6,1,423,8480
2012,July,6,2,434,8481
2012,July,1,3,52011,8482
2012,July,1,1,27331,8483
2012,July,1,2,24680,8484
2012,July,3,3,20642,8485
2012,July,3,1,10762,8486
2012,July,3,2,9880,8487
2012,July,36,3,53,8488
2012,July,36,1,27,8489
2012,July,36,2,26,8490
2012,July,35,3,65,8491
2012,July,35,1,43,8492
2012,July,35,2,22,8493
2012,July,7,3,17157,8494
2012,July,7,1,8205,8495
2012,July,7,2,8952,8496
2012,July,10,3,24345,8497
2012,July,10,1,12402,8498
2012,July,10,2,11943,8499
2012,July,24,3,8196,8500
2012,July,24,1,4291,8501
2012,July,24,2,3905,8502
2012,July,32,3,3459,8503
2012,July,32,1,1873,8504
2012,July,32,2,1586,8505
2012,July,23,3,699,8506
2012,July,23,1,377,8507
2012,July,23,2,322,8508
2012,July,25,3,9252,8509
2012,July,25,1,4939,8510
2012,July,25,2,4312,8511
2012,July,11,3,26717,8512
2012,July,11,1,14211,8513
2012,July,11,2,12506,8514
2012,July,33,3,939,8515
2012,July,33,1,480,8516
2012,July,33,2,459,8517
2012,July,29,3,16918,8518
2012,July,29,1,9057,8519
2012,July,29,2,7861,8520
2012,July,34,3,210,8521
2012,July,34,1,133,8522
2012,July,34,2,77,8523
2012,July,34,3,187,8524
2012,July,34,1,111,8525
2012,July,34,2,76,8526
2012,July,4,3,6178,8527
2012,July,4,1,3158,8528
2012,July,4,2,3019,8529
2012,July,19,3,1053,8530
2012,July,19,1,578,8531
2012,July,19,2,475,8532
2012,July,2,3,12183,8533
2012,July,2,1,6429,8534
2012,July,2,2,5754,8535
2012,July,5,3,4525,8536
2012,July,5,1,2325,8537
2012,July,5,2,2200,8538
2012,July,26,3,326,8539
2012,July,26,1,173,8540
2012,July,26,2,154,8541
2012,July,14,3,15130,8542
2012,July,14,1,7615,8543
2012,July,14,2,7516,8544
2012,July,30,3,147,8545
2012,July,30,1,78,8546
2012,July,30,2,69,8547
2012,July,37,3,389293,8548
2012,July,37,1,201796,8549
2012,July,37,2,187497,8550
2011,October,8,3,29451,8551
2011,October,8,1,15150,8552
2011,October,8,2,14301,8553
2011,October,12,3,3101,8554
2011,October,12,1,1646,8555
2011,October,12,2,1455,8556
2011,October,16,3,45096,8557
2011,October,16,1,23810,8558
2011,October,16,2,21286,8559
2011,October,28,3,990,8560
2011,October,28,1,502,8561
2011,October,28,2,488,8562
2011,October,20,3,13823,8563
2011,October,20,1,6956,8564
2011,October,20,2,6866,8565
2011,October,13,3,35243,8566
2011,October,13,1,17622,8567
2011,October,13,2,17622,8568
2011,October,31,3,162,8569
2011,October,31,1,84,8570
2011,October,31,2,77,8571
2011,October,15,3,17274,8572
2011,October,15,1,9025,8573
2011,October,15,2,8249,8574
2011,October,17,3,10520,8575
2011,October,17,1,5611,8576
2011,October,17,2,4909,8577
2011,October,21,3,866,8578
2011,October,21,1,424,8579
2011,October,21,2,442,8580
2011,October,9,3,7086,8581
2011,October,9,1,3668,8582
2011,October,9,2,3418,8583
2011,October,27,3,590,8584
2011,October,27,1,309,8585
2011,October,27,2,281,8586
2011,October,18,3,577,8587
2011,October,18,1,289,8588
2011,October,18,2,288,8589
2011,October,22,3,600,8590
2011,October,22,1,300,8591
2011,October,22,2,300,8592
2011,October,6,3,844,8593
2011,October,6,1,417,8594
2011,October,6,2,427,8595
2011,October,1,3,51339,8596
2011,October,1,1,26978,8597
2011,October,1,2,24361,8598
2011,October,3,3,20319,8599
2011,October,3,1,10594,8600
2011,October,3,2,9725,8601
2011,October,36,3,51,8602
2011,October,36,1,26,8603
2011,October,36,2,25,8604
2011,October,35,3,63,8605
2011,October,35,1,41,8606
2011,October,35,2,22,8607
2011,October,7,3,16468,8608
2011,October,7,1,7876,8609
2011,October,7,2,8592,8610
2011,October,10,3,23940,8611
2011,October,10,1,12196,8612
2011,October,10,2,11744,8613
2011,October,24,3,8048,8614
2011,October,24,1,4214,8615
2011,October,24,2,3834,8616
2011,October,32,3,3410,8617
2011,October,32,1,1846,8618
2011,October,32,2,1564,8619
2011,October,23,3,693,8620
2011,October,23,1,374,8621
2011,October,23,2,319,8622
2011,October,25,3,9021,8623
2011,October,25,1,4816,8624
2011,October,25,2,4204,8625
2011,October,11,3,26169,8626
2011,October,11,1,13920,8627
2011,October,11,2,12249,8628
2011,October,33,3,921,8629
2011,October,33,1,471,8630
2011,October,33,2,450,8631
2011,October,29,3,16609,8632
2011,October,29,1,8892,8633
2011,October,29,2,7718,8634
2011,October,34,3,195,8635
2011,October,34,1,121,8636
2011,October,34,2,73,8637
2011,October,34,3,172,8638
2011,October,34,1,102,8639
2011,October,34,2,70,8640
2011,October,4,3,6042,8641
2011,October,4,1,3089,8642
2011,October,4,2,2953,8643
2011,October,19,3,1038,8644
2011,October,19,1,570,8645
2011,October,19,2,468,8646
2011,October,2,3,11944,8647
2011,October,2,1,6303,8648
2011,October,2,2,5641,8649
2011,October,5,3,4454,8650
2011,October,5,1,2289,8651
2011,October,5,2,2165,8652
2011,October,26,3,321,8653
2011,October,26,1,170,8654
2011,October,26,2,151,8655
2011,October,14,3,14837,8656
2011,October,14,1,7467,8657
2011,October,14,2,7370,8658
2011,October,30,3,145,8659
2011,October,30,1,77,8660
2011,October,30,2,68,8661
2011,October,37,3,382420,8662
2011,October,37,1,198245,8663
2011,October,37,2,184175,8664
2011,March,8,3,29093,8665
2011,March,8,1,14966,8666
2011,March,8,2,14127,8667
2011,March,12,3,3049,8668
2011,March,12,1,1618,8669
2011,March,12,2,1431,8670
2011,March,16,3,44495,8671
2011,March,16,1,23493,8672
2011,March,16,2,21002,8673
2011,March,28,3,961,8674
2011,March,28,1,487,8675
2011,March,28,2,474,8676
2011,March,20,3,13731,8677
2011,March,20,1,6910,8678
2011,March,20,2,6821,8679
2011,March,13,3,34917,8680
2011,March,13,1,17459,8681
2011,March,13,2,17459,8682
2011,March,31,3,154,8683
2011,March,31,1,81,8684
2011,March,31,2,73,8685
2011,March,15,3,17048,8686
2011,March,15,1,8907,8687
2011,March,15,2,8141,8688
2011,March,17,3,10399,8689
2011,March,17,1,5546,8690
2011,March,17,2,4853,8691
2011,March,21,3,853,8692
2011,March,21,1,418,8693
2011,March,21,2,435,8694
2011,March,9,3,7004,8695
2011,March,9,1,3625,8696
2011,March,9,2,3379,8697
2011,March,27,3,571,8698
2011,March,27,1,299,8699
2011,March,27,2,272,8700
2011,March,18,3,572,8701
2011,March,18,1,286,8702
2011,March,18,2,286,8703
2011,March,22,3,595,8704
2011,March,22,1,297,8705
2011,March,22,2,298,8706
2011,March,6,3,834,8707
2011,March,6,1,412,8708
2011,March,6,2,422,8709
2011,March,1,3,50818,8710
2011,March,1,1,26704,8711
2011,March,1,2,24114,8712
2011,March,3,3,20069,8713
2011,March,3,1,10464,8714
2011,March,3,2,9605,8715
2011,March,36,3,50,8716
2011,March,36,1,26,8717
2011,March,36,2,24,8718
2011,March,35,3,62,8719
2011,March,35,1,41,8720
2011,March,35,2,21,8721
2011,March,7,3,15935,8722
2011,March,7,1,7621,8723
2011,March,7,2,8314,8724
2011,March,10,3,23626,8725
2011,March,10,1,12036,8726
2011,March,10,2,11590,8727
2011,March,24,3,7933,8728
2011,March,24,1,4153,8729
2011,March,24,2,3780,8730
2011,March,32,3,3371,8731
2011,March,32,1,1825,8732
2011,March,32,2,1546,8733
2011,March,23,3,689,8734
2011,March,23,1,372,8735
2011,March,23,2,317,8736
2011,March,25,3,8842,8737
2011,March,25,1,4721,8738
2011,March,25,2,4121,8739
2011,March,11,3,25745,8740
2011,March,11,1,13694,8741
2011,March,11,2,12051,8742
2011,March,33,3,907,8743
2011,March,33,1,464,8744
2011,March,33,2,443,8745
2011,March,29,3,16369,8746
2011,March,29,1,8763,8747
2011,March,29,2,7606,8748
2011,March,34,3,183,8749
2011,March,34,1,113,8750
2011,March,34,2,70,8751
2011,March,34,3,161,8752
2011,March,34,1,96,8753
2011,March,34,2,65,8754
2011,March,4,3,5937,8755
2011,March,4,1,3035,8756
2011,March,4,2,2902,8757
2011,March,19,3,1026,8758
2011,March,19,1,563,8759
2011,March,19,2,463,8760
2011,March,2,3,11758,8761
2011,March,2,1,6205,8762
2011,March,2,2,5553,8763
2011,March,5,3,4399,8764
2011,March,5,1,2261,8765
2011,March,5,2,2138,8766
2011,March,26,3,317,8767
2011,March,26,1,168,8768
2011,March,26,2,149,8769
2011,March,14,3,14610,8770
2011,March,14,1,7353,8771
2011,March,14,2,7257,8772
2011,March,30,3,143,8773
2011,March,30,1,76,8774
2011,March,30,2,67,8775
2011,March,37,3,377106,8776
2011,March,37,1,195493,8777
2011,March,37,2,181613,8778
2011,July,8,3,29298,8779
2011,July,8,1,15071,8780
2011,July,8,2,14227,8781
2011,July,12,3,3079,8782
2011,July,12,1,1634,8783
2011,July,12,2,1445,8784
2011,July,16,3,44839,8785
2011,July,16,1,23674,8786
2011,July,16,2,21165,8787
2011,July,28,3,978,8788
2011,July,28,1,496,8789
2011,July,28,2,482,8790
2011,July,20,3,13731,8791
2011,July,20,1,6910,8792
2011,July,20,2,6821,8793
2011,July,13,3,35103,8794
2011,July,13,1,17552,8795
2011,July,13,2,17552,8796
2011,July,31,3,158,8797
2011,July,31,1,83,8798
2011,July,31,2,76,8799
2011,July,15,3,17177,8800
2011,July,15,1,8975,8801
2011,July,15,2,8203,8802
2011,July,17,3,10468,8803
2011,July,17,1,5583,8804
2011,July,17,2,4885,8805
2011,July,21,3,861,8806
2011,July,21,1,421,8807
2011,July,21,2,439,8808
2011,July,9,3,7051,8809
2011,July,9,1,3650,8810
2011,July,9,2,3401,8811
2011,July,27,3,582,8812
2011,July,27,1,305,8813
2011,July,27,2,277,8814
2011,July,18,3,575,8815
2011,July,18,1,288,8816
2011,July,18,2,287,8817
2011,July,22,3,598,8818
2011,July,22,1,299,8819
2011,July,22,2,299,8820
2011,July,6,3,840,8821
2011,July,6,1,414,8822
2011,July,6,2,425,8823
2011,July,1,3,51116,8824
2011,July,1,1,26861,8825
2011,July,1,2,24255,8826
2011,July,3,3,20212,8827
2011,July,3,1,10538,8828
2011,July,3,2,9674,8829
2011,July,36,3,51,8830
2011,July,36,1,26,8831
2011,July,36,2,25,8832
2011,July,35,3,63,8833
2011,July,35,1,41,8834
2011,July,35,2,22,8835
2011,July,7,3,16240,8836
2011,July,7,1,7766,8837
2011,July,7,2,8473,8838
2011,July,10,3,23805,8839
2011,July,10,1,12127,8840
2011,July,10,2,11678,8841
2011,July,24,3,7999,8842
2011,July,24,1,4188,8843
2011,July,24,2,3811,8844
2011,July,32,3,3393,8845
2011,July,32,1,1837,8846
2011,July,32,2,1556,8847
2011,July,23,3,691,8848
2011,July,23,1,373,8849
2011,July,23,2,318,8850
2011,July,25,3,8944,8851
2011,July,25,1,4775,8852
2011,July,25,2,4169,8853
2011,July,11,3,25987,8854
2011,July,11,1,13823,8855
2011,July,11,2,12164,8856
2011,July,33,3,915,8857
2011,July,33,1,468,8858
2011,July,33,2,447,8859
2011,July,29,3,16506,8860
2011,July,29,1,8836,8861
2011,July,29,2,7670,8862
2011,July,34,3,190,8863
2011,July,34,1,118,8864
2011,July,34,2,72,8865
2011,July,34,3,167,8866
2011,July,34,1,99,8867
2011,July,34,2,68,8868
2011,July,4,3,5997,8869
2011,July,4,1,3066,8870
2011,July,4,2,2931,8871
2011,July,19,3,1033,8872
2011,July,19,1,567,8873
2011,July,19,2,466,8874
2011,July,2,3,11864,8875
2011,July,2,1,6261,8876
2011,July,2,2,5603,8877
2011,July,5,3,4430,8878
2011,July,5,1,2277,8879
2011,July,5,2,2154,8880
2011,July,26,3,319,8881
2011,July,26,1,169,8882
2011,July,26,2,150,8883
2011,July,14,3,14740,8884
2011,July,14,1,7418,8885
2011,July,14,2,7322,8886
2011,July,30,3,144,8887
2011,July,30,1,77,8888
2011,July,30,2,67,8889
2011,July,37,3,380145,8890
2011,July,37,1,197066,8891
2011,July,37,2,183079,8892
